{"Mean":{"confidence_interval":{"confidence_level":0.95,"lower_bound":8339232.024460614,"upper_bound":8355126.736134101},"point_estimate":8346706.307765059,"standard_error":4041.888560635619},"Median":{"confidence_interval":{"confidence_level":0.95,"lower_bound":8321213.958762887,"upper_bound":8363273.720833333},"point_estimate":8329513.849187132,"standard_error":15931.743908212113},"MedianAbsDev":{"confidence_interval":{"confidence_level":0.95,"lower_bound":16626.413005311497,"upper_bound":56294.825476645325},"point_estimate":32224.869781944482,"standard_error":12066.338047798712},"Slope":{"confidence_interval":{"confidence_level":0.95,"lower_bound":8319982.106917305,"upper_bound":8325753.645331764},"point_estimate":8322576.474248559,"standard_error":1473.9322575640958},"StdDev":{"confidence_interval":{"confidence_level":0.95,"lower_bound":29250.003160244763,"upper_bound":54566.15686089148},"point_estimate":40580.198667438824,"standard_error":7460.424447308396}}