{"Mean":{"confidence_interval":{"confidence_level":0.95,"lower_bound":8316246.489744378,"upper_bound":8326097.475055093},"point_estimate":8320162.406693978,"standard_error":2595.120733966151},"Median":{"confidence_interval":{"confidence_level":0.95,"lower_bound":8314329.5,"upper_bound":8316038.233333333},"point_estimate":8315275.350694444,"standard_error":449.271722115345},"MedianAbsDev":{"confidence_interval":{"confidence_level":0.95,"lower_bound":2810.748851146628,"upper_bound":4992.483320405888},"point_estimate":3847.8707140804545,"standard_error":547.0626461691211},"Slope":{"confidence_interval":{"confidence_level":0.95,"lower_bound":8314509.2576848725,"upper_bound":8321442.919006034},"point_estimate":8317313.784592877,"standard_error":1828.1642578455928},"StdDev":{"confidence_interval":{"confidence_level":0.95,"lower_bound":6363.588809731449,"upper_bound":42670.89813261088},"point_estimate":26121.110467355673,"standard_error":10996.09310645644}}