{"Mean":{"confidence_interval":{"confidence_level":0.95,"lower_bound":10189.308287693266,"upper_bound":10220.37312703219},"point_estimate":10200.251003942556,"standard_error":9.31032279015153},"Median":{"confidence_interval":{"confidence_level":0.95,"lower_bound":10187.166899703661,"upper_bound":10189.75015341188},"point_estimate":10187.603395694285,"standard_error":0.7092563854287155},"MedianAbsDev":{"confidence_interval":{"confidence_level":0.95,"lower_bound":2.7915746594720505,"upper_bound":5.6840022523777645},"point_estimate":4.1384006410906435,"standard_error":0.7659466629997057},"Slope":{"confidence_interval":{"confidence_level":0.95,"lower_bound":10187.928258350086,"upper_bound":10190.03582809868},"point_estimate":10188.935552796394,"standard_error":0.5388096565346712},"StdDev":{"confidence_interval":{"confidence_level":0.95,"lower_bound":6.018183418141556,"upper_bound":159.57641552500834},"point_estimate":93.50894511450336,"standard_error":53.37884320309915}}