{"Mean":{"confidence_interval":{"confidence_level":0.95,"lower_bound":1625.5892973502764,"upper_bound":1625.8765756280372},"point_estimate":1625.7078311132725,"standard_error":0.07504450642957472},"Median":{"confidence_interval":{"confidence_level":0.95,"lower_bound":1625.5704614333335,"upper_bound":1625.601565087895},"point_estimate":1625.582414422604,"standard_error":0.008320957452073924},"MedianAbsDev":{"confidence_interval":{"confidence_level":0.95,"lower_bound":0.08851083586728362,"upper_bound":0.14344217653188326},"point_estimate":0.11895946898576439,"standard_error":0.01353887570790558},"Slope":{"confidence_interval":{"confidence_level":0.95,"lower_bound":1625.5730357573423,"upper_bound":1625.623269492085},"point_estimate":1625.5958965354664,"standard_error":0.012730406765888923},"StdDev":{"confidence_interval":{"confidence_level":0.95,"lower_bound":0.21358925526875228,"upper_bound":1.2116894724203016},"point_estimate":0.7523154679322295,"standard_error":0.2907297505845972}}