{"Mean":{"confidence_interval":{"confidence_level":0.95,"lower_bound":1646.2139172035102,"upper_bound":1664.99122497076},"point_estimate":1652.5030036079208,"standard_error":6.174431493776431},"Median":{"confidence_interval":{"confidence_level":0.95,"lower_bound":1646.1414474427645,"upper_bound":1646.3217357666226},"point_estimate":1646.2364727867891,"standard_error":0.04598824533346381},"MedianAbsDev":{"confidence_interval":{"confidence_level":0.95,"lower_bound":0.21467316969133943,"upper_bound":0.32669594947159175},"point_estimate":0.2693968087933451,"standard_error":0.029646555487193423},"Slope":{"confidence_interval":{"confidence_level":0.95,"lower_bound":1646.2173279897092,"upper_bound":1646.496426533377},"point_estimate":1646.3259023343203,"standard_error":0.075555408900832},"StdDev":{"confidence_interval":{"confidence_level":0.95,"lower_bound":0.3738907019612512,"upper_bound":106.53718972476398},"point_estimate":62.13552840419419,"standard_error":38.8035137837059}}