{"Mean":{"confidence_interval":{"confidence_level":0.95,"lower_bound":51551182.57511441,"upper_bound":52273527.21011},"point_estimate":51909366.04653114,"standard_error":184882.3089283344},"Median":{"confidence_interval":{"confidence_level":0.95,"lower_bound":50235244.63333333,"upper_bound":51342066.03448276},"point_estimate":51301984.525602415,"standard_error":395698.58871984185},"MedianAbsDev":{"confidence_interval":{"confidence_level":0.95,"lower_bound":151725.36021948993,"upper_bound":1802311.1307875724},"point_estimate":1692967.3316404768,"standard_error":506061.13585240627},"Slope":{"confidence_interval":{"confidence_level":0.95,"lower_bound":51834122.68306226,"upper_bound":52698972.88511789},"point_estimate":52248017.6566514,"standard_error":220304.09496635906},"StdDev":{"confidence_interval":{"confidence_level":0.95,"lower_bound":1723226.9332943808,"upper_bound":1949189.0291811414},"point_estimate":1858756.8490682147,"standard_error":57618.322387494954}}