{"Mean":{"confidence_interval":{"confidence_level":0.95,"lower_bound":51112270.61911664,"upper_bound":51570899.339205354},"point_estimate":51337358.36505702,"standard_error":116815.32361931594},"Median":{"confidence_interval":{"confidence_level":0.95,"lower_bound":50729558.14285714,"upper_bound":51680271.54237288},"point_estimate":51467970.20761576,"standard_error":215151.23428929975},"MedianAbsDev":{"confidence_interval":{"confidence_level":0.95,"lower_bound":569847.8369331801,"upper_bound":2055090.957345547},"point_estimate":1668425.4963900184,"standard_error":436612.8493620417},"Slope":{"confidence_interval":{"confidence_level":0.95,"lower_bound":51791491.62639639,"upper_bound":52351884.84477891},"point_estimate":52074490.241661005,"standard_error":143388.23410090065},"StdDev":{"confidence_interval":{"confidence_level":0.95,"lower_bound":997838.9812773044,"upper_bound":1318614.2993694525},"point_estimate":1171652.705187414,"standard_error":81928.10725367456}}