{"Mean":{"confidence_interval":{"confidence_level":0.95,"lower_bound":2782.794926725999,"upper_bound":2783.024071329908},"point_estimate":2782.901203315929,"standard_error":0.05861936551899313},"Median":{"confidence_interval":{"confidence_level":0.95,"lower_bound":2782.77845505618,"upper_bound":2782.9256297571583},"point_estimate":2782.859701337057,"standard_error":0.03940516834565767},"MedianAbsDev":{"confidence_interval":{"confidence_level":0.95,"lower_bound":0.28553107747196305,"upper_bound":0.4419427142091771},"point_estimate":0.3640444178965812,"standard_error":0.040315354838104285},"Slope":{"confidence_interval":{"confidence_level":0.95,"lower_bound":2782.803659719655,"upper_bound":2783.0100529145857},"point_estimate":2782.891939235849,"standard_error":0.05330672624807288},"StdDev":{"confidence_interval":{"confidence_level":0.95,"lower_bound":0.3634570461312567,"upper_bound":0.8257595756645804},"point_estimate":0.590265293772204,"standard_error":0.12478806701522106}}