{"Mean":{"confidence_interval":{"confidence_level":0.95,"lower_bound":537729.5757940713,"upper_bound":538540.3061632547},"point_estimate":538034.8663333355,"standard_error":220.7991854582999},"Median":{"confidence_interval":{"confidence_level":0.95,"lower_bound":537628.0434782609,"upper_bound":537738.9226804124},"point_estimate":537677.5648496241,"standard_error":24.822315330521914},"MedianAbsDev":{"confidence_interval":{"confidence_level":0.95,"lower_bound":167.41876468941325,"upper_bound":280.288630151185},"point_estimate":217.32405686458534,"standard_error":26.600565691722753},"Slope":{"confidence_interval":{"confidence_level":0.95,"lower_bound":537637.7507560328,"upper_bound":537715.3454986669},"point_estimate":537675.6719476873,"standard_error":19.82614552749236},"StdDev":{"confidence_interval":{"confidence_level":0.95,"lower_bound":326.6904007032958,"upper_bound":3710.1044693069757},"point_estimate":2217.6517912166064,"standard_error":1080.961283764222}}