{"Mean":{"confidence_interval":{"confidence_level":0.95,"lower_bound":537913.2474429802,"upper_bound":538121.800633022},"point_estimate":538003.7280049861,"standard_error":53.68853675326216},"Median":{"confidence_interval":{"confidence_level":0.95,"lower_bound":537860.59,"upper_bound":537970.1388888889},"point_estimate":537914.9058988765,"standard_error":29.304998459483887},"MedianAbsDev":{"confidence_interval":{"confidence_level":0.95,"lower_bound":166.6603343263935,"upper_bound":295.90539740188177},"point_estimate":230.55058521683398,"standard_error":33.224123805383776},"Slope":{"confidence_interval":{"confidence_level":0.95,"lower_bound":537873.1032038139,"upper_bound":537978.6281597101},"point_estimate":537923.9248056746,"standard_error":26.98234613729578},"StdDev":{"confidence_interval":{"confidence_level":0.95,"lower_bound":270.25794471358233,"upper_bound":822.2440533331311},"point_estimate":540.7587791406762,"standard_error":168.22970146969513}}