{"Mean":{"confidence_interval":{"confidence_level":0.95,"lower_bound":1334.3276427172068,"upper_bound":1335.0742417347387},"point_estimate":1334.7281636734253,"standard_error":0.19076413524452915},"Median":{"confidence_interval":{"confidence_level":0.95,"lower_bound":1334.8919030338177,"upper_bound":1335.0521075273161},"point_estimate":1334.9555165003612,"standard_error":0.04150891915295533},"MedianAbsDev":{"confidence_interval":{"confidence_level":0.95,"lower_bound":0.27981817500509737,"upper_bound":0.46638517249180533},"point_estimate":0.3659730807043477,"standard_error":0.04774652056028302},"Slope":{"confidence_interval":{"confidence_level":0.95,"lower_bound":1334.6598385122466,"upper_bound":1335.1860779093886},"point_estimate":1334.952840516132,"standard_error":0.1345506622548807},"StdDev":{"confidence_interval":{"confidence_level":0.95,"lower_bound":1.0882880372645858,"upper_bound":2.5661710901931127},"point_estimate":1.9129411150414226,"standard_error":0.3721209903980492}}