{"Mean":{"confidence_interval":{"confidence_level":0.95,"lower_bound":1635.9859882949775,"upper_bound":1653.225799818284},"point_estimate":1641.7808209684722,"standard_error":5.645116746051746},"Median":{"confidence_interval":{"confidence_level":0.95,"lower_bound":1635.8963640747966,"upper_bound":1635.9567425922194},"point_estimate":1635.9259442913988,"standard_error":0.014696480849615268},"MedianAbsDev":{"confidence_interval":{"confidence_level":0.95,"lower_bound":0.0980440057172952,"upper_bound":0.18872551377329252},"point_estimate":0.13825527145567448,"standard_error":0.023412393714674972},"Slope":{"confidence_interval":{"confidence_level":0.95,"lower_bound":1635.9150493393095,"upper_bound":1636.1170515966655},"point_estimate":1635.9905457623104,"standard_error":0.054220812878081864},"StdDev":{"confidence_interval":{"confidence_level":0.95,"lower_bound":0.33800382388870653,"upper_bound":97.06700448121205},"point_estimate":56.61262870869782,"standard_error":35.18790639101817}}