{"Mean":{"confidence_interval":{"confidence_level":0.95,"lower_bound":416574.9714298866,"upper_bound":416746.2083895901},"point_estimate":416648.21112259134,"standard_error":44.12468675680884},"Median":{"confidence_interval":{"confidence_level":0.95,"lower_bound":416538.51428571425,"upper_bound":416638.4426229508},"point_estimate":416588.3938620903,"standard_error":24.053049995165647},"MedianAbsDev":{"confidence_interval":{"confidence_level":0.95,"lower_bound":133.9680851729138,"upper_bound":206.80881945791276},"point_estimate":167.9073621043819,"standard_error":18.668335757785513},"Slope":{"confidence_interval":{"confidence_level":0.95,"lower_bound":416533.23714180826,"upper_bound":416594.2721539703},"point_estimate":416562.76901926013,"standard_error":15.559918727143623},"StdDev":{"confidence_interval":{"confidence_level":0.95,"lower_bound":197.55362471643352,"upper_bound":694.9098663793657},"point_estimate":445.9418958301048,"standard_error":151.94993016500015}}