{"Mean":{"confidence_interval":{"confidence_level":0.95,"lower_bound":627110.2675546987,"upper_bound":634584.114965568},"point_estimate":629828.9381537609,"standard_error":2112.7677804411233},"Median":{"confidence_interval":{"confidence_level":0.95,"lower_bound":627034.9230769231,"upper_bound":627191.3828076685},"point_estimate":627122.5246575342,"standard_error":48.5246113970196},"MedianAbsDev":{"confidence_interval":{"confidence_level":0.95,"lower_bound":217.22359853783172,"upper_bound":368.98935240675536},"point_estimate":294.0144089634695,"standard_error":39.07172537525181},"Slope":{"confidence_interval":{"confidence_level":0.95,"lower_bound":627108.438715711,"upper_bound":628953.068934821},"point_estimate":627746.1898980346,"standard_error":507.5507080926919},"StdDev":{"confidence_interval":{"confidence_level":0.95,"lower_bound":531.8103403995507,"upper_bound":35802.62554443837},"point_estimate":21234.166314267546,"standard_error":11055.812287540532}}