{"Mean":{"confidence_interval":{"confidence_level":0.95,"lower_bound":15384.774237353464,"upper_bound":15391.318500308107},"point_estimate":15387.633712797224,"standard_error":1.6877416480149317},"Median":{"confidence_interval":{"confidence_level":0.95,"lower_bound":15382.481602822581,"upper_bound":15385.304248046876},"point_estimate":15384.426584483224,"standard_error":0.8839876645809537},"MedianAbsDev":{"confidence_interval":{"confidence_level":0.95,"lower_bound":3.8146265442184535,"upper_bound":6.591576094895258},"point_estimate":5.3026997183578555,"standard_error":0.7306126843361398},"Slope":{"confidence_interval":{"confidence_level":0.95,"lower_bound":15382.652820411447,"upper_bound":15385.119077568783},"point_estimate":15383.813031716418,"standard_error":0.6280545600521933},"StdDev":{"confidence_interval":{"confidence_level":0.95,"lower_bound":7.911394037439323,"upper_bound":25.542043193266572},"point_estimate":16.906826849543197,"standard_error":4.91931488051979}}