{"Mean":{"confidence_interval":{"confidence_level":0.95,"lower_bound":53066.4384085657,"upper_bound":53088.51417638759},"point_estimate":53076.19613208633,"standard_error":5.68971159736782},"Median":{"confidence_interval":{"confidence_level":0.95,"lower_bound":53061.05125552793,"upper_bound":53064.38866396761},"point_estimate":53062.687375301,"standard_error":0.8344686225419428},"MedianAbsDev":{"confidence_interval":{"confidence_level":0.95,"lower_bound":5.770063581773753,"upper_bound":9.873478325334762},"point_estimate":7.435426412701819,"standard_error":1.0385869623920894},"Slope":{"confidence_interval":{"confidence_level":0.95,"lower_bound":53061.19741102572,"upper_bound":53073.51890842168},"point_estimate":53065.52223079496,"standard_error":3.359057347077062},"StdDev":{"confidence_interval":{"confidence_level":0.95,"lower_bound":18.212924978685358,"upper_bound":83.43841309949144},"point_estimate":57.31492554184229,"standard_error":15.863412166720341}}