{"Mean":{"confidence_interval":{"confidence_level":0.95,"lower_bound":12723.1502357188,"upper_bound":12726.351033820612},"point_estimate":12724.570551454466,"standard_error":0.8252364924891034},"Median":{"confidence_interval":{"confidence_level":0.95,"lower_bound":12721.911170235708,"upper_bound":12722.44129554656},"point_estimate":12722.237799431154,"standard_error":0.15224654802097848},"MedianAbsDev":{"confidence_interval":{"confidence_level":0.95,"lower_bound":0.8410257176688607,"upper_bound":2.007803885944449},"point_estimate":1.3313770957133242,"standard_error":0.3133669160561712},"Slope":{"confidence_interval":{"confidence_level":0.95,"lower_bound":12722.505943571852,"upper_bound":12724.99411182397},"point_estimate":12723.49598579835,"standard_error":0.6513882921533086},"StdDev":{"confidence_interval":{"confidence_level":0.95,"lower_bound":3.7554289351120405,"upper_bound":12.22670107341078},"point_estimate":8.284533472445272,"standard_error":2.2213884720041803}}