{"Mean":{"confidence_interval":{"confidence_level":0.95,"lower_bound":26947.922306636843,"upper_bound":27074.98430777547},"point_estimate":26991.95744226825,"standard_error":39.357908597605004},"Median":{"confidence_interval":{"confidence_level":0.95,"lower_bound":26944.97873283119,"upper_bound":26949.23912047641},"point_estimate":26947.73581348751,"standard_error":1.1387745579937438},"MedianAbsDev":{"confidence_interval":{"confidence_level":0.95,"lower_bound":6.088819309246103,"upper_bound":17.323411714025486},"point_estimate":12.694796835255305,"standard_error":3.2834449807003767},"Slope":{"confidence_interval":{"confidence_level":0.95,"lower_bound":26939.463329583974,"upper_bound":26949.330515135134},"point_estimate":26943.35636231473,"standard_error":2.5955697763831997},"StdDev":{"confidence_interval":{"confidence_level":0.95,"lower_bound":17.866396368872007,"upper_bound":676.4852862662289},"point_estimate":395.3155222737399,"standard_error":233.65465483448298}}