{"Mean":{"confidence_interval":{"confidence_level":0.95,"lower_bound":63295.735696936325,"upper_bound":63356.35982312552},"point_estimate":63329.18560479591,"standard_error":15.483091055763966},"Median":{"confidence_interval":{"confidence_level":0.95,"lower_bound":63349.151807776165,"upper_bound":63360.95604582578},"point_estimate":63355.56432895128,"standard_error":3.2625934275533024},"MedianAbsDev":{"confidence_interval":{"confidence_level":0.95,"lower_bound":16.580622726706633,"upper_bound":26.757551157775758},"point_estimate":21.55539775894771,"standard_error":2.4597389966617653},"Slope":{"confidence_interval":{"confidence_level":0.95,"lower_bound":63231.99889133525,"upper_bound":63341.39167277332},"point_estimate":63291.688246268655,"standard_error":28.075202801049436},"StdDev":{"confidence_interval":{"confidence_level":0.95,"lower_bound":79.16488526508076,"upper_bound":214.62875526324095},"point_estimate":155.47659652290548,"standard_error":34.108177738676595}}