{"Mean":{"confidence_interval":{"confidence_level":0.95,"lower_bound":63222.8862158133,"upper_bound":63429.12135150122},"point_estimate":63309.88479568706,"standard_error":53.21762274550954},"Median":{"confidence_interval":{"confidence_level":0.95,"lower_bound":63327.1825,"upper_bound":63331.722391598916},"point_estimate":63329.85652862762,"standard_error":1.248718133928212},"MedianAbsDev":{"confidence_interval":{"confidence_level":0.95,"lower_bound":7.151709135001604,"upper_bound":15.05932719441327},"point_estimate":10.443048494628524,"standard_error":1.9681492964538043},"Slope":{"confidence_interval":{"confidence_level":0.95,"lower_bound":63203.607161803426,"upper_bound":63299.60865687105},"point_estimate":63256.67059923156,"standard_error":24.561370989931266},"StdDev":{"confidence_interval":{"confidence_level":0.95,"lower_bound":198.9696596221818,"upper_bound":859.8073230416512},"point_estimate":534.8591376179088,"standard_error":204.88690387214183}}