{"Mean":{"confidence_interval":{"confidence_level":0.95,"lower_bound":181035.68004261123,"upper_bound":181158.3475891169},"point_estimate":181088.3179069397,"standard_error":31.74371287557978},"Median":{"confidence_interval":{"confidence_level":0.95,"lower_bound":180993.78941798944,"upper_bound":181017.67816091955},"point_estimate":181007.6343854615,"standard_error":6.067356097945105},"MedianAbsDev":{"confidence_interval":{"confidence_level":0.95,"lower_bound":55.52969864255936,"upper_bound":108.22987993520216},"point_estimate":83.25658518272233,"standard_error":13.061475728937634},"Slope":{"confidence_interval":{"confidence_level":0.95,"lower_bound":180974.8840581357,"upper_bound":181008.320376452},"point_estimate":180990.60514211122,"standard_error":8.484063735237282},"StdDev":{"confidence_interval":{"confidence_level":0.95,"lower_bound":136.35845548214513,"upper_bound":494.16673529322975},"point_estimate":319.7681079943133,"standard_error":105.26115315369172}}