{"Mean":{"confidence_interval":{"confidence_level":0.95,"lower_bound":2117.185091295603,"upper_bound":2117.385411546382},"point_estimate":2117.289214278057,"standard_error":0.0508577494182422},"Median":{"confidence_interval":{"confidence_level":0.95,"lower_bound":2117.247546691991,"upper_bound":2117.327642825011},"point_estimate":2117.289563301282,"standard_error":0.02140229818607816},"MedianAbsDev":{"confidence_interval":{"confidence_level":0.95,"lower_bound":0.13232827151592302,"upper_bound":0.24936122255008625},"point_estimate":0.16877097926193876,"standard_error":0.030843831492867263},"Slope":{"confidence_interval":{"confidence_level":0.95,"lower_bound":2117.2647313323814,"upper_bound":2117.3472285139987},"point_estimate":2117.303941330413,"standard_error":0.021087571312678053},"StdDev":{"confidence_interval":{"confidence_level":0.95,"lower_bound":0.2801467618983658,"upper_bound":0.7049681917549772},"point_estimate":0.5112995649854926,"standard_error":0.10847675644343295}}