{"Mean":{"confidence_interval":{"confidence_level":0.95,"lower_bound":2127.6387811003005,"upper_bound":2128.5420750917783},"point_estimate":2128.036284860793,"standard_error":0.23244259210636964},"Median":{"confidence_interval":{"confidence_level":0.95,"lower_bound":2127.03321385902,"upper_bound":2128.073259412969},"point_estimate":2127.6989542785936,"standard_error":0.2721809694374198},"MedianAbsDev":{"confidence_interval":{"confidence_level":0.95,"lower_bound":0.9781510469468709,"upper_bound":1.7083116100285414},"point_estimate":1.3982517393644407,"standard_error":0.19079466127286826},"Slope":{"confidence_interval":{"confidence_level":0.95,"lower_bound":2127.7379377855755,"upper_bound":2128.128030155699},"point_estimate":2127.9347383110003,"standard_error":0.09955541688443711},"StdDev":{"confidence_interval":{"confidence_level":0.95,"lower_bound":1.2239914428960539,"upper_bound":3.499783364712584},"point_estimate":2.3347592404590998,"standard_error":0.6796765967796233}}