{"Mean":{"confidence_interval":{"confidence_level":0.95,"lower_bound":21315.765312751028,"upper_bound":21336.394249021057},"point_estimate":21324.652659819505,"standard_error":5.345278522718771},"Median":{"confidence_interval":{"confidence_level":0.95,"lower_bound":21308.33471717696,"upper_bound":21315.458899345336},"point_estimate":21311.38131849846,"standard_error":1.7092216771893383},"MedianAbsDev":{"confidence_interval":{"confidence_level":0.95,"lower_bound":7.391159645083622,"upper_bound":13.527795712784906},"point_estimate":10.033597010019367,"standard_error":1.6062573807327085},"Slope":{"confidence_interval":{"confidence_level":0.95,"lower_bound":21308.43173622263,"upper_bound":21312.993079981825},"point_estimate":21310.610436127765,"standard_error":1.168263848730724},"StdDev":{"confidence_interval":{"confidence_level":0.95,"lower_bound":17.628579687002116,"upper_bound":82.80631556213615},"point_estimate":53.686045377008135,"standard_error":16.83296357129978}}