{"Mean":{"confidence_interval":{"confidence_level":0.95,"lower_bound":21412.77110625185,"upper_bound":21428.48516324717},"point_estimate":21419.504534160573,"standard_error":4.048886539527894},"Median":{"confidence_interval":{"confidence_level":0.95,"lower_bound":21408.317375886523,"upper_bound":21418.6643321513},"point_estimate":21412.533555201575,"standard_error":2.873257524051563},"MedianAbsDev":{"confidence_interval":{"confidence_level":0.95,"lower_bound":13.684923414518966,"upper_bound":22.420742435021683},"point_estimate":16.784176084605562,"standard_error":2.3777830484625184},"Slope":{"confidence_interval":{"confidence_level":0.95,"lower_bound":21405.42116663245,"upper_bound":21411.452851397305},"point_estimate":21408.299126172384,"standard_error":1.5421454026024377},"StdDev":{"confidence_interval":{"confidence_level":0.95,"lower_bound":16.091465344546936,"upper_bound":63.28503337926006},"point_estimate":40.818448197517064,"standard_error":13.21818961893822}}