{"Mean":{"confidence_interval":{"confidence_level":0.95,"lower_bound":4151135.044798111,"upper_bound":4157164.3298550844},"point_estimate":4153366.800571944,"standard_error":1674.3598956935227},"Median":{"confidence_interval":{"confidence_level":0.95,"lower_bound":4150259.4287356324,"upper_bound":4151018.287048568},"point_estimate":4150755.8752741227,"standard_error":235.30938338332527},"MedianAbsDev":{"confidence_interval":{"confidence_level":0.95,"lower_bound":1216.8702676271594,"upper_bound":2156.89126489499},"point_estimate":1826.6710490970827,"standard_error":245.92846191457684},"Slope":{"confidence_interval":{"confidence_level":0.95,"lower_bound":4150143.320561042,"upper_bound":4150905.0935352105},"point_estimate":4150504.781430471,"standard_error":194.70422220519941},"StdDev":{"confidence_interval":{"confidence_level":0.95,"lower_bound":2680.671624653001,"upper_bound":28295.406251002758},"point_estimate":16804.95027353375,"standard_error":8567.607086527261}}