{"Mean":{"confidence_interval":{"confidence_level":0.95,"lower_bound":33870426.6351291,"upper_bound":33952729.79790724},"point_estimate":33910285.20146827,"standard_error":21007.30435236038},"Median":{"confidence_interval":{"confidence_level":0.95,"lower_bound":33761413.779565215,"upper_bound":33974657.222222224},"point_estimate":33768874.40789473,"standard_error":53356.593543320094},"MedianAbsDev":{"confidence_interval":{"confidence_level":0.95,"lower_bound":24958.06150705694,"upper_bound":317987.01311807125},"point_estimate":45170.250507314166,"standard_error":72205.86117680918},"Slope":{"confidence_interval":{"confidence_level":0.95,"lower_bound":33786602.385023065,"upper_bound":33840360.85278955},"point_estimate":33809892.978262156,"standard_error":13754.867117910426},"StdDev":{"confidence_interval":{"confidence_level":0.95,"lower_bound":177353.75094241148,"upper_bound":237236.3284525945},"point_estimate":210890.4508424191,"standard_error":15242.901790042542}}