{"Mean":{"confidence_interval":{"confidence_level":0.95,"lower_bound":177036.90026997562,"upper_bound":177284.17526729408},"point_estimate":177127.74672975088,"standard_error":70.02647541547039},"Median":{"confidence_interval":{"confidence_level":0.95,"lower_bound":177000.9642919504,"upper_bound":177034.4876347867},"point_estimate":177015.09191919194,"standard_error":9.01421953104477},"MedianAbsDev":{"confidence_interval":{"confidence_level":0.95,"lower_bound":50.603575264379444,"upper_bound":87.55139552786673},"point_estimate":72.03890926794227,"standard_error":9.214788232967859},"Slope":{"confidence_interval":{"confidence_level":0.95,"lower_bound":177007.8704257007,"upper_bound":177033.30911007622},"point_estimate":177020.2966917886,"standard_error":6.504495120958667},"StdDev":{"confidence_interval":{"confidence_level":0.95,"lower_bound":109.60700857494489,"upper_bound":1190.5308198035104},"point_estimate":704.6849088791507,"standard_error":369.39883637122404}}