{"Mean":{"confidence_interval":{"confidence_level":0.95,"lower_bound":786372.6105196787,"upper_bound":789253.8392708113},"point_estimate":787386.7617251483,"standard_error":866.2372009445305},"Median":{"confidence_interval":{"confidence_level":0.95,"lower_bound":786251.9988851728,"upper_bound":786449.5564265538},"point_estimate":786374.3826979472,"standard_error":59.11113698703464},"MedianAbsDev":{"confidence_interval":{"confidence_level":0.95,"lower_bound":439.27652171452314,"upper_bound":714.5250170345982},"point_estimate":608.34068525322,"standard_error":69.51979887359492},"Slope":{"confidence_interval":{"confidence_level":0.95,"lower_bound":786226.1641562153,"upper_bound":786425.7443918408},"point_estimate":786324.921641791,"standard_error":50.88973942652814},"StdDev":{"confidence_interval":{"confidence_level":0.95,"lower_bound":728.914883619939,"upper_bound":14840.681646862373},"point_estimate":8690.657831845185,"standard_error":4974.86695529462}}