{"Mean":{"confidence_interval":{"confidence_level":0.95,"lower_bound":26556251.33480161,"upper_bound":26735347.169325422},"point_estimate":26648000.755708262,"standard_error":45801.57393101027},"Median":{"confidence_interval":{"confidence_level":0.95,"lower_bound":26664302.289371982,"upper_bound":26772628.923302107},"point_estimate":26732144.204545453,"standard_error":26941.690289853534},"MedianAbsDev":{"confidence_interval":{"confidence_level":0.95,"lower_bound":157437.64888157955,"upper_bound":270950.5253940325},"point_estimate":207220.32784969953,"standard_error":29218.607324905475},"Slope":{"confidence_interval":{"confidence_level":0.95,"lower_bound":26473941.945710126,"upper_bound":26723995.299923237},"point_estimate":26614724.23484853,"standard_error":64569.95030382296},"StdDev":{"confidence_interval":{"confidence_level":0.95,"lower_bound":348736.5954961126,"upper_bound":557965.5622420874},"point_estimate":460261.9678981373,"standard_error":53304.263271223805}}