{"Mean":{"confidence_interval":{"confidence_level":0.95,"lower_bound":1769.7430696282545,"upper_bound":1771.640657984187},"point_estimate":1770.6479634913503,"standard_error":0.48479142705528},"Median":{"confidence_interval":{"confidence_level":0.95,"lower_bound":1768.4055378393093,"upper_bound":1768.9412215691286},"point_estimate":1768.5735332122827,"standard_error":0.14437312045823564},"MedianAbsDev":{"confidence_interval":{"confidence_level":0.95,"lower_bound":1.2205952567777751,"upper_bound":2.301966052430467},"point_estimate":1.514073980913039,"standard_error":0.2695813955495412},"Slope":{"confidence_interval":{"confidence_level":0.95,"lower_bound":1770.378084173507,"upper_bound":1772.382026795542},"point_estimate":1771.3676260226348,"standard_error":0.51145765049212},"StdDev":{"confidence_interval":{"confidence_level":0.95,"lower_bound":3.684406477929716,"upper_bound":5.972190214303615},"point_estimate":4.876014474818906,"standard_error":0.5855191548328376}}