{"Mean":{"confidence_interval":{"confidence_level":0.95,"lower_bound":15252.328944445526,"upper_bound":15257.864224601351},"point_estimate":15254.856053970965,"standard_error":1.4217886385215994},"Median":{"confidence_interval":{"confidence_level":0.95,"lower_bound":15248.831357048748,"upper_bound":15251.21396895787},"point_estimate":15249.778502591937,"standard_error":0.6244285371584711},"MedianAbsDev":{"confidence_interval":{"confidence_level":0.95,"lower_bound":3.4255190845874703,"upper_bound":7.082182733451504},"point_estimate":4.944396888463098,"standard_error":0.9559115795084239},"Slope":{"confidence_interval":{"confidence_level":0.95,"lower_bound":15247.799827822064,"upper_bound":15251.087663844926},"point_estimate":15249.095922771381,"standard_error":0.8593841942385211},"StdDev":{"confidence_interval":{"confidence_level":0.95,"lower_bound":8.633543952551662,"upper_bound":20.251599359275843},"point_estimate":14.329257157607177,"standard_error":3.1555931154931396}}