{"Mean":{"confidence_interval":{"confidence_level":0.95,"lower_bound":15249.10333039593,"upper_bound":15252.954634497526},"point_estimate":15250.982760751689,"standard_error":0.982421834908034},"Median":{"confidence_interval":{"confidence_level":0.95,"lower_bound":15247.793990384615,"upper_bound":15252.086946386946},"point_estimate":15249.855579203406,"standard_error":1.0794488579904415},"MedianAbsDev":{"confidence_interval":{"confidence_level":0.95,"lower_bound":5.828879862548948,"upper_bound":9.963971666370897},"point_estimate":7.972389976803893,"standard_error":1.0779616250343844},"Slope":{"confidence_interval":{"confidence_level":0.95,"lower_bound":15243.155690036725,"upper_bound":15246.700307665462},"point_estimate":15244.829336758705,"standard_error":0.9029961936190014},"StdDev":{"confidence_interval":{"confidence_level":0.95,"lower_bound":7.9924710082177075,"upper_bound":11.477533710741511},"point_estimate":9.826090398145917,"standard_error":0.8902517147104347}}