{"Mean":{"confidence_interval":{"confidence_level":0.95,"lower_bound":729318.1519269982,"upper_bound":729948.8838521203},"point_estimate":729566.1321499002,"standard_error":166.54840573481815},"Median":{"confidence_interval":{"confidence_level":0.95,"lower_bound":729201.1842105263,"upper_bound":729519.0807291666},"point_estimate":729387.0713132023,"standard_error":93.32737431402208},"MedianAbsDev":{"confidence_interval":{"confidence_level":0.95,"lower_bound":428.40216020360043,"upper_bound":673.8729521365622},"point_estimate":555.4772329290053,"standard_error":64.174253289866},"Slope":{"confidence_interval":{"confidence_level":0.95,"lower_bound":729230.5697952381,"upper_bound":729414.669068285},"point_estimate":729322.1987099157,"standard_error":46.988357230915334},"StdDev":{"confidence_interval":{"confidence_level":0.95,"lower_bound":529.235886748554,"upper_bound":2752.6773303120817},"point_estimate":1675.17224007833,"standard_error":741.2032632097723}}