{"Mean":{"confidence_interval":{"confidence_level":0.95,"lower_bound":6376.318178667273,"upper_bound":6377.745882967557},"point_estimate":6376.882703921223,"standard_error":0.377248119130517},"Median":{"confidence_interval":{"confidence_level":0.95,"lower_bound":6376.194515520276,"upper_bound":6376.403846153846},"point_estimate":6376.251904903516,"standard_error":0.0611782342748792},"MedianAbsDev":{"confidence_interval":{"confidence_level":0.95,"lower_bound":0.29186757782312983,"upper_bound":0.5717028509353841},"point_estimate":0.4072554302524527,"standard_error":0.07139249371187119},"Slope":{"confidence_interval":{"confidence_level":0.95,"lower_bound":6376.299072056389,"upper_bound":6378.138627921476},"point_estimate":6376.915002027184,"standard_error":0.5245084672089178},"StdDev":{"confidence_interval":{"confidence_level":0.95,"lower_bound":0.9494264986241073,"upper_bound":6.24849392114303},"point_estimate":3.8014664760839865,"standard_error":1.6479759132397789}}