{"Mean":{"confidence_interval":{"confidence_level":0.95,"lower_bound":6394.369660533282,"upper_bound":6396.11337559022},"point_estimate":6395.045600338691,"standard_error":0.46505019086302213},"Median":{"confidence_interval":{"confidence_level":0.95,"lower_bound":6394.325201612904,"upper_bound":6394.556628968409},"point_estimate":6394.445993080069,"standard_error":0.05897633101343668},"MedianAbsDev":{"confidence_interval":{"confidence_level":0.95,"lower_bound":0.39052492387301463,"upper_bound":0.6824015085130464},"point_estimate":0.496923646701193,"standard_error":0.0779562238676763},"Slope":{"confidence_interval":{"confidence_level":0.95,"lower_bound":6394.38737500503,"upper_bound":6395.891330378225},"point_estimate":6394.881617946677,"standard_error":0.4307174802680503},"StdDev":{"confidence_interval":{"confidence_level":0.95,"lower_bound":1.073158967122813,"upper_bound":7.755701623154019},"point_estimate":4.668887473261233,"standard_error":2.1462216690729394}}