{"Mean":{"confidence_interval":{"confidence_level":0.95,"lower_bound":107110.90120616739,"upper_bound":107173.33833294883},"point_estimate":107140.94926447544,"standard_error":15.911385793144474},"Median":{"confidence_interval":{"confidence_level":0.95,"lower_bound":107077.1709625323,"upper_bound":107128.78191836734},"point_estimate":107089.76532258064,"standard_error":14.314706658208053},"MedianAbsDev":{"confidence_interval":{"confidence_level":0.95,"lower_bound":59.69000479902075,"upper_bound":114.66764033077797},"point_estimate":88.09000776311485,"standard_error":13.60887847513389},"Slope":{"confidence_interval":{"confidence_level":0.95,"lower_bound":107104.80430280836,"upper_bound":107143.39753686148},"point_estimate":107123.43021545737,"standard_error":9.857253163898395},"StdDev":{"confidence_interval":{"confidence_level":0.95,"lower_bound":123.80188554726796,"upper_bound":190.4224186719352},"point_estimate":159.5210360069172,"standard_error":16.970802823794738}}