{"Mean":{"confidence_interval":{"confidence_level":0.95,"lower_bound":17296.884824123452,"upper_bound":17313.19271872199},"point_estimate":17304.04565593347,"standard_error":4.204593942377221},"Median":{"confidence_interval":{"confidence_level":0.95,"lower_bound":17294.881278538815,"upper_bound":17304.905263157896},"point_estimate":17301.66125730994,"standard_error":2.62450631996412},"MedianAbsDev":{"confidence_interval":{"confidence_level":0.95,"lower_bound":12.342013129912885,"upper_bound":24.382076352752232},"point_estimate":18.937917971614702,"standard_error":3.1088782246665647},"Slope":{"confidence_interval":{"confidence_level":0.95,"lower_bound":17289.81836707813,"upper_bound":17296.874494561147},"point_estimate":17293.308435985782,"standard_error":1.8014716078049178},"StdDev":{"confidence_interval":{"confidence_level":0.95,"lower_bound":16.807077165722927,"upper_bound":63.04799830727475},"point_estimate":42.36589617117978,"standard_error":12.135557697474749}}