{"Mean":{"confidence_interval":{"confidence_level":0.95,"lower_bound":27729.86524916744,"upper_bound":27829.336826135706},"point_estimate":27769.13892443673,"standard_error":26.45085778657203},"Median":{"confidence_interval":{"confidence_level":0.95,"lower_bound":27720.699459876545,"upper_bound":27729.968624106565},"point_estimate":27725.630491161217,"standard_error":2.47104330293565},"MedianAbsDev":{"confidence_interval":{"confidence_level":0.95,"lower_bound":16.873819938522605,"upper_bound":31.038211675932057},"point_estimate":24.62469122949135,"standard_error":3.509871708052241},"Slope":{"confidence_interval":{"confidence_level":0.95,"lower_bound":27722.327849607645,"upper_bound":27731.3400573042},"point_estimate":27726.544584995812,"standard_error":2.2988617425531968},"StdDev":{"confidence_interval":{"confidence_level":0.95,"lower_bound":57.10592412342463,"upper_bound":437.51885763760936},"point_estimate":266.3573289078468,"standard_error":116.74251160497349}}