{"Mean":{"confidence_interval":{"confidence_level":0.95,"lower_bound":263416.2435969279,"upper_bound":264117.55857827363},"point_estimate":263682.10551746766,"standard_error":188.1135993199388},"Median":{"confidence_interval":{"confidence_level":0.95,"lower_bound":263355.5260416667,"upper_bound":263459.36968085106},"point_estimate":263407.56531531527,"standard_error":27.686390882124797},"MedianAbsDev":{"confidence_interval":{"confidence_level":0.95,"lower_bound":142.70828239036527,"upper_bound":233.08723012683063},"point_estimate":184.77890571954225,"standard_error":22.92811912028556},"Slope":{"confidence_interval":{"confidence_level":0.95,"lower_bound":263366.0723375958,"upper_bound":263440.5492602815},"point_estimate":263400.90170385694,"standard_error":18.98194609383732},"StdDev":{"confidence_interval":{"confidence_level":0.95,"lower_bound":229.92965244532334,"upper_bound":3145.9696380463974},"point_estimate":1885.6279282756118,"standard_error":891.8944537810345}}