{"Mean":{"confidence_interval":{"confidence_level":0.95,"lower_bound":9869.52327038632,"upper_bound":9879.112300432818},"point_estimate":9873.742972009804,"standard_error":2.4677374433140176},"Median":{"confidence_interval":{"confidence_level":0.95,"lower_bound":9866.387333333334,"upper_bound":9869.513614554178},"point_estimate":9868.314675213674,"standard_error":0.7852289544787004},"MedianAbsDev":{"confidence_interval":{"confidence_level":0.95,"lower_bound":4.088658124039988,"upper_bound":6.887348871757817},"point_estimate":5.622185253634143,"standard_error":0.7213846193734783},"Slope":{"confidence_interval":{"confidence_level":0.95,"lower_bound":9865.930270790104,"upper_bound":9867.838185913592},"point_estimate":9866.788718959657,"standard_error":0.48840286663395666},"StdDev":{"confidence_interval":{"confidence_level":0.95,"lower_bound":9.319549490697115,"upper_bound":36.309843384965504},"point_estimate":24.75796429577399,"standard_error":6.786843185782613}}