{"Mean":{"confidence_interval":{"confidence_level":0.95,"lower_bound":10141.84356577014,"upper_bound":10150.067927159696},"point_estimate":10145.340093424797,"standard_error":2.1314353389242777},"Median":{"confidence_interval":{"confidence_level":0.95,"lower_bound":10140.095107273679,"upper_bound":10141.351785714285},"point_estimate":10140.568773427738,"standard_error":0.30269621259626794},"MedianAbsDev":{"confidence_interval":{"confidence_level":0.95,"lower_bound":1.5855228431834076,"upper_bound":2.9877359249317696},"point_estimate":2.1657907492584987,"standard_error":0.36779717412771207},"Slope":{"confidence_interval":{"confidence_level":0.95,"lower_bound":10140.05804630354,"upper_bound":10141.555384645728},"point_estimate":10140.746351833477,"standard_error":0.38025712887858504},"StdDev":{"confidence_interval":{"confidence_level":0.95,"lower_bound":7.624891335896541,"upper_bound":33.19251543195678},"point_estimate":21.371762097839856,"standard_error":7.02355549127731}}