{"Mean":{"confidence_interval":{"confidence_level":0.95,"lower_bound":149894.66412841313,"upper_bound":151946.4284238135},"point_estimate":150711.2335594875,"standard_error":538.161793884758},"Median":{"confidence_interval":{"confidence_level":0.95,"lower_bound":149366.87477954145,"upper_bound":150131.45142857142},"point_estimate":149619.55590339893,"standard_error":169.20714278059438},"MedianAbsDev":{"confidence_interval":{"confidence_level":0.95,"lower_bound":936.6686117834284,"upper_bound":1613.950882667946},"point_estimate":1289.2752211441846,"standard_error":170.86177048399804},"Slope":{"confidence_interval":{"confidence_level":0.95,"lower_bound":149216.19812805523,"upper_bound":149576.71192143354},"point_estimate":149388.1059811269,"standard_error":91.97480456925034},"StdDev":{"confidence_interval":{"confidence_level":0.95,"lower_bound":1382.8126785080988,"upper_bound":8797.775951889367},"point_estimate":5394.264675645819,"standard_error":2245.551828848152}}