{"Mean":{"confidence_interval":{"confidence_level":0.95,"lower_bound":1672930.9463400024,"upper_bound":1673281.8506101733},"point_estimate":1673100.8560503998,"standard_error":89.52415253327246},"Median":{"confidence_interval":{"confidence_level":0.95,"lower_bound":1672756.081632653,"upper_bound":1673294.4285714286},"point_estimate":1673015.7222222222,"standard_error":142.3204840782713},"MedianAbsDev":{"confidence_interval":{"confidence_level":0.95,"lower_bound":663.4095754948341,"upper_bound":984.9672960266898},"point_estimate":855.7910213970608,"standard_error":82.84586658163252},"Slope":{"confidence_interval":{"confidence_level":0.95,"lower_bound":1672678.9329192662,"upper_bound":1673187.719165621},"point_estimate":1672911.0105571153,"standard_error":130.46059861331483},"StdDev":{"confidence_interval":{"confidence_level":0.95,"lower_bound":694.0382176873579,"upper_bound":1100.675807082124},"point_estimate":903.2637611947063,"standard_error":104.45359681967757}}