{"Mean":{"confidence_interval":{"confidence_level":0.95,"lower_bound":3178642.2864865456,"upper_bound":3231969.593080395},"point_estimate":3198839.9843064677,"standard_error":14406.14263765286},"Median":{"confidence_interval":{"confidence_level":0.95,"lower_bound":3172788.466666667,"upper_bound":3193454.552238806},"point_estimate":3184227.0661764704,"standard_error":5355.224648303749},"MedianAbsDev":{"confidence_interval":{"confidence_level":0.95,"lower_bound":33318.1507190122,"upper_bound":54077.055300546104},"point_estimate":45454.070668028966,"standard_error":5458.210778277927},"Slope":{"confidence_interval":{"confidence_level":0.95,"lower_bound":3181032.889144298,"upper_bound":3200145.6901192483},"point_estimate":3190317.6576858284,"standard_error":4889.411962931829},"StdDev":{"confidence_interval":{"confidence_level":0.95,"lower_bound":38482.928690795525,"upper_bound":240429.0851592785},"point_estimate":144218.60361227495,"standard_error":69395.72734896267}}