{"Mean":{"confidence_interval":{"confidence_level":0.95,"lower_bound":1231.921449479226,"upper_bound":1239.7183209862087},"point_estimate":1234.7661559653839,"standard_error":2.205128409072423},"Median":{"confidence_interval":{"confidence_level":0.95,"lower_bound":1231.523100871731,"upper_bound":1231.7178468039933},"point_estimate":1231.6043767597055,"standard_error":0.05051962556667226},"MedianAbsDev":{"confidence_interval":{"confidence_level":0.95,"lower_bound":0.2700636782689465,"upper_bound":0.46376245017661855},"point_estimate":0.34536053260458344,"standard_error":0.04972993694694551},"Slope":{"confidence_interval":{"confidence_level":0.95,"lower_bound":1231.6994675113922,"upper_bound":1235.0065897822171},"point_estimate":1233.0653008731665,"standard_error":0.8673953156187825},"StdDev":{"confidence_interval":{"confidence_level":0.95,"lower_bound":1.4441180447401252,"upper_bound":37.55430508644048},"point_estimate":22.18890292391012,"standard_error":11.727716071713022}}