{"Mean":{"confidence_interval":{"confidence_level":0.95,"lower_bound":294244.86687710154,"upper_bound":294425.34743345587},"point_estimate":294325.17677931587,"standard_error":46.522901556833105},"Median":{"confidence_interval":{"confidence_level":0.95,"lower_bound":294174.95535714284,"upper_bound":294260.3125},"point_estimate":294217.545990566,"standard_error":20.072752926458435},"MedianAbsDev":{"confidence_interval":{"confidence_level":0.95,"lower_bound":113.82677137658868,"upper_bound":206.9655461905268},"point_estimate":148.38869528220715,"standard_error":23.689426386190174},"Slope":{"confidence_interval":{"confidence_level":0.95,"lower_bound":294148.0050208159,"upper_bound":294206.59614008747},"point_estimate":294176.0020570415,"standard_error":14.948890689829767},"StdDev":{"confidence_interval":{"confidence_level":0.95,"lower_bound":209.91274332692254,"upper_bound":668.0134827491877},"point_estimate":465.8506961958227,"standard_error":116.8329489535348}}