{"Mean":{"confidence_interval":{"confidence_level":0.95,"lower_bound":1343012.2141956973,"upper_bound":1384064.4900112373},"point_estimate":1359308.474506587,"standard_error":10807.28654705808},"Median":{"confidence_interval":{"confidence_level":0.95,"lower_bound":1334559.368131868,"upper_bound":1338916.5852631577},"point_estimate":1336075.1121751026,"standard_error":1215.7990085169283},"MedianAbsDev":{"confidence_interval":{"confidence_level":0.95,"lower_bound":4697.691565085214,"upper_bound":10879.351919854276},"point_estimate":7431.654792485067,"standard_error":1514.4732821976597},"Slope":{"confidence_interval":{"confidence_level":0.95,"lower_bound":1338130.2050909072,"upper_bound":1344264.2533540684},"point_estimate":1340981.4626363234,"standard_error":1566.7202926858304},"StdDev":{"confidence_interval":{"confidence_level":0.95,"lower_bound":17734.547502229336,"upper_bound":178117.51740036218},"point_estimate":108720.90018127645,"standard_error":46031.87873576066}}