{"Mean":{"confidence_interval":{"confidence_level":0.95,"lower_bound":78966.18112759684,"upper_bound":78979.52151429102},"point_estimate":78972.24539909035,"standard_error":3.4243611540618204},"Median":{"confidence_interval":{"confidence_level":0.95,"lower_bound":78960.78000845309,"upper_bound":78966.16538461538},"point_estimate":78964.25246560163,"standard_error":1.3813029048603893},"MedianAbsDev":{"confidence_interval":{"confidence_level":0.95,"lower_bound":8.095365210293663,"upper_bound":13.79014203229283},"point_estimate":11.377931252663851,"standard_error":1.4481763873561466},"Slope":{"confidence_interval":{"confidence_level":0.95,"lower_bound":78960.45381537045,"upper_bound":78968.9221112026},"point_estimate":78963.87333712247,"standard_error":2.2088897401356915},"StdDev":{"confidence_interval":{"confidence_level":0.95,"lower_bound":18.69462252761315,"upper_bound":47.06928732008638},"point_estimate":34.32527797469171,"standard_error":7.239776849316856}}