{"Mean":{"confidence_interval":{"confidence_level":0.95,"lower_bound":78947.41329617557,"upper_bound":79268.90282755866},"point_estimate":79057.85496020466,"standard_error":101.58115083603421},"Median":{"confidence_interval":{"confidence_level":0.95,"lower_bound":78941.55384615385,"upper_bound":78949.41196206328},"point_estimate":78946.00835749618,"standard_error":1.9195294611467772},"MedianAbsDev":{"confidence_interval":{"confidence_level":0.95,"lower_bound":12.832510091139971,"upper_bound":23.767556601892995},"point_estimate":18.35780268773986,"standard_error":2.892036734878277},"Slope":{"confidence_interval":{"confidence_level":0.95,"lower_bound":78928.56276956177,"upper_bound":78956.51605449752},"point_estimate":78939.85855747917,"standard_error":7.26246836767114},"StdDev":{"confidence_interval":{"confidence_level":0.95,"lower_bound":41.87994710940287,"upper_bound":1750.0224542746384},"point_estimate":1021.4163040408695,"standard_error":614.5654581915617}}