{"Mean":{"confidence_interval":{"confidence_level":0.95,"lower_bound":18814818.01048674,"upper_bound":18845987.356232163},"point_estimate":18829588.39902102,"standard_error":7968.126669104193},"Median":{"confidence_interval":{"confidence_level":0.95,"lower_bound":18789082.60714286,"upper_bound":18800870.022727273},"point_estimate":18792208.55379908,"standard_error":2705.515968033336},"MedianAbsDev":{"confidence_interval":{"confidence_level":0.95,"lower_bound":15009.395163643987,"upper_bound":31238.726611449052},"point_estimate":19385.22960313834,"standard_error":3732.559075902408},"Slope":{"confidence_interval":{"confidence_level":0.95,"lower_bound":18823974.973261487,"upper_bound":18887535.565638587},"point_estimate":18853505.249543373,"standard_error":16259.65338668329},"StdDev":{"confidence_interval":{"confidence_level":0.95,"lower_bound":57623.6719634054,"upper_bound":100660.7147640442},"point_estimate":80170.05263376115,"standard_error":11037.545417100722}}