{"Mean":{"confidence_interval":{"confidence_level":0.95,"lower_bound":22508.61116244222,"upper_bound":22519.77628930548},"point_estimate":22513.45168622237,"standard_error":2.885595578035383},"Median":{"confidence_interval":{"confidence_level":0.95,"lower_bound":22504.617379679145,"upper_bound":22509.352272727272},"point_estimate":22506.93428547259,"standard_error":1.2722748882200177},"MedianAbsDev":{"confidence_interval":{"confidence_level":0.95,"lower_bound":5.390997872478822,"upper_bound":9.932788033884544},"point_estimate":7.443284170249775,"standard_error":1.1839324054021618},"Slope":{"confidence_interval":{"confidence_level":0.95,"lower_bound":22506.11138547513,"upper_bound":22509.79816301404},"point_estimate":22507.83903535876,"standard_error":0.9402407833271238},"StdDev":{"confidence_interval":{"confidence_level":0.95,"lower_bound":10.559769076428031,"upper_bound":43.50266375161267},"point_estimate":28.91659295666834,"standard_error":8.728686533616752}}