{"Mean":{"confidence_interval":{"confidence_level":0.95,"lower_bound":22406.607721578006,"upper_bound":22419.082637286316},"point_estimate":22412.053905332094,"standard_error":3.2136578296798253},"Median":{"confidence_interval":{"confidence_level":0.95,"lower_bound":22402.802052785923,"upper_bound":22408.545906148338},"point_estimate":22405.065406976744,"standard_error":1.4405031221680218},"MedianAbsDev":{"confidence_interval":{"confidence_level":0.95,"lower_bound":6.355107636605813,"upper_bound":10.168952181419254},"point_estimate":7.9827806347903945,"standard_error":0.9700770673618615},"Slope":{"confidence_interval":{"confidence_level":0.95,"lower_bound":22404.296041421992,"upper_bound":22406.976036095537},"point_estimate":22405.617843209693,"standard_error":0.6844287323245255},"StdDev":{"confidence_interval":{"confidence_level":0.95,"lower_bound":13.341476714220462,"upper_bound":48.10525909035133},"point_estimate":32.17461771277167,"standard_error":9.046508343858587}}