{"Mean":{"confidence_interval":{"confidence_level":0.95,"lower_bound":6880364.057440459,"upper_bound":6890161.08168145},"point_estimate":6884758.606661135,"standard_error":2514.1537836123034},"Median":{"confidence_interval":{"confidence_level":0.95,"lower_bound":6876206.081034482,"upper_bound":6879798.623376624},"point_estimate":6877394.42155635,"standard_error":897.0505777458445},"MedianAbsDev":{"confidence_interval":{"confidence_level":0.95,"lower_bound":5426.060504051895,"upper_bound":9418.177764275706},"point_estimate":6898.697622564996,"standard_error":1072.198037339739},"Slope":{"confidence_interval":{"confidence_level":0.95,"lower_bound":6876273.070082372,"upper_bound":6881622.708564906},"point_estimate":6878501.788118812,"standard_error":1382.3751439780037},"StdDev":{"confidence_interval":{"confidence_level":0.95,"lower_bound":12846.11192582975,"upper_bound":35910.881019166234},"point_estimate":25209.615936939514,"standard_error":6034.396254424764}}