{"Mean":{"confidence_interval":{"confidence_level":0.95,"lower_bound":1723913.4339590515,"upper_bound":1726374.2844269988},"point_estimate":1724943.1573383631,"standard_error":639.1308437922332},"Median":{"confidence_interval":{"confidence_level":0.95,"lower_bound":1723547.8823529412,"upper_bound":1723894.4166666665},"point_estimate":1723718.8277777778,"standard_error":86.86398953345925},"MedianAbsDev":{"confidence_interval":{"confidence_level":0.95,"lower_bound":815.2951838457475,"upper_bound":1616.6036570517344},"point_estimate":1112.7982266865379,"standard_error":207.4094783861014},"Slope":{"confidence_interval":{"confidence_level":0.95,"lower_bound":1723376.9132482917,"upper_bound":1723820.741495272},"point_estimate":1723591.8973695878,"standard_error":113.74053655164593},"StdDev":{"confidence_interval":{"confidence_level":0.95,"lower_bound":1952.7300859772731,"upper_bound":10140.325624463338},"point_estimate":6416.961984976201,"standard_error":2295.0513090750646}}