{"Mean":{"confidence_interval":{"confidence_level":0.95,"lower_bound":1316.9379518705625,"upper_bound":1318.290399850703},"point_estimate":1317.5636432741858,"standard_error":0.3459897287731065},"Median":{"confidence_interval":{"confidence_level":0.95,"lower_bound":1316.1992454505105,"upper_bound":1316.4085226266457},"point_estimate":1316.2538922462359,"standard_error":0.056745405095634006},"MedianAbsDev":{"confidence_interval":{"confidence_level":0.95,"lower_bound":0.24046591988024602,"upper_bound":0.4809201358298147},"point_estimate":0.29964806380613446,"standard_error":0.0629060415675481},"Slope":{"confidence_interval":{"confidence_level":0.95,"lower_bound":1316.6097016782178,"upper_bound":1317.6038165606835},"point_estimate":1317.053294540337,"standard_error":0.2540779896108064},"StdDev":{"confidence_interval":{"confidence_level":0.95,"lower_bound":2.234413401679662,"upper_bound":4.580141995085859},"point_estimate":3.477164426298466,"standard_error":0.601726659348681}}