{"Mean":{"confidence_interval":{"confidence_level":0.95,"lower_bound":1311.44077391467,"upper_bound":1311.893131018621},"point_estimate":1311.6387808677991,"standard_error":0.11698650125637255},"Median":{"confidence_interval":{"confidence_level":0.95,"lower_bound":1311.3392889410493,"upper_bound":1311.4717569146865},"point_estimate":1311.3855096216023,"standard_error":0.03737866680375284},"MedianAbsDev":{"confidence_interval":{"confidence_level":0.95,"lower_bound":0.2678524446996441,"upper_bound":0.46967636548141023},"point_estimate":0.37974578244141155,"standard_error":0.04929040607691428},"Slope":{"confidence_interval":{"confidence_level":0.95,"lower_bound":1311.43316542195,"upper_bound":1311.9903891887216},"point_estimate":1311.6750152522418,"standard_error":0.14301710138112006},"StdDev":{"confidence_interval":{"confidence_level":0.95,"lower_bound":0.5308538728108072,"upper_bound":1.7750853161663722},"point_estimate":1.1779828795738014,"standard_error":0.3460175633042999}}