{"Mean":{"confidence_interval":{"confidence_level":0.95,"lower_bound":6882.793684101852,"upper_bound":6895.0936284671225},"point_estimate":6888.0399282157605,"standard_error":3.1827188523692005},"Median":{"confidence_interval":{"confidence_level":0.95,"lower_bound":6878.925655594406,"upper_bound":6881.512903762904},"point_estimate":6880.511134747148,"standard_error":0.7536843596945709},"MedianAbsDev":{"confidence_interval":{"confidence_level":0.95,"lower_bound":5.851282080750706,"upper_bound":12.188659937150357},"point_estimate":8.932759731276466,"standard_error":1.6442290154791634},"Slope":{"confidence_interval":{"confidence_level":0.95,"lower_bound":6879.695251765876,"upper_bound":6883.502083670066},"point_estimate":6881.563921271576,"standard_error":0.9705387696750636},"StdDev":{"confidence_interval":{"confidence_level":0.95,"lower_bound":12.649851871693397,"upper_bound":49.64878345730125},"point_estimate":31.971687517962742,"standard_error":10.533086054159465}}