{"Mean":{"confidence_interval":{"confidence_level":0.95,"lower_bound":21003.987523534557,"upper_bound":21034.679159998705},"point_estimate":21017.41902014585,"standard_error":7.909969107738319},"Median":{"confidence_interval":{"confidence_level":0.95,"lower_bound":20992.956175965744,"upper_bound":21001.00215849522},"point_estimate":20997.381642320313,"standard_error":2.2008676230698945},"MedianAbsDev":{"confidence_interval":{"confidence_level":0.95,"lower_bound":13.653449717306781,"upper_bound":26.47280645657029},"point_estimate":19.848262069857388,"standard_error":3.342457209597989},"Slope":{"confidence_interval":{"confidence_level":0.95,"lower_bound":20995.859161437078,"upper_bound":21006.51494668192},"point_estimate":21000.927702335175,"standard_error":2.714780182381049},"StdDev":{"confidence_interval":{"confidence_level":0.95,"lower_bound":33.661686805988424,"upper_bound":118.03915793942546},"point_estimate":79.68668751880912,"standard_error":22.28541627033558}}