{"Mean":{"confidence_interval":{"confidence_level":0.95,"lower_bound":13209142.136579918,"upper_bound":13215170.288346326},"point_estimate":13211683.62478889,"standard_error":1556.8844888590875},"Median":{"confidence_interval":{"confidence_level":0.95,"lower_bound":13208738.94117647,"upper_bound":13212443.583333334},"point_estimate":13210249.681776557,"standard_error":1153.3061111030265},"MedianAbsDev":{"confidence_interval":{"confidence_level":0.95,"lower_bound":4664.278811302772,"upper_bound":8370.877750375468},"point_estimate":6207.006616727516,"standard_error":895.9498872964696},"Slope":{"confidence_interval":{"confidence_level":0.95,"lower_bound":13208053.947069049,"upper_bound":13210333.541007446},"point_estimate":13209188.525955372,"standard_error":581.5707994232434},"StdDev":{"confidence_interval":{"confidence_level":0.95,"lower_bound":6547.172861924643,"upper_bound":24763.102850576313},"point_estimate":15621.885445203825,"standard_error":5709.985880497269}}