{"Mean":{"confidence_interval":{"confidence_level":0.95,"lower_bound":24609.181890303917,"upper_bound":24623.89911222127},"point_estimate":24615.63914676501,"standard_error":3.7865530012262902},"Median":{"confidence_interval":{"confidence_level":0.95,"lower_bound":24607.04209425859,"upper_bound":24609.510714285716},"point_estimate":24608.02085944027,"standard_error":0.6745203874364905},"MedianAbsDev":{"confidence_interval":{"confidence_level":0.95,"lower_bound":5.565398883237022,"upper_bound":9.295629115905035},"point_estimate":7.312491375447363,"standard_error":0.9646270432934546},"Slope":{"confidence_interval":{"confidence_level":0.95,"lower_bound":24606.495222182475,"upper_bound":24610.15321995326},"point_estimate":24608.227935865227,"standard_error":0.931554709422298},"StdDev":{"confidence_interval":{"confidence_level":0.95,"lower_bound":12.795129087493306,"upper_bound":55.68674014861454},"point_estimate":38.09429960007886,"standard_error":10.555923893783877}}