{"Mean":{"confidence_interval":{"confidence_level":0.95,"lower_bound":210435.20465625613,"upper_bound":210782.92426202464},"point_estimate":210559.26550558352,"standard_error":102.79456577069203},"Median":{"confidence_interval":{"confidence_level":0.95,"lower_bound":210416.10357142857,"upper_bound":210439.3195402299},"point_estimate":210425.66983948636,"standard_error":7.0563658068092865},"MedianAbsDev":{"confidence_interval":{"confidence_level":0.95,"lower_bound":50.143603234268056,"upper_bound":87.67987761410085},"point_estimate":67.80814256088541,"standard_error":9.391597736636529},"Slope":{"confidence_interval":{"confidence_level":0.95,"lower_bound":210419.76026815447,"upper_bound":210458.08984646483},"point_estimate":210438.19999468006,"standard_error":9.80096141909692},"StdDev":{"confidence_interval":{"confidence_level":0.95,"lower_bound":111.95350734897467,"upper_bound":1752.2609733264635},"point_estimate":1028.3013062815025,"standard_error":575.6787047877255}}