{"Mean":{"confidence_interval":{"confidence_level":0.95,"lower_bound":210399.24157291735,"upper_bound":210816.00033331508},"point_estimate":210558.7099803777,"standard_error":111.48358286591376},"Median":{"confidence_interval":{"confidence_level":0.95,"lower_bound":210363.59764705884,"upper_bound":210407.0},"point_estimate":210386.22488425925,"standard_error":11.422221282547966},"MedianAbsDev":{"confidence_interval":{"confidence_level":0.95,"lower_bound":64.39280458778796,"upper_bound":108.71911222893301},"point_estimate":84.66512057286461,"standard_error":11.402324653739827},"Slope":{"confidence_interval":{"confidence_level":0.95,"lower_bound":210355.83177736003,"upper_bound":210383.6636844156},"point_estimate":210369.2283475691,"standard_error":7.09916659587377},"StdDev":{"confidence_interval":{"confidence_level":0.95,"lower_bound":120.92168876756563,"upper_bound":1864.5773349747428},"point_estimate":1121.8581963448514,"standard_error":519.550602886124}}