{"Mean":{"confidence_interval":{"confidence_level":0.95,"lower_bound":43717.403322141006,"upper_bound":43773.18904296402},"point_estimate":43741.14951452408,"standard_error":14.446722601534773},"Median":{"confidence_interval":{"confidence_level":0.95,"lower_bound":43700.06211180124,"upper_bound":43711.61069465267},"point_estimate":43704.596618357486,"standard_error":3.573358324766647},"MedianAbsDev":{"confidence_interval":{"confidence_level":0.95,"lower_bound":19.267070087845045,"upper_bound":35.84975519259779},"point_estimate":23.851637594798518,"standard_error":4.799641261492592},"Slope":{"confidence_interval":{"confidence_level":0.95,"lower_bound":43701.977897276876,"upper_bound":43716.599197037496},"point_estimate":43708.852323231025,"standard_error":3.723607002381589},"StdDev":{"confidence_interval":{"confidence_level":0.95,"lower_bound":62.475793176228166,"upper_bound":224.83781405906612},"point_estimate":145.28559463059733,"standard_error":48.0652368807904}}