{"Mean":{"confidence_interval":{"confidence_level":0.95,"lower_bound":12628731.368404968,"upper_bound":12683938.070901608},"point_estimate":12655798.032396818,"standard_error":14124.626250001294},"Median":{"confidence_interval":{"confidence_level":0.95,"lower_bound":12592151.102112677,"upper_bound":12643963.208333334},"point_estimate":12613706.07051282,"standard_error":14129.372550983637},"MedianAbsDev":{"confidence_interval":{"confidence_level":0.95,"lower_bound":81929.22059738975,"upper_bound":148476.91074932163},"point_estimate":113251.85450343887,"standard_error":16049.918962955728},"Slope":{"confidence_interval":{"confidence_level":0.95,"lower_bound":12671744.214330098,"upper_bound":12762328.126121832},"point_estimate":12718139.748174967,"standard_error":23151.47578181724},"StdDev":{"confidence_interval":{"confidence_level":0.95,"lower_bound":123361.77225325374,"upper_bound":157357.26143947415},"point_estimate":142325.8038270034,"standard_error":8693.581303755178}}