{"Mean":{"confidence_interval":{"confidence_level":0.95,"lower_bound":12761742.255946336,"upper_bound":12847119.648486814},"point_estimate":12798134.225450955,"standard_error":22035.16349970419},"Median":{"confidence_interval":{"confidence_level":0.95,"lower_bound":12747541.428242264,"upper_bound":12790072.625},"point_estimate":12764796.861486487,"standard_error":10855.52193041643},"MedianAbsDev":{"confidence_interval":{"confidence_level":0.95,"lower_bound":61545.653042345686,"upper_bound":96348.815158556},"point_estimate":78719.0923887806,"standard_error":9057.553551366858},"Slope":{"confidence_interval":{"confidence_level":0.95,"lower_bound":12765307.462614764,"upper_bound":12793443.386121364},"point_estimate":12779504.72770504,"standard_error":7171.612831397035},"StdDev":{"confidence_interval":{"confidence_level":0.95,"lower_bound":94958.53265989297,"upper_bound":344775.11711143755},"point_estimate":221772.77894493495,"standard_error":75543.6434009383}}