{"Mean":{"confidence_interval":{"confidence_level":0.95,"lower_bound":142259.71903051232,"upper_bound":151345.63348038183},"point_estimate":146649.68174448205,"standard_error":2321.398950558076},"Median":{"confidence_interval":{"confidence_level":0.95,"lower_bound":132492.90221497254,"upper_bound":147539.90460526315},"point_estimate":141441.70631270902,"standard_error":3685.758428333684},"MedianAbsDev":{"confidence_interval":{"confidence_level":0.95,"lower_bound":12455.331828936507,"upper_bound":29165.16349829906},"point_estimate":20866.200958096808,"standard_error":4165.392274649016},"Slope":{"confidence_interval":{"confidence_level":0.95,"lower_bound":135569.52577787745,"upper_bound":142527.32713039283},"point_estimate":138839.31945433724,"standard_error":1778.8140502326535},"StdDev":{"confidence_interval":{"confidence_level":0.95,"lower_bound":19088.909509799658,"upper_bound":28064.171155531203},"point_estimate":23360.106503461957,"standard_error":2355.9039394244282}}