{"Mean":{"confidence_interval":{"confidence_level":0.95,"lower_bound":138748.63058013673,"upper_bound":147751.73578704058},"point_estimate":143077.08229076027,"standard_error":2302.733885748893},"Median":{"confidence_interval":{"confidence_level":0.95,"lower_bound":128326.6770698052,"upper_bound":141848.8044241573},"point_estimate":128968.472924326,"standard_error":4950.746573059518},"MedianAbsDev":{"confidence_interval":{"confidence_level":0.95,"lower_bound":6038.816160857005,"upper_bound":21018.696390091645},"point_estimate":8110.62685951847,"standard_error":5139.381003862927},"Slope":{"confidence_interval":{"confidence_level":0.95,"lower_bound":133863.04526008596,"upper_bound":139787.32386216728},"point_estimate":136621.90670016257,"standard_error":1517.1880574914885},"StdDev":{"confidence_interval":{"confidence_level":0.95,"lower_bound":18200.333724857745,"upper_bound":27918.078528440994},"point_estimate":23109.272791215768,"standard_error":2498.9478097349065}}