{"Mean":{"confidence_interval":{"confidence_level":0.95,"lower_bound":107803.51166646837,"upper_bound":108172.77100139273},"point_estimate":107934.2783919024,"standard_error":110.78886944847925},"Median":{"confidence_interval":{"confidence_level":0.95,"lower_bound":107788.25357142858,"upper_bound":107810.90697674418},"point_estimate":107800.87973389355,"standard_error":5.691819981270517},"MedianAbsDev":{"confidence_interval":{"confidence_level":0.95,"lower_bound":39.5235946913626,"upper_bound":68.99470472413017},"point_estimate":56.53540267322558,"standard_error":7.5190424966163025},"Slope":{"confidence_interval":{"confidence_level":0.95,"lower_bound":107788.30410436791,"upper_bound":107816.86941523557},"point_estimate":107801.31630530515,"standard_error":7.289910971813083},"StdDev":{"confidence_interval":{"confidence_level":0.95,"lower_bound":103.1804222623665,"upper_bound":1901.711270995709},"point_estimate":1113.9310248683657,"standard_error":635.2969228195586}}