{"Mean":{"confidence_interval":{"confidence_level":0.95,"lower_bound":25992205.19788676,"upper_bound":26130753.734518297},"point_estimate":26061407.279901333,"standard_error":35356.23596126383},"Median":{"confidence_interval":{"confidence_level":0.95,"lower_bound":25750700.14285714,"upper_bound":26278427.577325113},"point_estimate":26029229.059588626,"standard_error":160095.32222062905},"MedianAbsDev":{"confidence_interval":{"confidence_level":0.95,"lower_bound":156401.51643682935,"upper_bound":565142.4536302587},"point_estimate":511692.19824674615,"standard_error":111979.50169147906},"Slope":{"confidence_interval":{"confidence_level":0.95,"lower_bound":26159563.23765995,"upper_bound":26301628.749191977},"point_estimate":26234506.568461653,"standard_error":36187.695038902224},"StdDev":{"confidence_interval":{"confidence_level":0.95,"lower_bound":334000.39424984093,"upper_bound":373322.2420114265},"point_estimate":356030.06383008545,"standard_error":10030.946826414167}}