{"Mean":{"confidence_interval":{"confidence_level":0.95,"lower_bound":71112.84152511196,"upper_bound":71160.74222217643},"point_estimate":71133.33043071355,"standard_error":12.387050469789232},"Median":{"confidence_interval":{"confidence_level":0.95,"lower_bound":71101.33110119047,"upper_bound":71110.84585998578},"point_estimate":71105.98390101411,"standard_error":2.6142962372522334},"MedianAbsDev":{"confidence_interval":{"confidence_level":0.95,"lower_bound":15.81859283410869,"upper_bound":34.493283790463764},"point_estimate":22.983741766919568,"standard_error":4.707026312607889},"Slope":{"confidence_interval":{"confidence_level":0.95,"lower_bound":71098.71225270338,"upper_bound":71107.9482983009},"point_estimate":71103.0865652642,"standard_error":2.3511903494376285},"StdDev":{"confidence_interval":{"confidence_level":0.95,"lower_bound":40.34142952164673,"upper_bound":191.1779262392817},"point_estimate":124.59907676452835,"standard_error":40.61762111058419}}