{"Mean":{"confidence_interval":{"confidence_level":0.95,"lower_bound":3847254.726303171,"upper_bound":3875181.190821233},"point_estimate":3860143.747021967,"standard_error":7147.066109239698},"Median":{"confidence_interval":{"confidence_level":0.95,"lower_bound":3835957.5148083623,"upper_bound":3850273.315068493},"point_estimate":3842104.053125,"standard_error":3413.9319822698603},"MedianAbsDev":{"confidence_interval":{"confidence_level":0.95,"lower_bound":25630.323494970915,"upper_bound":41145.09719145788},"point_estimate":36596.5660661635,"standard_error":4101.327165430183},"Slope":{"confidence_interval":{"confidence_level":0.95,"lower_bound":3831924.0589535,"upper_bound":3840950.758451934},"point_estimate":3836263.1047199643,"standard_error":2309.9930750611034},"StdDev":{"confidence_interval":{"confidence_level":0.95,"lower_bound":43788.37677639113,"upper_bound":95659.28318459605},"point_estimate":71659.48485489789,"standard_error":13262.12831127687}}