{"Mean":{"confidence_interval":{"confidence_level":0.95,"lower_bound":3853005.515139651,"upper_bound":3901820.362379378},"point_estimate":3875008.04385833,"standard_error":12527.74302893724},"Median":{"confidence_interval":{"confidence_level":0.95,"lower_bound":3827703.5316091953,"upper_bound":3845893.372881356},"point_estimate":3836282.546026157,"standard_error":4416.5056055925},"MedianAbsDev":{"confidence_interval":{"confidence_level":0.95,"lower_bound":22505.737850020443,"upper_bound":40396.38071209638},"point_estimate":29792.257416123513,"standard_error":4543.932370828224},"Slope":{"confidence_interval":{"confidence_level":0.95,"lower_bound":3827185.753796758,"upper_bound":3835948.030734594},"point_estimate":3831436.886106103,"standard_error":2236.1327517137374},"StdDev":{"confidence_interval":{"confidence_level":0.95,"lower_bound":65445.70343631088,"upper_bound":175663.6318208577},"point_estimate":125898.2267073408,"standard_error":28615.185714468702}}