{"Mean":{"confidence_interval":{"confidence_level":0.95,"lower_bound":33082.63726353614,"upper_bound":33089.12483397339},"point_estimate":33085.196065378426,"standard_error":1.724817958973684},"Median":{"confidence_interval":{"confidence_level":0.95,"lower_bound":33082.46843285009,"upper_bound":33084.0768707483},"point_estimate":33083.02962962963,"standard_error":0.39698451157683623},"MedianAbsDev":{"confidence_interval":{"confidence_level":0.95,"lower_bound":2.0928528359699716,"upper_bound":3.3413387151458287},"point_estimate":2.584503859533385,"standard_error":0.3176705812459964},"Slope":{"confidence_interval":{"confidence_level":0.95,"lower_bound":33082.57655642109,"upper_bound":33083.81517535072},"point_estimate":33083.20924791882,"standard_error":0.3161516975748714},"StdDev":{"confidence_interval":{"confidence_level":0.95,"lower_bound":4.467362901679788,"upper_bound":28.60788725258167},"point_estimate":17.288759114021364,"standard_error":7.7749197917148045}}