{"Mean":{"confidence_interval":{"confidence_level":0.95,"lower_bound":203133.45598587976,"upper_bound":203151.9622204504},"point_estimate":203142.26667836442,"standard_error":4.696479010267167},"Median":{"confidence_interval":{"confidence_level":0.95,"lower_bound":203130.74397966595,"upper_bound":203137.78028169015},"point_estimate":203134.36829268292,"standard_error":1.735422696635355},"MedianAbsDev":{"confidence_interval":{"confidence_level":0.95,"lower_bound":9.294095040683635,"upper_bound":17.123939841443235},"point_estimate":12.500511279004417,"standard_error":2.0576993611278924},"Slope":{"confidence_interval":{"confidence_level":0.95,"lower_bound":203133.36346897818,"upper_bound":203141.00079218126},"point_estimate":203136.6502201862,"standard_error":1.9646075672936882},"StdDev":{"confidence_interval":{"confidence_level":0.95,"lower_bound":25.768653174085923,"upper_bound":66.52444611229186},"point_estimate":47.131760719273935,"standard_error":10.571713831868546}}