{"Mean":{"confidence_interval":{"confidence_level":0.95,"lower_bound":203180.54401407624,"upper_bound":203207.07655842067},"point_estimate":203192.60572585664,"standard_error":6.790255760586304},"Median":{"confidence_interval":{"confidence_level":0.95,"lower_bound":203182.71186868686,"upper_bound":203186.92688172043},"point_estimate":203184.89072711216,"standard_error":1.0593025000709888},"MedianAbsDev":{"confidence_interval":{"confidence_level":0.95,"lower_bound":9.783245566260932,"upper_bound":17.796649848145464},"point_estimate":13.100543904792268,"standard_error":2.0073090105213334},"Slope":{"confidence_interval":{"confidence_level":0.95,"lower_bound":203182.44735878278,"upper_bound":203187.9535936315},"point_estimate":203185.248899069,"standard_error":1.4022612275883646},"StdDev":{"confidence_interval":{"confidence_level":0.95,"lower_bound":35.32639373807485,"upper_bound":97.41053129759842},"point_estimate":68.22443866027898,"standard_error":16.114476653098084}}