{"Mean":{"confidence_interval":{"confidence_level":0.95,"lower_bound":223850.78091867527,"upper_bound":224239.10638998396},"point_estimate":223998.17373141536,"standard_error":105.66932096864501},"Median":{"confidence_interval":{"confidence_level":0.95,"lower_bound":223809.8503511236,"upper_bound":223879.26106227108},"point_estimate":223828.41292270532,"standard_error":16.876341172355453},"MedianAbsDev":{"confidence_interval":{"confidence_level":0.95,"lower_bound":99.57374474057558,"upper_bound":166.63024283536984},"point_estimate":130.96607693773134,"standard_error":16.91856133084811},"Slope":{"confidence_interval":{"confidence_level":0.95,"lower_bound":223808.06801332816,"upper_bound":223877.1888942578},"point_estimate":223839.63819417762,"standard_error":17.658155280544133},"StdDev":{"confidence_interval":{"confidence_level":0.95,"lower_bound":232.6785868185092,"upper_bound":1779.0945183675758},"point_estimate":1065.5104934979756,"standard_error":513.8251241376804}}