{"Mean":{"confidence_interval":{"confidence_level":0.95,"lower_bound":3487820.840387127,"upper_bound":3496652.2543207416},"point_estimate":3491151.787713856,"standard_error":2372.592665765022},"Median":{"confidence_interval":{"confidence_level":0.95,"lower_bound":3486976.59375,"upper_bound":3487910.5945945946},"point_estimate":3487456.335292345,"standard_error":218.07248033123747},"MedianAbsDev":{"confidence_interval":{"confidence_level":0.95,"lower_bound":1312.9164066911435,"upper_bound":2788.870903818365},"point_estimate":2034.1749399776404,"standard_error":374.5334784850779},"Slope":{"confidence_interval":{"confidence_level":0.95,"lower_bound":3486908.751819352,"upper_bound":3487624.118805921},"point_estimate":3487260.792224028,"standard_error":182.55200517225566},"StdDev":{"confidence_interval":{"confidence_level":0.95,"lower_bound":3180.3318387257914,"upper_bound":39598.03802127384},"point_estimate":23765.646908196908,"standard_error":11203.843269257259}}