{"Mean":{"confidence_interval":{"confidence_level":0.95,"lower_bound":3477936.2399078296,"upper_bound":3484689.2149878256},"point_estimate":3480822.335058623,"standard_error":1750.3106533777063},"Median":{"confidence_interval":{"confidence_level":0.95,"lower_bound":3475421.5759408604,"upper_bound":3477847.9},"point_estimate":3476816.061904762,"standard_error":580.8415151403548},"MedianAbsDev":{"confidence_interval":{"confidence_level":0.95,"lower_bound":3020.2846139496864,"upper_bound":5770.166084074434},"point_estimate":4561.772108142741,"standard_error":701.3039164662594},"Slope":{"confidence_interval":{"confidence_level":0.95,"lower_bound":3475842.251901167,"upper_bound":3477627.773413903},"point_estimate":3476699.11391163,"standard_error":456.06068731219193},"StdDev":{"confidence_interval":{"confidence_level":0.95,"lower_bound":5757.44804118633,"upper_bound":27394.71211104154},"point_estimate":17596.788396404936,"standard_error":5874.379176700291}}