{"Mean":{"confidence_interval":{"confidence_level":0.95,"lower_bound":1016545.6734990024,"upper_bound":1052361.604391398},"point_estimate":1032831.8708471992,"standard_error":9170.364749247645},"Median":{"confidence_interval":{"confidence_level":0.95,"lower_bound":996489.1505376344,"upper_bound":1016211.1571428571},"point_estimate":1005865.0597826086,"standard_error":5038.470919206889},"MedianAbsDev":{"confidence_interval":{"confidence_level":0.95,"lower_bound":23025.95545576939,"upper_bound":44564.85523542407},"point_estimate":31685.89507082848,"standard_error":5506.734966152703},"Slope":{"confidence_interval":{"confidence_level":0.95,"lower_bound":993054.5292551572,"upper_bound":1004003.3020490342},"point_estimate":998137.8164090439,"standard_error":2795.0445262887256},"StdDev":{"confidence_interval":{"confidence_level":0.95,"lower_bound":50430.02978831372,"upper_bound":128262.86281501455},"point_estimate":92353.93036150074,"standard_error":19962.502768919952}}