{"Mean":{"confidence_interval":{"confidence_level":0.95,"lower_bound":264048.40756042616,"upper_bound":266464.43359836144},"point_estimate":264868.67834379117,"standard_error":773.724825566914},"Median":{"confidence_interval":{"confidence_level":0.95,"lower_bound":264017.23691784404,"upper_bound":264036.0561797753},"point_estimate":264022.8657952872,"standard_error":5.477817438660986},"MedianAbsDev":{"confidence_interval":{"confidence_level":0.95,"lower_bound":28.537354074839865,"upper_bound":53.35815530271776},"point_estimate":40.977790936502934,"standard_error":6.360168221865434},"Slope":{"confidence_interval":{"confidence_level":0.95,"lower_bound":264022.37889795797,"upper_bound":264208.4569853432},"point_estimate":264095.5042773755,"standard_error":49.71461559181126},"StdDev":{"confidence_interval":{"confidence_level":0.95,"lower_bound":135.9277519126751,"upper_bound":13368.678712873985},"point_estimate":7799.182792850048,"standard_error":4765.956217862596}}