{"Mean":{"confidence_interval":{"confidence_level":0.95,"lower_bound":264131.4373662586,"upper_bound":264166.60706740664},"point_estimate":264148.46149272635,"standard_error":8.958769812013653},"Median":{"confidence_interval":{"confidence_level":0.95,"lower_bound":264131.28761574073,"upper_bound":264156.5},"point_estimate":264141.48887383903,"standard_error":7.132300809609671},"MedianAbsDev":{"confidence_interval":{"confidence_level":0.95,"lower_bound":35.84723804847631,"upper_bound":62.94305288513648},"point_estimate":49.07717903886876,"standard_error":7.102624775502781},"Slope":{"confidence_interval":{"confidence_level":0.95,"lower_bound":264124.9824721476,"upper_bound":264146.96800463845},"point_estimate":264135.5726547953,"standard_error":5.627317189653416},"StdDev":{"confidence_interval":{"confidence_level":0.95,"lower_bound":56.98380210425931,"upper_bound":119.28432272957086},"point_estimate":89.70774403811146,"standard_error":15.85363942566194}}