{"Mean":{"confidence_interval":{"confidence_level":0.95,"lower_bound":942.4204819720861,"upper_bound":942.7047805949936},"point_estimate":942.532024804496,"standard_error":0.07491517140992482},"Median":{"confidence_interval":{"confidence_level":0.95,"lower_bound":942.3984985994398,"upper_bound":942.434651336318},"point_estimate":942.4147031092748,"standard_error":0.008952120835281102},"MedianAbsDev":{"confidence_interval":{"confidence_level":0.95,"lower_bound":0.06918499531598599,"upper_bound":0.12457452209318202},"point_estimate":0.088045252973873,"standard_error":0.013697311106790623},"Slope":{"confidence_interval":{"confidence_level":0.95,"lower_bound":942.3959006698782,"upper_bound":942.4801829462425},"point_estimate":942.4295452891131,"standard_error":0.0218676157102727},"StdDev":{"confidence_interval":{"confidence_level":0.95,"lower_bound":0.20120199321807375,"upper_bound":1.2289269926591568},"point_estimate":0.7487220488411171,"standard_error":0.3256723968178514}}