{"Mean":{"confidence_interval":{"confidence_level":0.95,"lower_bound":37915.58437210793,"upper_bound":37937.538958413286},"point_estimate":37924.72055408583,"standard_error":5.706218288193557},"Median":{"confidence_interval":{"confidence_level":0.95,"lower_bound":37909.317930660894,"upper_bound":37918.69751914752},"point_estimate":37914.50388214726,"standard_error":2.2732873963501294},"MedianAbsDev":{"confidence_interval":{"confidence_level":0.95,"lower_bound":13.796776415893392,"upper_bound":23.105693548978667},"point_estimate":18.278843546318885,"standard_error":2.239186645217244},"Slope":{"confidence_interval":{"confidence_level":0.95,"lower_bound":37911.04161426422,"upper_bound":37917.99770290899},"point_estimate":37914.429516886245,"standard_error":1.7761627824756634},"StdDev":{"confidence_interval":{"confidence_level":0.95,"lower_bound":21.333490461751325,"upper_bound":90.99240871810962},"point_estimate":57.24618971603418,"standard_error":21.3233140212223}}