{"Mean":{"confidence_interval":{"confidence_level":0.95,"lower_bound":1465516.7468159893,"upper_bound":1468047.2064103351},"point_estimate":1466584.838977784,"standard_error":659.6941915674379},"Median":{"confidence_interval":{"confidence_level":0.95,"lower_bound":1465161.6369895537,"upper_bound":1465593.6136950904},"point_estimate":1465424.6524137931,"standard_error":102.42291411086055},"MedianAbsDev":{"confidence_interval":{"confidence_level":0.95,"lower_bound":911.6281625108729,"upper_bound":1430.678833831213},"point_estimate":1217.7306209837668,"standard_error":136.41589965239518},"Slope":{"confidence_interval":{"confidence_level":0.95,"lower_bound":1465012.6885857042,"upper_bound":1465452.032765699},"point_estimate":1465229.0331402393,"standard_error":112.22830198628478},"StdDev":{"confidence_interval":{"confidence_level":0.95,"lower_bound":1535.8738753441237,"upper_bound":10266.107502748499},"point_estimate":6663.402780183163,"standard_error":2346.125580856683}}