{"Mean":{"confidence_interval":{"confidence_level":0.95,"lower_bound":1465654.9869714426,"upper_bound":1469991.4155945957},"point_estimate":1467410.2916739818,"standard_error":1138.129527126794},"Median":{"confidence_interval":{"confidence_level":0.95,"lower_bound":1465116.1975,"upper_bound":1465603.8393103448},"point_estimate":1465330.9715762273,"standard_error":140.99635838774557},"MedianAbsDev":{"confidence_interval":{"confidence_level":0.95,"lower_bound":1023.3042727282823,"upper_bound":1662.4086394863134},"point_estimate":1323.3893639832902,"standard_error":159.30828457171438},"Slope":{"confidence_interval":{"confidence_level":0.95,"lower_bound":1464963.1649772974,"upper_bound":1465397.9558698225},"point_estimate":1465175.5872971774,"standard_error":110.99678849120392},"StdDev":{"confidence_interval":{"confidence_level":0.95,"lower_bound":1850.8577781923134,"upper_bound":18391.994135571695},"point_estimate":11444.86820342844,"standard_error":4573.307931266488}}