{"Mean":{"confidence_interval":{"confidence_level":0.95,"lower_bound":3343710.2238667966,"upper_bound":3344272.84345411},"point_estimate":3343987.786693867,"standard_error":143.35099811249134},"Median":{"confidence_interval":{"confidence_level":0.95,"lower_bound":3343660.8666666667,"upper_bound":3344305.8541666665},"point_estimate":3343962.7125,"standard_error":144.25632872904143},"MedianAbsDev":{"confidence_interval":{"confidence_level":0.95,"lower_bound":826.8669616271488,"upper_bound":1284.087779091555},"point_estimate":1001.477371505979,"standard_error":118.16767398186836},"Slope":{"confidence_interval":{"confidence_level":0.95,"lower_bound":3343763.0460922983,"upper_bound":3344223.411306554},"point_estimate":3343988.946298212,"standard_error":117.55687977887771},"StdDev":{"confidence_interval":{"confidence_level":0.95,"lower_bound":1072.5144083546143,"upper_bound":1786.1167483110307},"point_estimate":1439.605263005215,"standard_error":183.02886122813845}}