{"Mean":{"confidence_interval":{"confidence_level":0.95,"lower_bound":3430862.3921460947,"upper_bound":3433381.77647226},"point_estimate":3431987.4433527654,"standard_error":647.9434611754967},"Median":{"confidence_interval":{"confidence_level":0.95,"lower_bound":3429880.64,"upper_bound":3431136.135802469},"point_estimate":3430480.3181818184,"standard_error":306.3169556631588},"MedianAbsDev":{"confidence_interval":{"confidence_level":0.95,"lower_bound":1924.2503595413273,"upper_bound":3760.3104257131054},"point_estimate":2712.051373590694,"standard_error":471.04587452919753},"Slope":{"confidence_interval":{"confidence_level":0.95,"lower_bound":3430179.544479689,"upper_bound":3431413.2996402276},"point_estimate":3430776.945529777,"standard_error":314.5977340321783},"StdDev":{"confidence_interval":{"confidence_level":0.95,"lower_bound":3307.3398634299283,"upper_bound":9608.470077929422},"point_estimate":6495.115792897994,"standard_error":1705.7343989194708}}