{"Mean":{"confidence_interval":{"confidence_level":0.95,"lower_bound":3445098.2250700034,"upper_bound":3447368.2474078527},"point_estimate":3446078.0069764336,"standard_error":584.0118913342209},"Median":{"confidence_interval":{"confidence_level":0.95,"lower_bound":3444627.6414438505,"upper_bound":3445564.258984154},"point_estimate":3445109.751282051,"standard_error":257.209681363869},"MedianAbsDev":{"confidence_interval":{"confidence_level":0.95,"lower_bound":1414.0811574739225,"upper_bound":2629.5872131051715},"point_estimate":1907.146730243826,"standard_error":310.977619684094},"Slope":{"confidence_interval":{"confidence_level":0.95,"lower_bound":3444626.96498316,"upper_bound":3445436.109378494},"point_estimate":3445028.94381262,"standard_error":206.11717639071037},"StdDev":{"confidence_interval":{"confidence_level":0.95,"lower_bound":2376.3294396399974,"upper_bound":9051.474993879194},"point_estimate":5872.833805957534,"standard_error":1879.7108361571147}}