{"Mean":{"confidence_interval":{"confidence_level":0.95,"lower_bound":20168.19029302839,"upper_bound":20176.294675051216},"point_estimate":20171.843636203976,"standard_error":2.0780843051605316},"Median":{"confidence_interval":{"confidence_level":0.95,"lower_bound":20163.087397260275,"upper_bound":20165.17910447761},"point_estimate":20163.705512820514,"standard_error":0.6329028779487275},"MedianAbsDev":{"confidence_interval":{"confidence_level":0.95,"lower_bound":1.92324557904425,"upper_bound":6.871888236404166},"point_estimate":3.037364686462327,"standard_error":1.3488032654378297},"Slope":{"confidence_interval":{"confidence_level":0.95,"lower_bound":20164.445222905608,"upper_bound":20173.2415284967},"point_estimate":20167.80483794887,"standard_error":2.3435388304399107},"StdDev":{"confidence_interval":{"confidence_level":0.95,"lower_bound":9.245403714117797,"upper_bound":29.838253188092136},"point_estimate":20.873206423978814,"standard_error":5.205698964492406}}