{"Mean":{"confidence_interval":{"confidence_level":0.95,"lower_bound":36392.64556024268,"upper_bound":36440.31000268235},"point_estimate":36411.66302270531,"standard_error":12.565614191877946},"Median":{"confidence_interval":{"confidence_level":0.95,"lower_bound":36391.996242236026,"upper_bound":36401.87605042017},"point_estimate":36396.39576308784,"standard_error":2.76950676809869},"MedianAbsDev":{"confidence_interval":{"confidence_level":0.95,"lower_bound":15.592547778546777,"upper_bound":26.045448589839708},"point_estimate":21.31057478845971,"standard_error":2.6453647525106687},"Slope":{"confidence_interval":{"confidence_level":0.95,"lower_bound":36393.534399519536,"upper_bound":36400.41999090716},"point_estimate":36396.95841573603,"standard_error":1.75282534262401},"StdDev":{"confidence_interval":{"confidence_level":0.95,"lower_bound":31.68314312069826,"upper_bound":207.15727464784806},"point_estimate":126.59586919422885,"standard_error":53.509841356119516}}