{"Mean":{"confidence_interval":{"confidence_level":0.95,"lower_bound":1559993.909399335,"upper_bound":1562691.262859621},"point_estimate":1561148.810770259,"standard_error":696.7164939446087},"Median":{"confidence_interval":{"confidence_level":0.95,"lower_bound":1559465.8039702233,"upper_bound":1560199.679239932},"point_estimate":1559785.1795572168,"standard_error":194.37788078831963},"MedianAbsDev":{"confidence_interval":{"confidence_level":0.95,"lower_bound":906.0830390729809,"upper_bound":1562.2390769948843},"point_estimate":1155.9983505187713,"standard_error":172.98475642966062},"Slope":{"confidence_interval":{"confidence_level":0.95,"lower_bound":1559481.1332755059,"upper_bound":1559920.2890384165},"point_estimate":1559691.1779163587,"standard_error":112.07594037944472},"StdDev":{"confidence_interval":{"confidence_level":0.95,"lower_bound":1735.635809688004,"upper_bound":10470.975775644316},"point_estimate":6983.26505954003,"standard_error":2149.029685276128}}