{"Mean":{"confidence_interval":{"confidence_level":0.95,"lower_bound":458.49021662862475,"upper_bound":458.7735987892581},"point_estimate":458.5993581507216,"standard_error":0.07588550616269804},"Median":{"confidence_interval":{"confidence_level":0.95,"lower_bound":458.4507523870405,"upper_bound":458.50087719298244},"point_estimate":458.47630020871327,"standard_error":0.01231105965448482},"MedianAbsDev":{"confidence_interval":{"confidence_level":0.95,"lower_bound":0.07423031528626081,"upper_bound":0.134142185478164},"point_estimate":0.09356612773319423,"standard_error":0.015568147791951195},"Slope":{"confidence_interval":{"confidence_level":0.95,"lower_bound":458.4842756858974,"upper_bound":458.5671579826075},"point_estimate":458.5214119864461,"standard_error":0.021191104576161034},"StdDev":{"confidence_interval":{"confidence_level":0.95,"lower_bound":0.1580922685807284,"upper_bound":1.2673114117319808},"point_estimate":0.7622192465537019,"standard_error":0.35270911931663546}}