{"Mean":{"confidence_interval":{"confidence_level":0.95,"lower_bound":436.49564552392457,"upper_bound":436.5831675044352},"point_estimate":436.53347930025035,"standard_error":0.022493095836879303},"Median":{"confidence_interval":{"confidence_level":0.95,"lower_bound":436.4727478157237,"upper_bound":436.5245520108523},"point_estimate":436.50200261603686,"standard_error":0.014167611532360874},"MedianAbsDev":{"confidence_interval":{"confidence_level":0.95,"lower_bound":0.05902907921948643,"upper_bound":0.09134669624582484},"point_estimate":0.07107005481736123,"standard_error":0.008355535529282964},"Slope":{"confidence_interval":{"confidence_level":0.95,"lower_bound":436.49124720449186,"upper_bound":436.66069031392425},"point_estimate":436.5502138540593,"standard_error":0.04852347134391874},"StdDev":{"confidence_interval":{"confidence_level":0.95,"lower_bound":0.1004809259175157,"upper_bound":0.3463032946324988},"point_estimate":0.22655170028149804,"standard_error":0.07072423873198459}}