{"Mean":{"confidence_interval":{"confidence_level":0.95,"lower_bound":227449.22964909687,"upper_bound":228401.6431566023},"point_estimate":227797.01293995546,"standard_error":268.933686475352},"Median":{"confidence_interval":{"confidence_level":0.95,"lower_bound":227451.60634920635,"upper_bound":227498.50652173912},"point_estimate":227472.97969696968,"standard_error":11.574402189150364},"MedianAbsDev":{"confidence_interval":{"confidence_level":0.95,"lower_bound":82.01705238431914,"upper_bound":189.2384033922674},"point_estimate":123.67447675170934,"standard_error":27.78758618992061},"Slope":{"confidence_interval":{"confidence_level":0.95,"lower_bound":227324.37605491193,"upper_bound":229782.71970458573},"point_estimate":228136.6011260529,"standard_error":716.766564764151},"StdDev":{"confidence_interval":{"confidence_level":0.95,"lower_bound":435.29164032248127,"upper_bound":4534.432888304314},"point_estimate":2681.873647746037,"standard_error":1408.3537160953185}}