{"Mean":{"confidence_interval":{"confidence_level":0.95,"lower_bound":227601.4653525115,"upper_bound":227701.18235330988},"point_estimate":227649.34492997415,"standard_error":25.443873624167303},"Median":{"confidence_interval":{"confidence_level":0.95,"lower_bound":227585.77411616163,"upper_bound":227645.16842105263},"point_estimate":227612.92065934066,"standard_error":16.730869694346627},"MedianAbsDev":{"confidence_interval":{"confidence_level":0.95,"lower_bound":131.7019193555334,"upper_bound":216.63670933922734},"point_estimate":167.90177222534209,"standard_error":21.618253301144787},"Slope":{"confidence_interval":{"confidence_level":0.95,"lower_bound":227603.03292232912,"upper_bound":227677.25206246183},"point_estimate":227635.52532998373,"standard_error":19.041111166982443},"StdDev":{"confidence_interval":{"confidence_level":0.95,"lower_bound":178.8642203463596,"upper_bound":326.99035415345617},"point_estimate":255.51737907685023,"standard_error":38.08766979296792}}