{"Mean":{"confidence_interval":{"confidence_level":0.95,"lower_bound":15773.372736508069,"upper_bound":15779.595079961595},"point_estimate":15776.139971816838,"standard_error":1.5972698601261277},"Median":{"confidence_interval":{"confidence_level":0.95,"lower_bound":15769.842127842128,"upper_bound":15774.410830999066},"point_estimate":15771.89752617359,"standard_error":1.0452381695325108},"MedianAbsDev":{"confidence_interval":{"confidence_level":0.95,"lower_bound":5.2373419152754765,"upper_bound":11.493709901232911},"point_estimate":8.263889745461231,"standard_error":1.627774759349715},"Slope":{"confidence_interval":{"confidence_level":0.95,"lower_bound":15774.116050923278,"upper_bound":15778.285870757327},"point_estimate":15776.238187281415,"standard_error":1.0634732206890614},"StdDev":{"confidence_interval":{"confidence_level":0.95,"lower_bound":8.99878103262409,"upper_bound":23.604953854232942},"point_estimate":16.024511425752003,"standard_error":4.319378527260686}}