{"Mean":{"confidence_interval":{"confidence_level":0.95,"lower_bound":12799.33672238893,"upper_bound":12838.98367397231},"point_estimate":12818.012747761624,"standard_error":10.087234244160967},"Median":{"confidence_interval":{"confidence_level":0.95,"lower_bound":12783.74951076321,"upper_bound":12812.566571091247},"point_estimate":12797.478476494267,"standard_error":7.817784210555704},"MedianAbsDev":{"confidence_interval":{"confidence_level":0.95,"lower_bound":54.21672750336905,"upper_bound":90.15011847423516},"point_estimate":70.70316257251888,"standard_error":9.14604138005013},"Slope":{"confidence_interval":{"confidence_level":0.95,"lower_bound":12788.5391818499,"upper_bound":12808.922561784584},"point_estimate":12798.670076824314,"standard_error":5.20617548607692},"StdDev":{"confidence_interval":{"confidence_level":0.95,"lower_bound":68.31442442647494,"upper_bound":130.41250138886903},"point_estimate":101.24354890818572,"standard_error":15.91418446269749}}