{"Mean":{"confidence_interval":{"confidence_level":0.95,"lower_bound":69513.29765547634,"upper_bound":69603.62552279583},"point_estimate":69551.56774281806,"standard_error":23.45991993747343},"Median":{"confidence_interval":{"confidence_level":0.95,"lower_bound":69497.23958333333,"upper_bound":69523.72568115941},"point_estimate":69512.75596774195,"standard_error":6.963107572446559},"MedianAbsDev":{"confidence_interval":{"confidence_level":0.95,"lower_bound":38.11447881732787,"upper_bound":70.61751877044259},"point_estimate":57.508646611996674,"standard_error":8.36020275386973},"Slope":{"confidence_interval":{"confidence_level":0.95,"lower_bound":69498.7952882246,"upper_bound":69519.4402635439},"point_estimate":69508.30898615831,"standard_error":5.264808867397909},"StdDev":{"confidence_interval":{"confidence_level":0.95,"lower_bound":65.48894948457382,"upper_bound":361.9786048062617},"point_estimate":234.8296166058775,"standard_error":79.69525459488852}}