{"Mean":{"confidence_interval":{"confidence_level":0.95,"lower_bound":22998.509615350642,"upper_bound":23024.380827643607},"point_estimate":23010.402475669634,"standard_error":6.6048403213421905},"Median":{"confidence_interval":{"confidence_level":0.95,"lower_bound":22988.477713178294,"upper_bound":22999.560124375872},"point_estimate":22993.77526427061,"standard_error":2.8400418871142996},"MedianAbsDev":{"confidence_interval":{"confidence_level":0.95,"lower_bound":14.811002212385555,"upper_bound":26.81886395427277},"point_estimate":19.141465993717706,"standard_error":3.044396278521831},"Slope":{"confidence_interval":{"confidence_level":0.95,"lower_bound":22992.66157927637,"upper_bound":23002.382718639376},"point_estimate":22997.27446699269,"standard_error":2.478147836164888},"StdDev":{"confidence_interval":{"confidence_level":0.95,"lower_bound":38.63283528344193,"upper_bound":89.4752850047541},"point_estimate":66.30114899176563,"standard_error":12.975411709155678}}