{"Mean":{"confidence_interval":{"confidence_level":0.95,"lower_bound":2130929.9815791897,"upper_bound":2132443.499021743},"point_estimate":2131566.725559048,"standard_error":391.17059844410926},"Median":{"confidence_interval":{"confidence_level":0.95,"lower_bound":2130545.970588235,"upper_bound":2130954.419354839},"point_estimate":2130725.107834788,"standard_error":122.23198884150084},"MedianAbsDev":{"confidence_interval":{"confidence_level":0.95,"lower_bound":616.740086499228,"upper_bound":1233.8980745971244},"point_estimate":905.1195919737106,"standard_error":154.80198107788485},"Slope":{"confidence_interval":{"confidence_level":0.95,"lower_bound":2130634.6512388457,"upper_bound":2131167.291981522},"point_estimate":2130886.2896763706,"standard_error":136.43116286631502},"StdDev":{"confidence_interval":{"confidence_level":0.95,"lower_bound":1198.175681499003,"upper_bound":6162.42199988773},"point_estimate":3930.417616028726,"standard_error":1341.5276901934071}}