{"Mean":{"confidence_interval":{"confidence_level":0.95,"lower_bound":251550.03821261282,"upper_bound":251766.25455700763},"point_estimate":251631.93594887303,"standard_error":58.346171262727694},"Median":{"confidence_interval":{"confidence_level":0.95,"lower_bound":251535.33966973887,"upper_bound":251562.4186746988},"point_estimate":251551.8497629916,"standard_error":8.040608740080142},"MedianAbsDev":{"confidence_interval":{"confidence_level":0.95,"lower_bound":41.68075686112955,"upper_bound":74.20677618260706},"point_estimate":55.94591000674084,"standard_error":7.882079737656377},"Slope":{"confidence_interval":{"confidence_level":0.95,"lower_bound":251530.15000770806,"upper_bound":251617.94340038602},"point_estimate":251562.74413329392,"standard_error":23.82989698677542},"StdDev":{"confidence_interval":{"confidence_level":0.95,"lower_bound":123.5296780939182,"upper_bound":981.6876545040284},"point_estimate":588.4750338935885,"standard_error":282.5429542174381}}