{"Mean":{"confidence_interval":{"confidence_level":0.95,"lower_bound":137530.0368260763,"upper_bound":137631.4384311493},"point_estimate":137573.52529959453,"standard_error":26.254952018715905},"Median":{"confidence_interval":{"confidence_level":0.95,"lower_bound":137499.32753164557,"upper_bound":137519.6567759467},"point_estimate":137514.12881979375,"standard_error":5.379406702565905},"MedianAbsDev":{"confidence_interval":{"confidence_level":0.95,"lower_bound":31.409707424385697,"upper_bound":58.510595804661804},"point_estimate":50.057602227431225,"standard_error":7.214806447624833},"Slope":{"confidence_interval":{"confidence_level":0.95,"lower_bound":137495.03564869193,"upper_bound":137516.31796020988},"point_estimate":137504.81705630265,"standard_error":5.4426789050347155},"StdDev":{"confidence_interval":{"confidence_level":0.95,"lower_bound":77.77176484846534,"upper_bound":397.1601222435843},"point_estimate":263.45187386328007,"standard_error":84.10646785093125}}