{"Mean":{"confidence_interval":{"confidence_level":0.95,"lower_bound":40082.23233925853,"upper_bound":40148.10245910111},"point_estimate":40111.21164279028,"standard_error":16.93129516779629},"Median":{"confidence_interval":{"confidence_level":0.95,"lower_bound":40058.449933155076,"upper_bound":40087.13391304348},"point_estimate":40074.130000000005,"standard_error":7.675376909515147},"MedianAbsDev":{"confidence_interval":{"confidence_level":0.95,"lower_bound":40.17835529323873,"upper_bound":77.85610382248309},"point_estimate":60.40150308150964,"standard_error":9.941485859298684},"Slope":{"confidence_interval":{"confidence_level":0.95,"lower_bound":40069.23221459778,"upper_bound":40098.825364222925},"point_estimate":40083.502234609135,"standard_error":7.559081913689829},"StdDev":{"confidence_interval":{"confidence_level":0.95,"lower_bound":80.33739230134611,"upper_bound":255.48480930750537},"point_estimate":170.0500796839096,"standard_error":48.80799402171469}}