{"Mean":{"confidence_interval":{"confidence_level":0.95,"lower_bound":1715508.6744876562,"upper_bound":1717341.138947938},"point_estimate":1716316.0236696184,"standard_error":470.1545021172093},"Median":{"confidence_interval":{"confidence_level":0.95,"lower_bound":1714885.5789473683,"upper_bound":1715655.5652173914},"point_estimate":1715233.8977443608,"standard_error":192.13808346587572},"MedianAbsDev":{"confidence_interval":{"confidence_level":0.95,"lower_bound":1296.81680107933,"upper_bound":2308.9297206736414},"point_estimate":1734.4758601745818,"standard_error":251.88550202545352},"Slope":{"confidence_interval":{"confidence_level":0.95,"lower_bound":1714701.023650472,"upper_bound":1715467.2692774842},"point_estimate":1715069.2680271908,"standard_error":195.51703981694214},"StdDev":{"confidence_interval":{"confidence_level":0.95,"lower_bound":2372.9341512302613,"upper_bound":7075.659835960944},"point_estimate":4734.856841116682,"standard_error":1360.9281408238724}}