{"Mean":{"confidence_interval":{"confidence_level":0.95,"lower_bound":8582.307781348432,"upper_bound":8586.537733024235},"point_estimate":8583.918625150738,"standard_error":1.1442009464177578},"Median":{"confidence_interval":{"confidence_level":0.95,"lower_bound":8581.773824451411,"upper_bound":8582.13303291536},"point_estimate":8581.970813935139,"standard_error":0.11044886874731287},"MedianAbsDev":{"confidence_interval":{"confidence_level":0.95,"lower_bound":0.6805441899351687,"upper_bound":1.5000775498713768},"point_estimate":1.0368963101908517,"standard_error":0.2046379238988308},"Slope":{"confidence_interval":{"confidence_level":0.95,"lower_bound":8581.825875667737,"upper_bound":8582.344151535202},"point_estimate":8582.064888531057,"standard_error":0.13249399642885798},"StdDev":{"confidence_interval":{"confidence_level":0.95,"lower_bound":2.3210826883181834,"upper_bound":19.169207792750573},"point_estimate":11.506552476024591,"standard_error":5.452511038032964}}