{"Mean":{"confidence_interval":{"confidence_level":0.95,"lower_bound":209798.09738034423,"upper_bound":210425.22478251168},"point_estimate":210019.36134288262,"standard_error":187.7841262869631},"Median":{"confidence_interval":{"confidence_level":0.95,"lower_bound":209764.55483490566,"upper_bound":209787.87272727274},"point_estimate":209776.0411550152,"standard_error":6.525549061128805},"MedianAbsDev":{"confidence_interval":{"confidence_level":0.95,"lower_bound":34.84842765550373,"upper_bound":66.30516031249542},"point_estimate":47.55843854798039,"standard_error":8.11276328258118},"Slope":{"confidence_interval":{"confidence_level":0.95,"lower_bound":209765.64325709347,"upper_bound":209817.1816672175},"point_estimate":209787.65767696174,"standard_error":13.280550490849295},"StdDev":{"confidence_interval":{"confidence_level":0.95,"lower_bound":138.63272239227854,"upper_bound":3238.2139178338257},"point_estimate":1897.6983526346614,"standard_error":1082.672913602193}}