{"Mean":{"confidence_interval":{"confidence_level":0.95,"lower_bound":11382106.122445175,"upper_bound":11387146.797561666},"point_estimate":11384622.358089998,"standard_error":1286.557671604054},"Median":{"confidence_interval":{"confidence_level":0.95,"lower_bound":11380905.5,"upper_bound":11386241.1},"point_estimate":11383179.617918719,"standard_error":1271.522320282319},"MedianAbsDev":{"confidence_interval":{"confidence_level":0.95,"lower_bound":8085.786629524878,"upper_bound":14238.670502768367},"point_estimate":10755.2395519276,"standard_error":1586.6623276534647},"Slope":{"confidence_interval":{"confidence_level":0.95,"lower_bound":11383993.545766054,"upper_bound":11388314.613620032},"point_estimate":11386143.331848677,"standard_error":1101.054202823271},"StdDev":{"confidence_interval":{"confidence_level":0.95,"lower_bound":10584.360481399004,"upper_bound":15199.289618984505},"point_estimate":12923.870424212853,"standard_error":1183.9915778955}}