{"Mean":{"confidence_interval":{"confidence_level":0.95,"lower_bound":4731.329022318392,"upper_bound":4733.921619018095},"point_estimate":4732.418732662069,"standard_error":0.6689740348210306},"Median":{"confidence_interval":{"confidence_level":0.95,"lower_bound":4731.041284951094,"upper_bound":4731.283922218133},"point_estimate":4731.153343296275,"standard_error":0.06819499279408754},"MedianAbsDev":{"confidence_interval":{"confidence_level":0.95,"lower_bound":0.5101894705775206,"upper_bound":1.0452177859666352},"point_estimate":0.8068853346635276,"standard_error":0.13536411938434625},"Slope":{"confidence_interval":{"confidence_level":0.95,"lower_bound":4731.1769119831215,"upper_bound":4733.6437365646425},"point_estimate":4732.209474886216,"standard_error":0.6366730386991724},"StdDev":{"confidence_interval":{"confidence_level":0.95,"lower_bound":2.3437578707699593,"upper_bound":10.500206542722006},"point_estimate":6.707682254881932,"standard_error":2.278278797866584}}