{"Mean":{"confidence_interval":{"confidence_level":0.95,"lower_bound":22828.41751060692,"upper_bound":22844.31554900068},"point_estimate":22835.698541123307,"standard_error":4.08327897469034},"Median":{"confidence_interval":{"confidence_level":0.95,"lower_bound":22827.709207459207,"upper_bound":22833.68834622824},"point_estimate":22830.648488841733,"standard_error":1.4024417972523444},"MedianAbsDev":{"confidence_interval":{"confidence_level":0.95,"lower_bound":9.290220790238337,"upper_bound":18.205179157199446},"point_estimate":12.305698020100351,"standard_error":2.2808074612544176},"Slope":{"confidence_interval":{"confidence_level":0.95,"lower_bound":22828.844352700733,"upper_bound":22834.731360972368},"point_estimate":22831.666056732538,"standard_error":1.500058632104046},"StdDev":{"confidence_interval":{"confidence_level":0.95,"lower_bound":22.079001910666026,"upper_bound":58.07003764101481},"point_estimate":41.180159984062264,"standard_error":9.302175882125736}}