{"Mean":{"confidence_interval":{"confidence_level":0.95,"lower_bound":870047.2699823861,"upper_bound":870895.2447500537},"point_estimate":870425.0649276968,"standard_error":218.40747493297468},"Median":{"confidence_interval":{"confidence_level":0.95,"lower_bound":869790.4255319149,"upper_bound":870027.7053571428},"point_estimate":869923.3833333333,"standard_error":62.14198630660727},"MedianAbsDev":{"confidence_interval":{"confidence_level":0.95,"lower_bound":503.8348387295534,"upper_bound":964.2888979853196},"point_estimate":749.0672604126866,"standard_error":121.02255839631201},"Slope":{"confidence_interval":{"confidence_level":0.95,"lower_bound":869871.4885632654,"upper_bound":870225.7325512103},"point_estimate":870038.8239352742,"standard_error":89.96463364422821},"StdDev":{"confidence_interval":{"confidence_level":0.95,"lower_bound":979.8743244539363,"upper_bound":3123.881056085032},"point_estimate":2196.5965290143913,"standard_error":538.7864914161703}}