{"Mean":{"confidence_interval":{"confidence_level":0.95,"lower_bound":6910.534009496772,"upper_bound":6927.487600786462},"point_estimate":6917.752443057688,"standard_error":4.3882251782480335},"Median":{"confidence_interval":{"confidence_level":0.95,"lower_bound":6903.834014681498,"upper_bound":6908.460366144576},"point_estimate":6905.89545879222,"standard_error":1.2386879645341984},"MedianAbsDev":{"confidence_interval":{"confidence_level":0.95,"lower_bound":6.537658625191844,"upper_bound":13.999711299755921},"point_estimate":9.1641915459851,"standard_error":1.8888258003275744},"Slope":{"confidence_interval":{"confidence_level":0.95,"lower_bound":6912.574892638081,"upper_bound":6928.264126742745},"point_estimate":6920.367877120662,"standard_error":4.0126245374018845},"StdDev":{"confidence_interval":{"confidence_level":0.95,"lower_bound":19.18766306780065,"upper_bound":68.00734506003127},"point_estimate":43.82174509124373,"standard_error":14.70682194872549}}