{"Mean":{"confidence_interval":{"confidence_level":0.95,"lower_bound":1810.7649549484229,"upper_bound":1811.3851029959537},"point_estimate":1811.0395894630572,"standard_error":0.15965651622086616},"Median":{"confidence_interval":{"confidence_level":0.95,"lower_bound":1810.7671622808598,"upper_bound":1810.9194633520765},"point_estimate":1810.8188156797332,"standard_error":0.04177943183042712},"MedianAbsDev":{"confidence_interval":{"confidence_level":0.95,"lower_bound":0.3117226980106043,"upper_bound":0.5248476158936838},"point_estimate":0.435766661549262,"standard_error":0.054840617178961396},"Slope":{"confidence_interval":{"confidence_level":0.95,"lower_bound":1810.8059855259894,"upper_bound":1811.598101424394},"point_estimate":1811.0917538838644,"standard_error":0.21843054524508387},"StdDev":{"confidence_interval":{"confidence_level":0.95,"lower_bound":0.64175228896128,"upper_bound":2.345786992689764},"point_estimate":1.6008769568492447,"standard_error":0.44487145657673066}}