{"Mean":{"confidence_interval":{"confidence_level":0.95,"lower_bound":1779.0701024505904,"upper_bound":1779.37269834378},"point_estimate":1779.221070888121,"standard_error":0.0773048129548914},"Median":{"confidence_interval":{"confidence_level":0.95,"lower_bound":1779.217651270833,"upper_bound":1779.5839959611258},"point_estimate":1779.4639299923697,"standard_error":0.09292940320847916},"MedianAbsDev":{"confidence_interval":{"confidence_level":0.95,"lower_bound":0.4453516363045042,"upper_bound":1.0327498392788959},"point_estimate":0.6659624147115049,"standard_error":0.15910052278032136},"Slope":{"confidence_interval":{"confidence_level":0.95,"lower_bound":1778.7347980593106,"upper_bound":1779.0531254481396},"point_estimate":1778.884572943389,"standard_error":0.0812240619743881},"StdDev":{"confidence_interval":{"confidence_level":0.95,"lower_bound":0.681089747113968,"upper_bound":0.868458280274365},"point_estimate":0.7774266975586017,"standard_error":0.04779312288731486}}