{"Mean":{"confidence_interval":{"confidence_level":0.95,"lower_bound":3250591.208968665,"upper_bound":3250873.341563236},"point_estimate":3250714.7152641476,"standard_error":72.41049963250072},"Median":{"confidence_interval":{"confidence_level":0.95,"lower_bound":3250587.263157895,"upper_bound":3250702.7},"point_estimate":3250648.7400370715,"standard_error":30.263848575443298},"MedianAbsDev":{"confidence_interval":{"confidence_level":0.95,"lower_bound":170.66073515169577,"upper_bound":275.137608448695},"point_estimate":215.47385576336552,"standard_error":26.687387058879626},"Slope":{"confidence_interval":{"confidence_level":0.95,"lower_bound":3250615.754913716,"upper_bound":3250907.099663804},"point_estimate":3250722.311083198,"standard_error":78.91628649920705},"StdDev":{"confidence_interval":{"confidence_level":0.95,"lower_bound":296.68743356270915,"upper_bound":1119.7900199608573},"point_estimate":726.3436639830796,"standard_error":227.3574500948607}}