{"Mean":{"confidence_interval":{"confidence_level":0.95,"lower_bound":522305.13702583837,"upper_bound":523490.68649717135},"point_estimate":522776.3745413858,"standard_error":312.2164470472477},"Median":{"confidence_interval":{"confidence_level":0.95,"lower_bound":522099.40425531915,"upper_bound":522271.2078590786},"point_estimate":522154.3799117883,"standard_error":44.564160131792626},"MedianAbsDev":{"confidence_interval":{"confidence_level":0.95,"lower_bound":233.9580299070263,"upper_bound":458.5542565220239},"point_estimate":311.6377827651902,"standard_error":61.252790196825146},"Slope":{"confidence_interval":{"confidence_level":0.95,"lower_bound":522109.8074318394,"upper_bound":522253.2626821586},"point_estimate":522176.6100591104,"standard_error":36.64912868561037},"StdDev":{"confidence_interval":{"confidence_level":0.95,"lower_bound":691.254049972715,"upper_bound":5172.970105076009},"point_estimate":3164.0440371914015,"standard_error":1336.1307369309352}}