{"Mean":{"confidence_interval":{"confidence_level":0.95,"lower_bound":522575.06560113124,"upper_bound":523432.369360226},"point_estimate":522929.29617311334,"standard_error":223.55796165732218},"Median":{"confidence_interval":{"confidence_level":0.95,"lower_bound":522272.94029850746,"upper_bound":522555.31935736677},"point_estimate":522373.52452612703,"standard_error":71.65877418964861},"MedianAbsDev":{"confidence_interval":{"confidence_level":0.95,"lower_bound":368.23777048976166,"upper_bound":715.674452703781},"point_estimate":556.2272920974913,"standard_error":86.05483385427416},"Slope":{"confidence_interval":{"confidence_level":0.95,"lower_bound":522372.9839287741,"upper_bound":522628.539094243},"point_estimate":522494.54014925373,"standard_error":65.26578750522094},"StdDev":{"confidence_interval":{"confidence_level":0.95,"lower_bound":816.459478393467,"upper_bound":3569.97952877145},"point_estimate":2244.880735459653,"standard_error":840.8294961581028}}