{"Mean":{"confidence_interval":{"confidence_level":0.95,"lower_bound":53791.994164655356,"upper_bound":53834.22824440336},"point_estimate":53811.767226633805,"standard_error":10.792849927674606},"Median":{"confidence_interval":{"confidence_level":0.95,"lower_bound":53776.32105263158,"upper_bound":53797.476644736846},"point_estimate":53784.85498771082,"standard_error":5.449867539913762},"MedianAbsDev":{"confidence_interval":{"confidence_level":0.95,"lower_bound":31.04137130903663,"upper_bound":57.70596258139991},"point_estimate":41.94410951850291,"standard_error":6.583666008861265},"Slope":{"confidence_interval":{"confidence_level":0.95,"lower_bound":53783.319399530024,"upper_bound":53807.833772334765},"point_estimate":53794.92998125579,"standard_error":6.271337161391494},"StdDev":{"confidence_interval":{"confidence_level":0.95,"lower_bound":70.8590987471718,"upper_bound":140.54800815492908},"point_estimate":108.39983683668649,"standard_error":17.851764945976388}}