{"Mean":{"confidence_interval":{"confidence_level":0.95,"lower_bound":1850.2742319653628,"upper_bound":1850.5520201291931},"point_estimate":1850.4009744461782,"standard_error":0.07149855458654052},"Median":{"confidence_interval":{"confidence_level":0.95,"lower_bound":1850.2025086079684,"upper_bound":1850.304039781182},"point_estimate":1850.2424892058807,"standard_error":0.024840065682251323},"MedianAbsDev":{"confidence_interval":{"confidence_level":0.95,"lower_bound":0.14451850088352122,"upper_bound":0.2745208814682927},"point_estimate":0.17948812531797695,"standard_error":0.03430534626184817},"Slope":{"confidence_interval":{"confidence_level":0.95,"lower_bound":1850.2322387269624,"upper_bound":1850.6304574178635},"point_estimate":1850.3918742053588,"standard_error":0.10602748794533974},"StdDev":{"confidence_interval":{"confidence_level":0.95,"lower_bound":0.4045570480373725,"upper_bound":0.9695380720466125},"point_estimate":0.7181628031655521,"standard_error":0.14738142559572529}}