{"Mean":{"confidence_interval":{"confidence_level":0.95,"lower_bound":18180.840596171118,"upper_bound":18191.174999147202},"point_estimate":18185.408559253785,"standard_error":2.662789485384804},"Median":{"confidence_interval":{"confidence_level":0.95,"lower_bound":18177.115636363636,"upper_bound":18180.702915951973},"point_estimate":18179.058617852737,"standard_error":0.8748477627464128},"MedianAbsDev":{"confidence_interval":{"confidence_level":0.95,"lower_bound":4.8742985977597835,"upper_bound":8.755078165306166},"point_estimate":6.727224616295424,"standard_error":0.9363954141624578},"Slope":{"confidence_interval":{"confidence_level":0.95,"lower_bound":18178.04441794265,"upper_bound":18180.92929367311},"point_estimate":18179.399040154763,"standard_error":0.7359548555422178},"StdDev":{"confidence_interval":{"confidence_level":0.95,"lower_bound":11.00789953632488,"upper_bound":39.71157399539222},"point_estimate":26.857689328400564,"standard_error":7.335443534999462}}