{"Mean":{"confidence_interval":{"confidence_level":0.95,"lower_bound":4793.297434021358,"upper_bound":4793.965913889085},"point_estimate":4793.59450472512,"standard_error":0.17112975039793016},"Median":{"confidence_interval":{"confidence_level":0.95,"lower_bound":4793.189847862139,"upper_bound":4793.426381012392},"point_estimate":4793.318138124815,"standard_error":0.06419293112512535},"MedianAbsDev":{"confidence_interval":{"confidence_level":0.95,"lower_bound":0.4066739468405028,"upper_bound":0.6689479647969505},"point_estimate":0.5721759629666052,"standard_error":0.06837731233415618},"Slope":{"confidence_interval":{"confidence_level":0.95,"lower_bound":4793.249407665562,"upper_bound":4793.800830850852},"point_estimate":4793.472678792863,"standard_error":0.1452412102614965},"StdDev":{"confidence_interval":{"confidence_level":0.95,"lower_bound":0.8474280073803807,"upper_bound":2.5617969192046304},"point_estimate":1.721556583579239,"standard_error":0.4750689565751019}}