{"Mean":{"confidence_interval":{"confidence_level":0.95,"lower_bound":1085.6048857113865,"upper_bound":1085.8131331809373},"point_estimate":1085.7201404432135,"standard_error":0.05331544157705828},"Median":{"confidence_interval":{"confidence_level":0.95,"lower_bound":1085.7118163054695,"upper_bound":1085.7833564173593},"point_estimate":1085.7433522573324,"standard_error":0.017942475300982298},"MedianAbsDev":{"confidence_interval":{"confidence_level":0.95,"lower_bound":0.10154340706673537,"upper_bound":0.161298494187255},"point_estimate":0.12605199150260482,"standard_error":0.015184240533429665},"Slope":{"confidence_interval":{"confidence_level":0.95,"lower_bound":1085.4781432072314,"upper_bound":1085.764502197186},"point_estimate":1085.6459619729649,"standard_error":0.07518279586763288},"StdDev":{"confidence_interval":{"confidence_level":0.95,"lower_bound":0.22030540541624483,"upper_bound":0.8060753980581316},"point_estimate":0.5364675859384688,"standard_error":0.15388832075962544}}