{"Mean":{"confidence_interval":{"confidence_level":0.95,"lower_bound":783266.2222936038,"upper_bound":784532.9120543441},"point_estimate":783824.7238264899,"standard_error":326.0675319299009},"Median":{"confidence_interval":{"confidence_level":0.95,"lower_bound":782667.9749827468,"upper_bound":783304.8109183674},"point_estimate":783041.155854524,"standard_error":173.74286561637405},"MedianAbsDev":{"confidence_interval":{"confidence_level":0.95,"lower_bound":676.9043079396741,"upper_bound":1263.350285936352},"point_estimate":948.3073688024722,"standard_error":150.169441360584},"Slope":{"confidence_interval":{"confidence_level":0.95,"lower_bound":782800.2776979152,"upper_bound":783195.3776673244},"point_estimate":782988.0187734595,"standard_error":101.06480389858255},"StdDev":{"confidence_interval":{"confidence_level":0.95,"lower_bound":1480.4580762110147,"upper_bound":4842.485999037291},"point_estimate":3274.1734480878567,"standard_error":880.6961784099972}}