{"Mean":{"confidence_interval":{"confidence_level":0.95,"lower_bound":6244761.065020689,"upper_bound":6258492.286868572},"point_estimate":6251266.544057943,"standard_error":3503.3109384019517},"Median":{"confidence_interval":{"confidence_level":0.95,"lower_bound":6241654.019230769,"upper_bound":6256654.168831169},"point_estimate":6248672.093803786,"standard_error":3761.966636190992},"MedianAbsDev":{"confidence_interval":{"confidence_level":0.95,"lower_bound":18483.097924930556,"upper_bound":31013.51603689983},"point_estimate":25051.46692701846,"standard_error":3272.6923765831298},"Slope":{"confidence_interval":{"confidence_level":0.95,"lower_bound":6234430.937936272,"upper_bound":6257177.131959562},"point_estimate":6244456.16341658,"standard_error":5845.360192333124},"StdDev":{"confidence_interval":{"confidence_level":0.95,"lower_bound":24167.016781148803,"upper_bound":44926.98712917977},"point_estimate":35279.29396211904,"standard_error":5251.515135698623}}