{"Mean":{"confidence_interval":{"confidence_level":0.95,"lower_bound":6302203.338508878,"upper_bound":6323896.243884852},"point_estimate":6312298.829241595,"standard_error":5534.1480839801925},"Median":{"confidence_interval":{"confidence_level":0.95,"lower_bound":6294310.877777778,"upper_bound":6324468.709722222},"point_estimate":6303874.078333333,"standard_error":8108.349681284344},"MedianAbsDev":{"confidence_interval":{"confidence_level":0.95,"lower_bound":40943.50853355419,"upper_bound":62877.16949697765},"point_estimate":56070.21279136537,"standard_error":5410.004677590488},"Slope":{"confidence_interval":{"confidence_level":0.95,"lower_bound":6282624.538707149,"upper_bound":6295420.729071169},"point_estimate":6288914.461462982,"standard_error":3266.2488648835433},"StdDev":{"confidence_interval":{"confidence_level":0.95,"lower_bound":38076.34631079887,"upper_bound":77582.68324126319},"point_estimate":55612.80391190855,"standard_error":11981.146899698615}}