{"Mean":{"confidence_interval":{"confidence_level":0.95,"lower_bound":14755272.2201308,"upper_bound":14796706.026563795},"point_estimate":14773525.268806791,"standard_error":10649.882279296948},"Median":{"confidence_interval":{"confidence_level":0.95,"lower_bound":14732685.4,"upper_bound":14747199.334656086},"point_estimate":14739509.819444444,"standard_error":3946.4184641120473},"MedianAbsDev":{"confidence_interval":{"confidence_level":0.95,"lower_bound":22707.665835174343,"upper_bound":51297.510556280795},"point_estimate":36294.1842902315,"standard_error":7461.5229316110945},"Slope":{"confidence_interval":{"confidence_level":0.95,"lower_bound":14733867.155757844,"upper_bound":14749639.538963003},"point_estimate":14741006.162518103,"standard_error":4019.3929443428533},"StdDev":{"confidence_interval":{"confidence_level":0.95,"lower_bound":55688.363654345165,"upper_bound":158722.22632570702},"point_estimate":106784.62107614684,"standard_error":29856.4085650407}}