{"Mean":{"confidence_interval":{"confidence_level":0.95,"lower_bound":1005633.0997504689,"upper_bound":1006344.922780044},"point_estimate":1006011.3942705061,"standard_error":181.71404516827914},"Median":{"confidence_interval":{"confidence_level":0.95,"lower_bound":1006046.367164862,"upper_bound":1006338.1551724138},"point_estimate":1006175.0679100909,"standard_error":76.52047306469917},"MedianAbsDev":{"confidence_interval":{"confidence_level":0.95,"lower_bound":427.26507264404825,"upper_bound":854.5140519346334},"point_estimate":569.6472211306692,"standard_error":108.63985016610492},"Slope":{"confidence_interval":{"confidence_level":0.95,"lower_bound":1004952.4653569325,"upper_bound":1005801.9795094653},"point_estimate":1005416.8746120881,"standard_error":217.76314751884152},"StdDev":{"confidence_interval":{"confidence_level":0.95,"lower_bound":1044.9083129324124,"upper_bound":2541.604018121661},"point_estimate":1830.4712375560423,"standard_error":389.4423522728085}}