{"Mean":{"confidence_interval":{"confidence_level":0.95,"lower_bound":1005009.4382068596,"upper_bound":1006036.8417266837},"point_estimate":1005547.7841620626,"standard_error":261.4139880526024},"Median":{"confidence_interval":{"confidence_level":0.95,"lower_bound":1005811.6526268115,"upper_bound":1006086.3085106383},"point_estimate":1005912.0834005919,"standard_error":69.18383202422947},"MedianAbsDev":{"confidence_interval":{"confidence_level":0.95,"lower_bound":470.41186472532354,"upper_bound":870.5373316403679},"point_estimate":634.1828834259314,"standard_error":103.3571059626455},"Slope":{"confidence_interval":{"confidence_level":0.95,"lower_bound":1005438.8984345245,"upper_bound":1006055.0672340101},"point_estimate":1005792.0145234225,"standard_error":159.15383191618213},"StdDev":{"confidence_interval":{"confidence_level":0.95,"lower_bound":1313.8201546866912,"upper_bound":3674.1535345218695},"point_estimate":2626.808155274328,"standard_error":598.978121567271}}