{"Mean":{"confidence_interval":{"confidence_level":0.95,"lower_bound":313599.334991448,"upper_bound":313703.1390143141},"point_estimate":313643.743319673,"standard_error":26.71671298498036},"Median":{"confidence_interval":{"confidence_level":0.95,"lower_bound":313569.42307692306,"upper_bound":313606.23928812414},"point_estimate":313593.54951690824,"standard_error":9.212351061912463},"MedianAbsDev":{"confidence_interval":{"confidence_level":0.95,"lower_bound":58.3157398973526,"upper_bound":99.13090303631525},"point_estimate":78.69011678477104,"standard_error":9.90246381751013},"Slope":{"confidence_interval":{"confidence_level":0.95,"lower_bound":313565.00681408786,"upper_bound":313606.8261966638},"point_estimate":313585.57782252104,"standard_error":10.657853704647742},"StdDev":{"confidence_interval":{"confidence_level":0.95,"lower_bound":112.36194794635448,"upper_bound":413.9252309407301},"point_estimate":268.5791882456384,"standard_error":86.23868271376746}}