{"Mean":{"confidence_interval":{"confidence_level":0.95,"lower_bound":314125.5446710082,"upper_bound":317346.8801794183},"point_estimate":315220.2212958068,"standard_error":1034.4865955254775},"Median":{"confidence_interval":{"confidence_level":0.95,"lower_bound":314107.46153846156,"upper_bound":314163.77974489797},"point_estimate":314138.19005847955,"standard_error":15.194560731528876},"MedianAbsDev":{"confidence_interval":{"confidence_level":0.95,"lower_bound":99.59446501872442,"upper_bound":175.1305868422439},"point_estimate":140.13306780195904,"standard_error":19.328806557634742},"Slope":{"confidence_interval":{"confidence_level":0.95,"lower_bound":314134.83430742635,"upper_bound":314246.0288609436},"point_estimate":314184.0258726171,"standard_error":28.575926533021793},"StdDev":{"confidence_interval":{"confidence_level":0.95,"lower_bound":228.4420620673946,"upper_bound":17870.905977121278},"point_estimate":10424.701395123995,"standard_error":6378.111205239513}}