{"Mean":{"confidence_interval":{"confidence_level":0.95,"lower_bound":39105.2233682244,"upper_bound":39244.232879156305},"point_estimate":39167.91443402619,"standard_error":35.71345325737963},"Median":{"confidence_interval":{"confidence_level":0.95,"lower_bound":39035.019032513876,"upper_bound":39085.40018549526},"point_estimate":39059.405957767725,"standard_error":15.420357518981497},"MedianAbsDev":{"confidence_interval":{"confidence_level":0.95,"lower_bound":62.55947844782422,"upper_bound":134.71348914907293},"point_estimate":87.24194502712744,"standard_error":17.157138743736073},"Slope":{"confidence_interval":{"confidence_level":0.95,"lower_bound":39033.56919797808,"upper_bound":39061.60027398464},"point_estimate":39047.07487990361,"standard_error":7.113017995176703},"StdDev":{"confidence_interval":{"confidence_level":0.95,"lower_bound":187.5045817213955,"upper_bound":505.0031742056838},"point_estimate":357.4537424899128,"standard_error":82.319782993379}}