{"Mean":{"confidence_interval":{"confidence_level":0.95,"lower_bound":39239.32239721929,"upper_bound":39317.515323394284},"point_estimate":39273.60913360535,"standard_error":19.953152722320958},"Median":{"confidence_interval":{"confidence_level":0.95,"lower_bound":39228.57116944089,"upper_bound":39245.166025641025},"point_estimate":39232.80646978022,"standard_error":4.306889526195704},"MedianAbsDev":{"confidence_interval":{"confidence_level":0.95,"lower_bound":22.318315865517715,"upper_bound":37.239328400858994},"point_estimate":29.505836876700243,"standard_error":3.7198725408885323},"Slope":{"confidence_interval":{"confidence_level":0.95,"lower_bound":39229.243501406614,"upper_bound":39238.28846630199},"point_estimate":39233.78288856555,"standard_error":2.3123737744566717},"StdDev":{"confidence_interval":{"confidence_level":0.95,"lower_bound":43.41968881619236,"upper_bound":292.69087090166175},"point_estimate":200.2942680335124,"standard_error":57.603053974526546}}