{"Mean":{"confidence_interval":{"confidence_level":0.95,"lower_bound":826.6061283572243,"upper_bound":826.7342941637085},"point_estimate":826.6697383105053,"standard_error":0.03272345802235262},"Median":{"confidence_interval":{"confidence_level":0.95,"lower_bound":826.5717482689729,"upper_bound":826.6764637491057},"point_estimate":826.6407140207224,"standard_error":0.026851737918266175},"MedianAbsDev":{"confidence_interval":{"confidence_level":0.95,"lower_bound":0.1524748749839119,"upper_bound":0.2867306574055758},"point_estimate":0.22024267632942635,"standard_error":0.0338296203574994},"Slope":{"confidence_interval":{"confidence_level":0.95,"lower_bound":826.632947124154,"upper_bound":826.7264085515278},"point_estimate":826.67813910579,"standard_error":0.02379436329045709},"StdDev":{"confidence_interval":{"confidence_level":0.95,"lower_bound":0.24939481445678266,"upper_bound":0.4021506584225935},"point_estimate":0.32935671890349505,"standard_error":0.03906391641014456}}