{"Mean":{"confidence_interval":{"confidence_level":0.95,"lower_bound":831.5322655162024,"upper_bound":832.6120191006702},"point_estimate":832.0229402672496,"standard_error":0.2765273601719456},"Median":{"confidence_interval":{"confidence_level":0.95,"lower_bound":830.740626527313,"upper_bound":830.9063212186638},"point_estimate":830.7948434964587,"standard_error":0.04052836321550382},"MedianAbsDev":{"confidence_interval":{"confidence_level":0.95,"lower_bound":0.19577850911866607,"upper_bound":0.454698669509445},"point_estimate":0.26731092065328266,"standard_error":0.06559794974505097},"Slope":{"confidence_interval":{"confidence_level":0.95,"lower_bound":831.6375771283223,"upper_bound":832.5201673587092},"point_estimate":832.0727412492367,"standard_error":0.22491034700362225},"StdDev":{"confidence_interval":{"confidence_level":0.95,"lower_bound":1.6606790812154495,"upper_bound":3.9053230207927894},"point_estimate":2.7680040402621215,"standard_error":0.6016079903867151}}