{"Mean":{"confidence_interval":{"confidence_level":0.95,"lower_bound":107213.37991607736,"upper_bound":107325.66196715688},"point_estimate":107265.6278741154,"standard_error":28.725004346844962},"Median":{"confidence_interval":{"confidence_level":0.95,"lower_bound":107156.66875,"upper_bound":107195.91085204887},"point_estimate":107176.58396781789,"standard_error":9.466767961034192},"MedianAbsDev":{"confidence_interval":{"confidence_level":0.95,"lower_bound":59.40750872632876,"upper_bound":132.04447198907454},"point_estimate":95.39095800701301,"standard_error":18.484718669295415},"Slope":{"confidence_interval":{"confidence_level":0.95,"lower_bound":107176.10204341485,"upper_bound":107239.20490775659},"point_estimate":107204.67147421309,"standard_error":16.169834422207845},"StdDev":{"confidence_interval":{"confidence_level":0.95,"lower_bound":180.7750801534269,"upper_bound":389.51930164153424},"point_estimate":289.26919049261073,"standard_error":54.17342003314937}}