{"Mean":{"confidence_interval":{"confidence_level":0.95,"lower_bound":7685.824235565616,"upper_bound":7706.065898893915},"point_estimate":7695.0482175012385,"standard_error":5.161376885771603},"Median":{"confidence_interval":{"confidence_level":0.95,"lower_bound":7673.961836613,"upper_bound":7683.9125160709555},"point_estimate":7680.404597147403,"standard_error":2.3991892049307877},"MedianAbsDev":{"confidence_interval":{"confidence_level":0.95,"lower_bound":14.884252812309281,"upper_bound":31.204796246448794},"point_estimate":24.600516661342027,"standard_error":4.686626144628974},"Slope":{"confidence_interval":{"confidence_level":0.95,"lower_bound":7680.49152893093,"upper_bound":7694.579801839275},"point_estimate":7686.9680626341005,"standard_error":3.5985405036869156},"StdDev":{"confidence_interval":{"confidence_level":0.95,"lower_bound":31.950376954905604,"upper_bound":72.50518419479155},"point_estimate":51.95414247422222,"standard_error":10.961350130193109}}