{"Mean":{"confidence_interval":{"confidence_level":0.95,"lower_bound":8263.179181353547,"upper_bound":8266.86603355213},"point_estimate":8264.875320794828,"standard_error":0.9418437933043616},"Median":{"confidence_interval":{"confidence_level":0.95,"lower_bound":8261.079966329966,"upper_bound":8264.8325},"point_estimate":8263.590194746375,"standard_error":0.8849587170752747},"MedianAbsDev":{"confidence_interval":{"confidence_level":0.95,"lower_bound":4.509305133344562,"upper_bound":7.7374423181944225},"point_estimate":5.954878414729788,"standard_error":0.8014001605827707},"Slope":{"confidence_interval":{"confidence_level":0.95,"lower_bound":8263.51449212977,"upper_bound":8265.624315516567},"point_estimate":8264.530421998916,"standard_error":0.5350855142844307},"StdDev":{"confidence_interval":{"confidence_level":0.95,"lower_bound":5.527411834319814,"upper_bound":12.92754185336164},"point_estimate":9.468590086482635,"standard_error":1.909385150434651}}