{"Mean":{"confidence_interval":{"confidence_level":0.95,"lower_bound":8240.23980467352,"upper_bound":8245.789655368591},"point_estimate":8243.071182316182,"standard_error":1.4177947284499195},"Median":{"confidence_interval":{"confidence_level":0.95,"lower_bound":8248.893584217505,"upper_bound":8249.46770632045},"point_estimate":8249.28813425926,"standard_error":0.143134649638086},"MedianAbsDev":{"confidence_interval":{"confidence_level":0.95,"lower_bound":1.0807610731196688,"upper_bound":2.6617801166116846},"point_estimate":1.8490336674254035,"standard_error":0.3999153823392556},"Slope":{"confidence_interval":{"confidence_level":0.95,"lower_bound":8232.681998946893,"upper_bound":8242.134433491865},"point_estimate":8237.352547854785,"standard_error":2.409162709156014},"StdDev":{"confidence_interval":{"confidence_level":0.95,"lower_bound":12.00467159614133,"upper_bound":16.10433636534262},"point_estimate":14.288281205352284,"standard_error":1.0387942647424215}}