{"Mean":{"confidence_interval":{"confidence_level":0.95,"lower_bound":9210.637037841507,"upper_bound":9217.769257906019},"point_estimate":9213.652046766041,"standard_error":1.84222899734459},"Median":{"confidence_interval":{"confidence_level":0.95,"lower_bound":9208.90976946334,"upper_bound":9210.070044581618},"point_estimate":9209.429275905119,"standard_error":0.35579949904408587},"MedianAbsDev":{"confidence_interval":{"confidence_level":0.95,"lower_bound":1.5949934284731924,"upper_bound":3.1565191203542255},"point_estimate":2.242626518183287,"standard_error":0.41229717988995607},"Slope":{"confidence_interval":{"confidence_level":0.95,"lower_bound":9209.012853376187,"upper_bound":9210.369603432031},"point_estimate":9209.62285968398,"standard_error":0.3464549654094629},"StdDev":{"confidence_interval":{"confidence_level":0.95,"lower_bound":6.038708396534476,"upper_bound":29.232218500655936},"point_estimate":18.6050072169316,"standard_error":6.439963050821289}}