{"Mean":{"confidence_interval":{"confidence_level":0.95,"lower_bound":10947.01832689416,"upper_bound":10957.746632508757},"point_estimate":10952.002030047224,"standard_error":2.730077592611989},"Median":{"confidence_interval":{"confidence_level":0.95,"lower_bound":10948.186315789473,"upper_bound":10958.52865497076},"point_estimate":10952.593862433863,"standard_error":3.3056697908449717},"MedianAbsDev":{"confidence_interval":{"confidence_level":0.95,"lower_bound":14.533161825391618,"upper_bound":26.599563926279878},"point_estimate":21.26917788165371,"standard_error":3.6044602768705705},"Slope":{"confidence_interval":{"confidence_level":0.95,"lower_bound":10945.177556912797,"upper_bound":10953.215082262832},"point_estimate":10949.332017437564,"standard_error":2.0570723963174937},"StdDev":{"confidence_interval":{"confidence_level":0.95,"lower_bound":18.359766075855934,"upper_bound":38.62142911491963},"point_estimate":27.501053305671274,"standard_error":6.031793448711196}}