{"Mean":{"confidence_interval":{"confidence_level":0.95,"lower_bound":857104.8248078111,"upper_bound":858972.2267587286},"point_estimate":857815.4436202198,"standard_error":508.4853027497535},"Median":{"confidence_interval":{"confidence_level":0.95,"lower_bound":856732.6690140845,"upper_bound":857089.2159363746},"point_estimate":856934.6472222222,"standard_error":101.69565309907867},"MedianAbsDev":{"confidence_interval":{"confidence_level":0.95,"lower_bound":662.7395084784717,"upper_bound":1211.5119502946077},"point_estimate":1024.9746427405626,"standard_error":144.84198677116044},"Slope":{"confidence_interval":{"confidence_level":0.95,"lower_bound":856843.2202700945,"upper_bound":857181.1808929198},"point_estimate":857005.8976577509,"standard_error":86.28783345973228},"StdDev":{"confidence_interval":{"confidence_level":0.95,"lower_bound":1179.8153152820412,"upper_bound":8512.618027299804},"point_estimate":5103.145637955451,"standard_error":2468.867161630342}}