{"Mean":{"confidence_interval":{"confidence_level":0.95,"lower_bound":9822.851344670908,"upper_bound":9829.166547394203},"point_estimate":9825.608091028591,"standard_error":1.6325836901190647},"Median":{"confidence_interval":{"confidence_level":0.95,"lower_bound":9821.428960396039,"upper_bound":9822.492166938213},"point_estimate":9821.960195662423,"standard_error":0.2714639179672933},"MedianAbsDev":{"confidence_interval":{"confidence_level":0.95,"lower_bound":1.7117123462263297,"upper_bound":3.3898289776119372},"point_estimate":2.3175166015656066,"standard_error":0.3780428628181502},"Slope":{"confidence_interval":{"confidence_level":0.95,"lower_bound":9821.653389087873,"upper_bound":9823.248439751767},"point_estimate":9822.38018432492,"standard_error":0.40975476241540304},"StdDev":{"confidence_interval":{"confidence_level":0.95,"lower_bound":5.737756934649574,"upper_bound":24.484962340506534},"point_estimate":16.3870769062041,"standard_error":4.756386693904197}}