{"Mean":{"confidence_interval":{"confidence_level":0.95,"lower_bound":503583.4540079072,"upper_bound":503746.06579635746},"point_estimate":503654.96358064865,"standard_error":41.67590687371083},"Median":{"confidence_interval":{"confidence_level":0.95,"lower_bound":503571.6956521739,"upper_bound":503651.7237143793},"point_estimate":503606.4150462963,"standard_error":21.372584655496986},"MedianAbsDev":{"confidence_interval":{"confidence_level":0.95,"lower_bound":137.631577607059,"upper_bound":250.9211050646359},"point_estimate":209.2537454105154,"standard_error":28.811267378571838},"Slope":{"confidence_interval":{"confidence_level":0.95,"lower_bound":503543.84443580575,"upper_bound":503617.94967669994},"point_estimate":503580.32241613715,"standard_error":18.883729898274662},"StdDev":{"confidence_interval":{"confidence_level":0.95,"lower_bound":209.13715152176275,"upper_bound":634.0999922073759},"point_estimate":419.2207223741661,"standard_error":124.4059849446654}}