{"Mean":{"confidence_interval":{"confidence_level":0.95,"lower_bound":176879.8095905703,"upper_bound":176971.08614043647},"point_estimate":176919.43709367976,"standard_error":23.46932298338937},"Median":{"confidence_interval":{"confidence_level":0.95,"lower_bound":176857.13222222222,"upper_bound":176893.00291375292},"point_estimate":176869.8939909297,"standard_error":9.871425866038281},"MedianAbsDev":{"confidence_interval":{"confidence_level":0.95,"lower_bound":49.29026376637253,"upper_bound":85.8202451173814},"point_estimate":64.74586469027001,"standard_error":9.854498867351602},"Slope":{"confidence_interval":{"confidence_level":0.95,"lower_bound":176855.03242172548,"upper_bound":176882.8459945881},"point_estimate":176868.31576720357,"standard_error":7.0940597428323136},"StdDev":{"confidence_interval":{"confidence_level":0.95,"lower_bound":84.42378859396709,"upper_bound":352.74894904646504},"point_estimate":235.16354448616335,"standard_error":70.9563177908146}}