{"Mean":{"confidence_interval":{"confidence_level":0.95,"lower_bound":2503.193933531595,"upper_bound":2504.63945125618},"point_estimate":2503.7265802634624,"standard_error":0.4045714352546436},"Median":{"confidence_interval":{"confidence_level":0.95,"lower_bound":2503.1032784237727,"upper_bound":2503.2405536849983},"point_estimate":2503.1451835708685,"standard_error":0.029618952617259803},"MedianAbsDev":{"confidence_interval":{"confidence_level":0.95,"lower_bound":0.20252937126544146,"upper_bound":0.3502643497540251},"point_estimate":0.2795594822215074,"standard_error":0.03885907362801168},"Slope":{"confidence_interval":{"confidence_level":0.95,"lower_bound":2503.0526578501776,"upper_bound":2503.2287333927507},"point_estimate":2503.133016712119,"standard_error":0.04494531275936691},"StdDev":{"confidence_interval":{"confidence_level":0.95,"lower_bound":0.5631250680154358,"upper_bound":6.8706386246240765},"point_estimate":4.068775131481908,"standard_error":2.101985627990626}}