{"Mean":{"confidence_interval":{"confidence_level":0.95,"lower_bound":37205.90471838197,"upper_bound":37338.760912086174},"point_estimate":37258.88148437931,"standard_error":35.22587857022981},"Median":{"confidence_interval":{"confidence_level":0.95,"lower_bound":37196.7200474237,"upper_bound":37203.56655092593},"point_estimate":37200.559267734556,"standard_error":1.9103181327408856},"MedianAbsDev":{"confidence_interval":{"confidence_level":0.95,"lower_bound":15.984673618215735,"upper_bound":26.981865733980406},"point_estimate":20.51457955032145,"standard_error":2.8807781638206484},"Slope":{"confidence_interval":{"confidence_level":0.95,"lower_bound":37195.77651066444,"upper_bound":37402.217358076006},"point_estimate":37260.696928777455,"standard_error":61.5442131563211},"StdDev":{"confidence_interval":{"confidence_level":0.95,"lower_bound":80.73371328150992,"upper_bound":577.6881998359656},"point_estimate":354.1312174661504,"standard_error":149.1476321049323}}