{"Mean":{"confidence_interval":{"confidence_level":0.95,"lower_bound":4791.861086232757,"upper_bound":4794.40119726346},"point_estimate":4792.976854365335,"standard_error":0.6527765476223926},"Median":{"confidence_interval":{"confidence_level":0.95,"lower_bound":4791.071120357528,"upper_bound":4791.865047444794},"point_estimate":4791.544634112587,"standard_error":0.17901188915419522},"MedianAbsDev":{"confidence_interval":{"confidence_level":0.95,"lower_bound":1.0282209316341309,"upper_bound":1.8500512616529816},"point_estimate":1.4075979267654917,"standard_error":0.1984885966477155},"Slope":{"confidence_interval":{"confidence_level":0.95,"lower_bound":4791.400425724081,"upper_bound":4792.284028827681},"point_estimate":4791.816664409377,"standard_error":0.22557668514603588},"StdDev":{"confidence_interval":{"confidence_level":0.95,"lower_bound":2.4270741632367514,"upper_bound":9.825446679394918},"point_estimate":6.598480919537204,"standard_error":1.8772492544004808}}