{"Mean":{"confidence_interval":{"confidence_level":0.95,"lower_bound":8944.159626446042,"upper_bound":8951.078285355112},"point_estimate":8947.119076839996,"standard_error":1.7882024061182893},"Median":{"confidence_interval":{"confidence_level":0.95,"lower_bound":8943.095095095096,"upper_bound":8946.978242393337},"point_estimate":8944.554747054746,"standard_error":0.9508393000610952},"MedianAbsDev":{"confidence_interval":{"confidence_level":0.95,"lower_bound":5.543753595271277,"upper_bound":11.044606071417325},"point_estimate":7.5596145923060964,"standard_error":1.4459997199691395},"Slope":{"confidence_interval":{"confidence_level":0.95,"lower_bound":8940.626769635297,"upper_bound":8944.364848198005},"point_estimate":8942.405552116325,"standard_error":0.9522981755697945},"StdDev":{"confidence_interval":{"confidence_level":0.95,"lower_bound":8.124340587291096,"upper_bound":27.80848721286251},"point_estimate":17.957997212748506,"standard_error":5.995615115797272}}