{"Mean":{"confidence_interval":{"confidence_level":0.95,"lower_bound":8850.281197678316,"upper_bound":8855.48354770553},"point_estimate":8852.575316443565,"standard_error":1.3296856927582166},"Median":{"confidence_interval":{"confidence_level":0.95,"lower_bound":8849.481808122433,"upper_bound":8852.636875},"point_estimate":8850.884792392566,"standard_error":0.7871225311824567},"MedianAbsDev":{"confidence_interval":{"confidence_level":0.95,"lower_bound":5.17919189612947,"upper_bound":9.608252154835448},"point_estimate":7.227886390205868,"standard_error":1.0961848514374546},"Slope":{"confidence_interval":{"confidence_level":0.95,"lower_bound":8849.162041970658,"upper_bound":8852.702423449797},"point_estimate":8850.860007811016,"standard_error":0.9032930836252935},"StdDev":{"confidence_interval":{"confidence_level":0.95,"lower_bound":7.161364884504838,"upper_bound":19.99683804516137},"point_estimate":13.331634202891218,"standard_error":3.9242781260233413}}