{"Mean":{"confidence_interval":{"confidence_level":0.95,"lower_bound":16698.00168056434,"upper_bound":16720.06692039902},"point_estimate":16707.515468267477,"standard_error":5.675128785326905},"Median":{"confidence_interval":{"confidence_level":0.95,"lower_bound":16690.938503962847,"upper_bound":16699.195321637428},"point_estimate":16693.663189838004,"standard_error":1.96756600815498},"MedianAbsDev":{"confidence_interval":{"confidence_level":0.95,"lower_bound":13.140053938433962,"upper_bound":24.455311848660013},"point_estimate":17.882692920216638,"standard_error":3.010680959172737},"Slope":{"confidence_interval":{"confidence_level":0.95,"lower_bound":16692.365733482296,"upper_bound":16700.84845640511},"point_estimate":16696.40967577952,"standard_error":2.1619783501805743},"StdDev":{"confidence_interval":{"confidence_level":0.95,"lower_bound":26.1478350327369,"upper_bound":87.49584024900838},"point_estimate":57.16341306905409,"standard_error":18.01419211920812}}