{"Mean":{"confidence_interval":{"confidence_level":0.95,"lower_bound":12733.341149725471,"upper_bound":12743.762700915231},"point_estimate":12738.057536656113,"standard_error":2.693697656065673},"Median":{"confidence_interval":{"confidence_level":0.95,"lower_bound":12729.827263014762,"upper_bound":12730.518384131592},"point_estimate":12730.169236319236,"standard_error":0.21061551486333882},"MedianAbsDev":{"confidence_interval":{"confidence_level":0.95,"lower_bound":1.1916022757876341,"upper_bound":2.4000465854202937},"point_estimate":1.9112997224124737,"standard_error":0.311826855118982},"Slope":{"confidence_interval":{"confidence_level":0.95,"lower_bound":12731.085452409638,"upper_bound":12736.454280326832},"point_estimate":12733.496859040668,"standard_error":1.3699089853394462},"StdDev":{"confidence_interval":{"confidence_level":0.95,"lower_bound":14.614224845069149,"upper_bound":37.07029144992892},"point_estimate":27.128966929983914,"standard_error":5.760811599932727}}