{"Mean":{"confidence_interval":{"confidence_level":0.95,"lower_bound":2828078.8048011754,"upper_bound":2830121.4812288606},"point_estimate":2828993.290069399,"standard_error":523.5208572704744},"Median":{"confidence_interval":{"confidence_level":0.95,"lower_bound":2827343.2793548387,"upper_bound":2828198.777777778},"point_estimate":2827838.110486891,"standard_error":235.81329591180614},"MedianAbsDev":{"confidence_interval":{"confidence_level":0.95,"lower_bound":1533.6641381565544,"upper_bound":2640.5742990076888},"point_estimate":2119.5641676642017,"standard_error":281.18753023139215},"Slope":{"confidence_interval":{"confidence_level":0.95,"lower_bound":2827251.927215248,"upper_bound":2827961.8649775544},"point_estimate":2827604.880141865,"standard_error":180.6719536069119},"StdDev":{"confidence_interval":{"confidence_level":0.95,"lower_bound":2669.5251280108473,"upper_bound":7671.567124563627},"point_estimate":5257.430063444814,"standard_error":1327.2304370720738}}