{"Mean":{"confidence_interval":{"confidence_level":0.95,"lower_bound":6866.574937533214,"upper_bound":6872.346586361517},"point_estimate":6869.192634895537,"standard_error":1.4785412991763986},"Median":{"confidence_interval":{"confidence_level":0.95,"lower_bound":6863.035825163399,"upper_bound":6868.746710526316},"point_estimate":6864.842304666119,"standard_error":1.4116460289242039},"MedianAbsDev":{"confidence_interval":{"confidence_level":0.95,"lower_bound":6.9064704702766315,"upper_bound":12.919372634692495},"point_estimate":9.037671377341645,"standard_error":1.5126509967874922},"Slope":{"confidence_interval":{"confidence_level":0.95,"lower_bound":6862.373791991613,"upper_bound":6865.1902479165965},"point_estimate":6863.683657475823,"standard_error":0.7204573100087333},"StdDev":{"confidence_interval":{"confidence_level":0.95,"lower_bound":8.872585893360412,"upper_bound":21.242938576667992},"point_estimate":14.867417803985324,"standard_error":3.4180607409307737}}