{"Mean":{"confidence_interval":{"confidence_level":0.95,"lower_bound":2113659.977415661,"upper_bound":2114393.665095632},"point_estimate":2113991.098927194,"standard_error":188.21419780362743},"Median":{"confidence_interval":{"confidence_level":0.95,"lower_bound":2113533.910519126,"upper_bound":2113870.9111111113},"point_estimate":2113688.4827272724,"standard_error":76.76431177791554},"MedianAbsDev":{"confidence_interval":{"confidence_level":0.95,"lower_bound":641.73579552989,"upper_bound":1109.9104226597408},"point_estimate":802.447712266884,"standard_error":123.61424047221664},"Slope":{"confidence_interval":{"confidence_level":0.95,"lower_bound":2113625.9583203048,"upper_bound":2114285.1420309134},"point_estimate":2113927.122990986,"standard_error":169.12449084650777},"StdDev":{"confidence_interval":{"confidence_level":0.95,"lower_bound":1049.9310328994986,"upper_bound":2744.266254136494},"point_estimate":1888.784138146257,"standard_error":471.7438257732735}}