{"Mean":{"confidence_interval":{"confidence_level":0.95,"lower_bound":49532.864781806355,"upper_bound":49674.3483111552},"point_estimate":49590.49389170277,"standard_error":37.072910268731306},"Median":{"confidence_interval":{"confidence_level":0.95,"lower_bound":49518.788095238095,"upper_bound":49538.18394097222},"point_estimate":49532.06619298246,"standard_error":4.3828637118325116},"MedianAbsDev":{"confidence_interval":{"confidence_level":0.95,"lower_bound":32.22965837780671,"upper_bound":56.37092001335524},"point_estimate":45.91454873030486,"standard_error":6.0217629022840535},"Slope":{"confidence_interval":{"confidence_level":0.95,"lower_bound":49520.97031796234,"upper_bound":49535.8232545454},"point_estimate":49528.410037091766,"standard_error":3.798855310733101},"StdDev":{"confidence_interval":{"confidence_level":0.95,"lower_bound":71.03981290765162,"upper_bound":599.7497514112588},"point_estimate":371.13038064665585,"standard_error":145.83013482340118}}