{"Mean":{"confidence_interval":{"confidence_level":0.95,"lower_bound":72043.38255821755,"upper_bound":72089.00661710462},"point_estimate":72063.55073297903,"standard_error":11.732705372077618},"Median":{"confidence_interval":{"confidence_level":0.95,"lower_bound":72034.21065138384,"upper_bound":72043.70244819365},"point_estimate":72037.4615887545,"standard_error":2.4410372417446053},"MedianAbsDev":{"confidence_interval":{"confidence_level":0.95,"lower_bound":16.06427858434018,"upper_bound":28.84579832644122},"point_estimate":21.41294011061712,"standard_error":3.3134518052993385},"Slope":{"confidence_interval":{"confidence_level":0.95,"lower_bound":72032.85182182485,"upper_bound":72044.63825010085},"point_estimate":72038.33253372459,"standard_error":3.0006199058731338},"StdDev":{"confidence_interval":{"confidence_level":0.95,"lower_bound":53.10195539201548,"upper_bound":172.0369733477562},"point_estimate":117.57191498830696,"standard_error":30.891420624962812}}