{"Mean":{"confidence_interval":{"confidence_level":0.95,"lower_bound":7702.385971427987,"upper_bound":7707.051933127148},"point_estimate":7704.422626523978,"standard_error":1.199976425175693},"Median":{"confidence_interval":{"confidence_level":0.95,"lower_bound":7700.71513599197,"upper_bound":7703.807148972603},"point_estimate":7701.609419679329,"standard_error":0.8739405593804233},"MedianAbsDev":{"confidence_interval":{"confidence_level":0.95,"lower_bound":5.034998144305629,"upper_bound":8.34735500805505},"point_estimate":6.407886844429949,"standard_error":0.8153688752689785},"Slope":{"confidence_interval":{"confidence_level":0.95,"lower_bound":7701.368395683704,"upper_bound":7704.538904185987},"point_estimate":7702.903613099416,"standard_error":0.8074512347445683},"StdDev":{"confidence_interval":{"confidence_level":0.95,"lower_bound":6.425193759145332,"upper_bound":18.157356845473117},"point_estimate":12.05728109109512,"standard_error":3.6530681291551477}}