{"Mean":{"confidence_interval":{"confidence_level":0.95,"lower_bound":9899.760281052277,"upper_bound":9908.24079753662},"point_estimate":9903.478829048261,"standard_error":2.19029573306602},"Median":{"confidence_interval":{"confidence_level":0.95,"lower_bound":9897.557917701863,"upper_bound":9899.886765389081},"point_estimate":9898.565357142856,"standard_error":0.5239484893591704},"MedianAbsDev":{"confidence_interval":{"confidence_level":0.95,"lower_bound":3.6115236813372023,"upper_bound":6.5870286507754825},"point_estimate":5.112087075909021,"standard_error":0.7346757393303736},"Slope":{"confidence_interval":{"confidence_level":0.95,"lower_bound":9896.702666298788,"upper_bound":9898.531652012252},"point_estimate":9897.580423673711,"standard_error":0.46730777760025405},"StdDev":{"confidence_interval":{"confidence_level":0.95,"lower_bound":7.229154142412741,"upper_bound":32.25154862578317},"point_estimate":21.93983648768486,"standard_error":6.215751481212412}}