{"Mean":{"confidence_interval":{"confidence_level":0.95,"lower_bound":44471.140124088415,"upper_bound":44498.05001003971},"point_estimate":44482.886759436944,"standard_error":6.940817310926676},"Median":{"confidence_interval":{"confidence_level":0.95,"lower_bound":44465.38146997929,"upper_bound":44468.6786389414},"point_estimate":44467.28925120772,"standard_error":0.8905525223886795},"MedianAbsDev":{"confidence_interval":{"confidence_level":0.95,"lower_bound":6.8270659635331175,"upper_bound":12.616931887810043},"point_estimate":10.286640464445485,"standard_error":1.5480746222438249},"Slope":{"confidence_interval":{"confidence_level":0.95,"lower_bound":44465.9020579486,"upper_bound":44471.457050938756},"point_estimate":44468.44085620113,"standard_error":1.4189821160818978},"StdDev":{"confidence_interval":{"confidence_level":0.95,"lower_bound":24.256843114887456,"upper_bound":102.59904730428802},"point_estimate":69.85025630070878,"standard_error":20.043730195867617}}