{"Mean":{"confidence_interval":{"confidence_level":0.95,"lower_bound":44573.01417134849,"upper_bound":44598.73245026877},"point_estimate":44584.35801617678,"standard_error":6.659925037703365},"Median":{"confidence_interval":{"confidence_level":0.95,"lower_bound":44564.60342886565,"upper_bound":44571.81497221314},"point_estimate":44567.85112602946,"standard_error":1.8492137644956101},"MedianAbsDev":{"confidence_interval":{"confidence_level":0.95,"lower_bound":9.805218482817127,"upper_bound":19.25441864505844},"point_estimate":13.609032014719157,"standard_error":2.3847271989399332},"Slope":{"confidence_interval":{"confidence_level":0.95,"lower_bound":44566.39654847481,"upper_bound":44573.83511378879},"point_estimate":44569.88661792201,"standard_error":1.8991301201232595},"StdDev":{"confidence_interval":{"confidence_level":0.95,"lower_bound":26.47379552155783,"upper_bound":98.94680678993348},"point_estimate":67.15812312297342,"standard_error":18.910757132955947}}