{"Mean":{"confidence_interval":{"confidence_level":0.95,"lower_bound":7115.0091492116735,"upper_bound":7129.872020534841},"point_estimate":7121.213290807845,"standard_error":3.8548300248762053},"Median":{"confidence_interval":{"confidence_level":0.95,"lower_bound":7111.151388566566,"upper_bound":7114.417706651006},"point_estimate":7112.465605499685,"standard_error":1.0876807603078629},"MedianAbsDev":{"confidence_interval":{"confidence_level":0.95,"lower_bound":4.338798021634479,"upper_bound":7.985298448549593},"point_estimate":5.5879036735905805,"standard_error":0.9300885878902352},"Slope":{"confidence_interval":{"confidence_level":0.95,"lower_bound":7111.763699577872,"upper_bound":7114.348749904439},"point_estimate":7112.994169376779,"standard_error":0.6595461843344499},"StdDev":{"confidence_interval":{"confidence_level":0.95,"lower_bound":12.353048521423649,"upper_bound":61.41203952950258},"point_estimate":38.77407430119137,"standard_error":14.06659765513921}}