{"Mean":{"confidence_interval":{"confidence_level":0.95,"lower_bound":25430.93223673612,"upper_bound":25433.53586541093},"point_estimate":25432.16483995708,"standard_error":0.6650612365100884},"Median":{"confidence_interval":{"confidence_level":0.95,"lower_bound":25430.448518237084,"upper_bound":25431.519988971602},"point_estimate":25430.886693813492,"standard_error":0.2638972973820437},"MedianAbsDev":{"confidence_interval":{"confidence_level":0.95,"lower_bound":1.5406973974003966,"upper_bound":2.538903913773913},"point_estimate":1.8533697839892664,"standard_error":0.25408862146123845},"Slope":{"confidence_interval":{"confidence_level":0.95,"lower_bound":25430.793612216596,"upper_bound":25431.753732278856},"point_estimate":25431.241615835523,"standard_error":0.24512435140688701},"StdDev":{"confidence_interval":{"confidence_level":0.95,"lower_bound":3.8821057926559153,"upper_bound":9.099787740562673},"point_estimate":6.666197653927627,"standard_error":1.3385872035158768}}