{"Mean":{"confidence_interval":{"confidence_level":0.95,"lower_bound":25463.80040521325,"upper_bound":25494.302113409067},"point_estimate":25478.15639146805,"standard_error":7.809179171294951},"Median":{"confidence_interval":{"confidence_level":0.95,"lower_bound":25437.634615384617,"upper_bound":25455.591459315878},"point_estimate":25446.964245431987,"standard_error":4.536633111629221},"MedianAbsDev":{"confidence_interval":{"confidence_level":0.95,"lower_bound":22.06197161687399,"upper_bound":47.32171889661108},"point_estimate":34.67194004111368,"standard_error":6.3716297318754895},"Slope":{"confidence_interval":{"confidence_level":0.95,"lower_bound":25468.92073369377,"upper_bound":25494.822954930594},"point_estimate":25481.59883901134,"standard_error":6.608410649092194},"StdDev":{"confidence_interval":{"confidence_level":0.95,"lower_bound":55.241622567651916,"upper_bound":100.26053489134559},"point_estimate":78.46757213596108,"standard_error":11.602876154014027}}