{"Mean":{"confidence_interval":{"confidence_level":0.95,"lower_bound":1653197.4489157242,"upper_bound":1653973.7086973179},"point_estimate":1653545.3929494105,"standard_error":197.83370657323678},"Median":{"confidence_interval":{"confidence_level":0.95,"lower_bound":1653075.1923668033,"upper_bound":1653371.2794117648},"point_estimate":1653251.2474747475,"standard_error":84.93507705945196},"MedianAbsDev":{"confidence_interval":{"confidence_level":0.95,"lower_bound":593.1719546393089,"upper_bound":965.1284525562018},"point_estimate":802.4390271568584,"standard_error":95.24638496066125},"Slope":{"confidence_interval":{"confidence_level":0.95,"lower_bound":1653051.9602206782,"upper_bound":1653367.5964877696},"point_estimate":1653203.5689227132,"standard_error":80.61374430539728},"StdDev":{"confidence_interval":{"confidence_level":0.95,"lower_bound":1085.7675922412925,"upper_bound":2915.0084771372863},"point_estimate":1984.2185156694231,"standard_error":520.6371397500337}}