{"Mean":{"confidence_interval":{"confidence_level":0.95,"lower_bound":14684418.052546555,"upper_bound":14716520.815274967},"point_estimate":14698423.0313173,"standard_error":8267.647043703015},"Median":{"confidence_interval":{"confidence_level":0.95,"lower_bound":14670674.2,"upper_bound":14683752.081517},"point_estimate":14677911.532236842,"standard_error":3164.982389730282},"MedianAbsDev":{"confidence_interval":{"confidence_level":0.95,"lower_bound":17211.6700286832,"upper_bound":32980.7317866683},"point_estimate":27383.200952836563,"standard_error":4345.456641382627},"Slope":{"confidence_interval":{"confidence_level":0.95,"lower_bound":14666123.090969345,"upper_bound":14675181.221735915},"point_estimate":14670459.279113345,"standard_error":2314.264977110637},"StdDev":{"confidence_interval":{"confidence_level":0.95,"lower_bound":37433.99238092823,"upper_bound":124867.25814381722},"point_estimate":82921.6591005032,"standard_error":24098.904794280614}}