{"Mean":{"confidence_interval":{"confidence_level":0.95,"lower_bound":321.82247138259356,"upper_bound":322.32074247442756},"point_estimate":322.0133260169834,"standard_error":0.13373485719017011},"Median":{"confidence_interval":{"confidence_level":0.95,"lower_bound":321.8351149983803,"upper_bound":321.9619574020084},"point_estimate":321.92247350976277,"standard_error":0.031680210375023096},"MedianAbsDev":{"confidence_interval":{"confidence_level":0.95,"lower_bound":0.09798864411180969,"upper_bound":0.28802829863044577},"point_estimate":0.15222365926627804,"standard_error":0.04960223155081706},"Slope":{"confidence_interval":{"confidence_level":0.95,"lower_bound":321.71644031733996,"upper_bound":322.585133625234},"point_estimate":322.04030823664584,"standard_error":0.23459842902407124},"StdDev":{"confidence_interval":{"confidence_level":0.95,"lower_bound":0.20771294010795038,"upper_bound":2.2343642313978926},"point_estimate":1.3443981062070727,"standard_error":0.6223377641638663}}