{"Mean":{"confidence_interval":{"confidence_level":0.95,"lower_bound":311.6579370755425,"upper_bound":311.84771623568025},"point_estimate":311.7333289064518,"standard_error":0.05016723971541093},"Median":{"confidence_interval":{"confidence_level":0.95,"lower_bound":311.6522787267444,"upper_bound":311.6813200726999},"point_estimate":311.6640895781146,"standard_error":0.007543929956875142},"MedianAbsDev":{"confidence_interval":{"confidence_level":0.95,"lower_bound":0.05062322451547393,"upper_bound":0.08026086228433804},"point_estimate":0.06793115175115483,"standard_error":0.007650875483316993},"Slope":{"confidence_interval":{"confidence_level":0.95,"lower_bound":311.6696235390287,"upper_bound":311.74463027999144},"point_estimate":311.69801922148156,"standard_error":0.019878463846003735},"StdDev":{"confidence_interval":{"confidence_level":0.95,"lower_bound":0.06909516379210556,"upper_bound":0.8194438483868377},"point_estimate":0.5039820449939965,"standard_error":0.21117003390253425}}