{"Mean":{"confidence_interval":{"confidence_level":0.95,"lower_bound":42630.89049813237,"upper_bound":42663.19322761787},"point_estimate":42644.783862676864,"standard_error":8.333281513514322},"Median":{"confidence_interval":{"confidence_level":0.95,"lower_bound":42624.879276094274,"upper_bound":42631.53333333333},"point_estimate":42628.6643542988,"standard_error":1.7110637277902052},"MedianAbsDev":{"confidence_interval":{"confidence_level":0.95,"lower_bound":10.086803793784071,"upper_bound":20.37915917345849},"point_estimate":14.245044303553213,"standard_error":2.557164499052314},"Slope":{"confidence_interval":{"confidence_level":0.95,"lower_bound":42623.9255309675,"upper_bound":42631.51330289739},"point_estimate":42627.56109896064,"standard_error":1.9373245425545287},"StdDev":{"confidence_interval":{"confidence_level":0.95,"lower_bound":24.619679089463563,"upper_bound":128.74379625703577},"point_estimate":84.02642384444738,"standard_error":26.453512171155584}}