{"Mean":{"confidence_interval":{"confidence_level":0.95,"lower_bound":42702.75489195343,"upper_bound":42761.40798196674},"point_estimate":42727.03866880916,"standard_error":15.262622282413147},"Median":{"confidence_interval":{"confidence_level":0.95,"lower_bound":42694.56693262411,"upper_bound":42699.133281250004},"point_estimate":42697.619791666664,"standard_error":1.0469378613425502},"MedianAbsDev":{"confidence_interval":{"confidence_level":0.95,"lower_bound":7.132885900352505,"upper_bound":13.84689428941386},"point_estimate":10.688507323635665,"standard_error":1.6517490899593086},"Slope":{"confidence_interval":{"confidence_level":0.95,"lower_bound":42695.50502034865,"upper_bound":42705.5739524498},"point_estimate":42699.740916826755,"standard_error":2.624670114804561},"StdDev":{"confidence_interval":{"confidence_level":0.95,"lower_bound":22.610817598084108,"upper_bound":247.45800814108182},"point_estimate":153.76671691320718,"standard_error":59.1862559606933}}