{"Mean":{"confidence_interval":{"confidence_level":0.95,"lower_bound":2377848.0154951136,"upper_bound":2382279.908656174},"point_estimate":2379630.9505241583,"standard_error":1159.344443070946},"Median":{"confidence_interval":{"confidence_level":0.95,"lower_bound":2377642.104918939,"upper_bound":2378563.0256329114},"point_estimate":2378113.26199669,"standard_error":251.89685883362975},"MedianAbsDev":{"confidence_interval":{"confidence_level":0.95,"lower_bound":1498.8064927350329,"upper_bound":2575.7149800549964},"point_estimate":1899.5745890727308,"standard_error":274.62772938335917},"Slope":{"confidence_interval":{"confidence_level":0.95,"lower_bound":2377818.673148724,"upper_bound":2378764.9192304383},"point_estimate":2378285.6953480123,"standard_error":240.62467008496944},"StdDev":{"confidence_interval":{"confidence_level":0.95,"lower_bound":2625.2990862355373,"upper_bound":18926.74309710964},"point_estimate":11642.330930991455,"standard_error":4674.817744723007}}