{"Mean":{"confidence_interval":{"confidence_level":0.95,"lower_bound":33864218.40901362,"upper_bound":33987936.73272699},"point_estimate":33923459.96472662,"standard_error":31567.154255318186},"Median":{"confidence_interval":{"confidence_level":0.95,"lower_bound":33760763.5175,"upper_bound":33769668.255311355},"point_estimate":33765017.24620493,"standard_error":2324.605381622413},"MedianAbsDev":{"confidence_interval":{"confidence_level":0.95,"lower_bound":19117.701028697193,"upper_bound":34841.99873116617},"point_estimate":26856.122129393138,"standard_error":4136.275878186968},"Slope":{"confidence_interval":{"confidence_level":0.95,"lower_bound":33811428.722623095,"upper_bound":33933737.74861871},"point_estimate":33867222.432747155,"standard_error":31372.084858965518},"StdDev":{"confidence_interval":{"confidence_level":0.95,"lower_bound":257759.11930860786,"upper_bound":367941.5946406316},"point_estimate":318034.5340811701,"standard_error":28019.3221007528}}