{"Mean":{"confidence_interval":{"confidence_level":0.95,"lower_bound":5674278.93148757,"upper_bound":5677124.46503004},"point_estimate":5675598.031991378,"standard_error":724.0477654972588},"Median":{"confidence_interval":{"confidence_level":0.95,"lower_bound":5674166.87804878,"upper_bound":5676069.125},"point_estimate":5674844.230978261,"standard_error":488.85276559563795},"MedianAbsDev":{"confidence_interval":{"confidence_level":0.95,"lower_bound":3171.1287231130977,"upper_bound":4832.342563352149},"point_estimate":4078.377817630065,"standard_error":409.3790689015506},"Slope":{"confidence_interval":{"confidence_level":0.95,"lower_bound":5674076.651009828,"upper_bound":5675567.045756847},"point_estimate":5674816.58281661,"standard_error":381.4242051192661},"StdDev":{"confidence_interval":{"confidence_level":0.95,"lower_bound":4389.549378034154,"upper_bound":10169.420669251234},"point_estimate":7266.554521947824,"standard_error":1537.4818813357144}}