{"Mean":{"confidence_interval":{"confidence_level":0.95,"lower_bound":5675660.924041914,"upper_bound":5678098.283515508},"point_estimate":5676828.4947170885,"standard_error":620.9834543371088},"Median":{"confidence_interval":{"confidence_level":0.95,"lower_bound":5675601.88,"upper_bound":5677318.310810811},"point_estimate":5676516.44955986,"standard_error":531.5935538449842},"MedianAbsDev":{"confidence_interval":{"confidence_level":0.95,"lower_bound":3112.532276636267,"upper_bound":5384.459542287322},"point_estimate":4445.254252789666,"standard_error":600.3014807816603},"Slope":{"confidence_interval":{"confidence_level":0.95,"lower_bound":5675919.276754375,"upper_bound":5677255.104726235},"point_estimate":5676583.648062657,"standard_error":340.26143851799094},"StdDev":{"confidence_interval":{"confidence_level":0.95,"lower_bound":4519.364261419883,"upper_bound":8142.9702372090405},"point_estimate":6254.493769811655,"standard_error":958.4654550720769}}