{"Mean":{"confidence_interval":{"confidence_level":0.95,"lower_bound":6992.156646558939,"upper_bound":7023.708356611968},"point_estimate":7007.142242676388,"standard_error":8.037349592337312},"Median":{"confidence_interval":{"confidence_level":0.95,"lower_bound":6998.5284480470655,"upper_bound":7005.7705664595815},"point_estimate":7002.155196492762,"standard_error":1.7917406700766698},"MedianAbsDev":{"confidence_interval":{"confidence_level":0.95,"lower_bound":12.483029178514517,"upper_bound":24.603682305513495},"point_estimate":17.496841851358095,"standard_error":3.085507402819878},"Slope":{"confidence_interval":{"confidence_level":0.95,"lower_bound":6950.503382042025,"upper_bound":6992.687070557728},"point_estimate":6971.247877465422,"standard_error":10.809289417929262},"StdDev":{"confidence_interval":{"confidence_level":0.95,"lower_bound":52.920967824704405,"upper_bound":110.1147251450935},"point_estimate":80.53655521913096,"standard_error":15.330621970163474}}