{"Mean":{"confidence_interval":{"confidence_level":0.95,"lower_bound":6943.81172669726,"upper_bound":6951.288445642794},"point_estimate":6947.114282678538,"standard_error":1.9196126474978779},"Median":{"confidence_interval":{"confidence_level":0.95,"lower_bound":6942.234280585473,"upper_bound":6946.232632702928},"point_estimate":6944.004330671529,"standard_error":0.8647899650380839},"MedianAbsDev":{"confidence_interval":{"confidence_level":0.95,"lower_bound":5.380594357139716,"upper_bound":8.727340257273866},"point_estimate":7.086728308426896,"standard_error":0.8276555924637082},"Slope":{"confidence_interval":{"confidence_level":0.95,"lower_bound":6943.633736681504,"upper_bound":6947.377228252364},"point_estimate":6945.389105601542,"standard_error":0.9562252390341378},"StdDev":{"confidence_interval":{"confidence_level":0.95,"lower_bound":8.887777314037452,"upper_bound":27.91581718084498},"point_estimate":19.306638852623642,"standard_error":5.073491034985416}}