{"Mean":{"confidence_interval":{"confidence_level":0.95,"lower_bound":1706.9015583099313,"upper_bound":1707.8464816713142},"point_estimate":1707.2954359802661,"standard_error":0.24543701791258188},"Median":{"confidence_interval":{"confidence_level":0.95,"lower_bound":1706.7171751482213,"upper_bound":1707.014632936508},"point_estimate":1706.8455052612483,"standard_error":0.07510672446589871},"MedianAbsDev":{"confidence_interval":{"confidence_level":0.95,"lower_bound":0.4326873040384222,"upper_bound":0.7842393102226044},"point_estimate":0.6232712595575303,"standard_error":0.09890695328360982},"Slope":{"confidence_interval":{"confidence_level":0.95,"lower_bound":1706.8319073344758,"upper_bound":1707.0773410559095},"point_estimate":1706.9523825078404,"standard_error":0.06270583254986317},"StdDev":{"confidence_interval":{"confidence_level":0.95,"lower_bound":0.8957023664998818,"upper_bound":3.9275206689260376},"point_estimate":2.4710075676598513,"standard_error":0.9174065396474018}}