{"Mean":{"confidence_interval":{"confidence_level":0.95,"lower_bound":10403.894761407313,"upper_bound":10541.5045320943},"point_estimate":10450.833089610289,"standard_error":43.961840981269596},"Median":{"confidence_interval":{"confidence_level":0.95,"lower_bound":10397.53894736842,"upper_bound":10398.418733273862},"point_estimate":10397.970046970975,"standard_error":0.2091465428324313},"MedianAbsDev":{"confidence_interval":{"confidence_level":0.95,"lower_bound":1.282521905295559,"upper_bound":2.928796136730959},"point_estimate":2.0022298667790306,"standard_error":0.4394792516156053},"Slope":{"confidence_interval":{"confidence_level":0.95,"lower_bound":10405.175080303774,"upper_bound":10414.531790845278},"point_estimate":10409.809498075023,"standard_error":2.38074459124301},"StdDev":{"confidence_interval":{"confidence_level":0.95,"lower_bound":14.127200019652431,"upper_bound":758.2928035257636},"point_estimate":442.38066512275026,"standard_error":269.18759746854977}}