{"Mean":{"confidence_interval":{"confidence_level":0.95,"lower_bound":418834.2673314931,"upper_bound":419861.05994758615},"point_estimate":419209.53432629973,"standard_error":291.1780537039823},"Median":{"confidence_interval":{"confidence_level":0.95,"lower_bound":418726.71794871794,"upper_bound":418825.0026455027},"point_estimate":418758.1666666666,"standard_error":29.249293757317947},"MedianAbsDev":{"confidence_interval":{"confidence_level":0.95,"lower_bound":169.87720940235909,"upper_bound":343.76912280895846},"point_estimate":268.05485555685476,"standard_error":43.340892051487366},"Slope":{"confidence_interval":{"confidence_level":0.95,"lower_bound":418780.0229046957,"upper_bound":418899.08734159224},"point_estimate":418835.29405349493,"standard_error":30.353725479544497},"StdDev":{"confidence_interval":{"confidence_level":0.95,"lower_bound":438.58147717859003,"upper_bound":4936.740588693994},"point_estimate":2920.516440586185,"standard_error":1539.3673692277803}}