{"Mean":{"confidence_interval":{"confidence_level":0.95,"lower_bound":419291.6531324037,"upper_bound":419700.7544854435},"point_estimate":419486.5318030569,"standard_error":104.22742064588573},"Median":{"confidence_interval":{"confidence_level":0.95,"lower_bound":418905.9423076923,"upper_bound":419063.4375},"point_estimate":418959.64166666666,"standard_error":43.79030323249081},"MedianAbsDev":{"confidence_interval":{"confidence_level":0.95,"lower_bound":203.9092697131978,"upper_bound":520.4131824274666},"point_estimate":319.93448432003737,"standard_error":84.71565746884458},"Slope":{"confidence_interval":{"confidence_level":0.95,"lower_bound":419376.2032291327,"upper_bound":419770.2655983615},"point_estimate":419570.0352642727,"standard_error":100.1956667503978},"StdDev":{"confidence_interval":{"confidence_level":0.95,"lower_bound":796.9958555081045,"upper_bound":1258.4811246181964},"point_estimate":1041.7454704660072,"standard_error":117.95042594305144}}