{"Mean":{"confidence_interval":{"confidence_level":0.95,"lower_bound":134138.65085578163,"upper_bound":134330.16086646568},"point_estimate":134222.356885535,"standard_error":49.15933459669039},"Median":{"confidence_interval":{"confidence_level":0.95,"lower_bound":134110.43072289156,"upper_bound":134137.25718641115},"point_estimate":134122.524588558,"standard_error":6.975261969799769},"MedianAbsDev":{"confidence_interval":{"confidence_level":0.95,"lower_bound":51.877661216226095,"upper_bound":92.98755915497985},"point_estimate":72.28837188734889,"standard_error":10.721065587228681},"Slope":{"confidence_interval":{"confidence_level":0.95,"lower_bound":134114.48125942433,"upper_bound":134147.4598636107},"point_estimate":134129.5214349047,"standard_error":8.389799646343981},"StdDev":{"confidence_interval":{"confidence_level":0.95,"lower_bound":186.89659493679838,"upper_bound":736.1139361370668},"point_estimate":495.1089029853259,"standard_error":141.98777314043485}}