{"Mean":{"confidence_interval":{"confidence_level":0.95,"lower_bound":134167.76472482728,"upper_bound":134348.14067311518},"point_estimate":134247.31240249562,"standard_error":46.404498127203446},"Median":{"confidence_interval":{"confidence_level":0.95,"lower_bound":134099.0151098901,"upper_bound":134157.3329741379},"point_estimate":134130.80051725372,"standard_error":16.21600663276528},"MedianAbsDev":{"confidence_interval":{"confidence_level":0.95,"lower_bound":89.12796964813441,"upper_bound":191.3805895544485},"point_estimate":134.3952153840539,"standard_error":27.11971441943283},"Slope":{"confidence_interval":{"confidence_level":0.95,"lower_bound":134127.1435926294,"upper_bound":134198.7436890447},"point_estimate":134161.21514666764,"standard_error":18.25899098762753},"StdDev":{"confidence_interval":{"confidence_level":0.95,"lower_bound":208.28156228466338,"upper_bound":689.5406815977982},"point_estimate":466.3709114713035,"standard_error":127.66872549813624}}