{"Mean":{"confidence_interval":{"confidence_level":0.95,"lower_bound":92655.21278084302,"upper_bound":92727.68919042077},"point_estimate":92686.06077936839,"standard_error":18.735206219268736},"Median":{"confidence_interval":{"confidence_level":0.95,"lower_bound":92637.48051948052,"upper_bound":92648.95116952014},"point_estimate":92642.4254893657,"standard_error":2.786945422238596},"MedianAbsDev":{"confidence_interval":{"confidence_level":0.95,"lower_bound":22.70289980836216,"upper_bound":47.9180514970073},"point_estimate":35.4290936618531,"standard_error":6.208553689489351},"Slope":{"confidence_interval":{"confidence_level":0.95,"lower_bound":92639.30394252385,"upper_bound":92658.08517647613},"point_estimate":92648.01876620497,"standard_error":4.810816028053091},"StdDev":{"confidence_interval":{"confidence_level":0.95,"lower_bound":58.14082060505016,"upper_bound":288.77247804655065},"point_estimate":188.57937584204288,"standard_error":61.59170664069701}}