{"Mean":{"confidence_interval":{"confidence_level":0.95,"lower_bound":92719.83833987305,"upper_bound":92789.83837812599},"point_estimate":92746.91743783744,"standard_error":18.65478868328735},"Median":{"confidence_interval":{"confidence_level":0.95,"lower_bound":92705.40106951872,"upper_bound":92723.76802507837},"point_estimate":92714.05934343435,"standard_error":4.549339917599122},"MedianAbsDev":{"confidence_interval":{"confidence_level":0.95,"lower_bound":27.79794723376126,"upper_bound":47.7867243107072},"point_estimate":37.73993572133473,"standard_error":4.9716292800652},"Slope":{"confidence_interval":{"confidence_level":0.95,"lower_bound":92703.94828009602,"upper_bound":92717.25115798347},"point_estimate":92710.33541303384,"standard_error":3.39341346398419},"StdDev":{"confidence_interval":{"confidence_level":0.95,"lower_bound":48.46492182471965,"upper_bound":308.4414957811838},"point_estimate":186.91539971161492,"standard_error":84.56456991158356}}