{"Mean":{"confidence_interval":{"confidence_level":0.95,"lower_bound":1671.1935302986833,"upper_bound":1693.8144359551486},"point_estimate":1678.8002222559205,"standard_error":7.376169436623942},"Median":{"confidence_interval":{"confidence_level":0.95,"lower_bound":1670.9833336983422,"upper_bound":1671.0641986408943},"point_estimate":1671.0360583065053,"standard_error":0.018005014958018657},"MedianAbsDev":{"confidence_interval":{"confidence_level":0.95,"lower_bound":0.16336621694580286,"upper_bound":0.3668010496695979},"point_estimate":0.25338589597138167,"standard_error":0.04815699651063613},"Slope":{"confidence_interval":{"confidence_level":0.95,"lower_bound":1671.1179117409831,"upper_bound":1671.660404473356},"point_estimate":1671.3550646164765,"standard_error":0.14007883366628063},"StdDev":{"confidence_interval":{"confidence_level":0.95,"lower_bound":0.7959505818991701,"upper_bound":127.37849786887111},"point_estimate":74.29034979732994,"standard_error":46.08235305802782}}