{"Mean":{"confidence_interval":{"confidence_level":0.95,"lower_bound":1673.3957024243884,"upper_bound":1682.1554922944886},"point_estimate":1676.354611996185,"standard_error":2.8356997904390386},"Median":{"confidence_interval":{"confidence_level":0.95,"lower_bound":1673.277944015444,"upper_bound":1673.4136486486486},"point_estimate":1673.3579579392454,"standard_error":0.03443335562091651},"MedianAbsDev":{"confidence_interval":{"confidence_level":0.95,"lower_bound":0.17199473646074426,"upper_bound":0.2918436893207569},"point_estimate":0.22264043523666252,"standard_error":0.029560381662012556},"Slope":{"confidence_interval":{"confidence_level":0.95,"lower_bound":1673.3390469305712,"upper_bound":1698.5718129593656},"point_estimate":1681.1653436889676,"standard_error":7.6103228385152235},"StdDev":{"confidence_interval":{"confidence_level":0.95,"lower_bound":0.45077385201552317,"upper_bound":48.97340057733202},"point_estimate":28.563711702321285,"standard_error":17.593291778211604}}