{"Mean":{"confidence_interval":{"confidence_level":0.95,"lower_bound":2375139.935234149,"upper_bound":2377981.721377885},"point_estimate":2376358.8690457507,"standard_error":734.1290138084447},"Median":{"confidence_interval":{"confidence_level":0.95,"lower_bound":2374892.3795500505,"upper_bound":2375443.5625},"point_estimate":2375264.626344086,"standard_error":155.01409386487208},"MedianAbsDev":{"confidence_interval":{"confidence_level":0.95,"lower_bound":1418.6795577690773,"upper_bound":2341.681007178282},"point_estimate":2074.2536440746494,"standard_error":233.8023748742484},"Slope":{"confidence_interval":{"confidence_level":0.95,"lower_bound":2374471.6899026106,"upper_bound":2375349.0892884745},"point_estimate":2374926.2632924486,"standard_error":223.302683455205},"StdDev":{"confidence_interval":{"confidence_level":0.95,"lower_bound":2700.008080751245,"upper_bound":11394.435054598322},"point_estimate":7364.171424254528,"standard_error":2339.034019156592}}