{"Mean":{"confidence_interval":{"confidence_level":0.95,"lower_bound":1949278.919855889,"upper_bound":1989271.2410625038},"point_estimate":1967662.8960678766,"standard_error":10260.476281119603},"Median":{"confidence_interval":{"confidence_level":0.95,"lower_bound":1925230.670673077,"upper_bound":1951028.5},"point_estimate":1932201.5277777778,"standard_error":6341.449457796837},"MedianAbsDev":{"confidence_interval":{"confidence_level":0.95,"lower_bound":30227.190435522058,"upper_bound":60571.54258818509},"point_estimate":38631.0867690036,"standard_error":7255.5144424852015},"Slope":{"confidence_interval":{"confidence_level":0.95,"lower_bound":1921657.393978926,"upper_bound":1933388.7015684485},"point_estimate":1927074.3594118517,"standard_error":3002.232851965629},"StdDev":{"confidence_interval":{"confidence_level":0.95,"lower_bound":61022.875800484704,"upper_bound":142185.66108429278},"point_estimate":103553.7455503767,"standard_error":21031.487972389896}}