{"Mean":{"confidence_interval":{"confidence_level":0.95,"lower_bound":1949736.9910689995,"upper_bound":2005430.1826702154},"point_estimate":1974274.2022947136,"standard_error":14354.719949345177},"Median":{"confidence_interval":{"confidence_level":0.95,"lower_bound":1925201.55,"upper_bound":1945351.1631944445},"point_estimate":1931665.242620232,"standard_error":6010.572243744565},"MedianAbsDev":{"confidence_interval":{"confidence_level":0.95,"lower_bound":24340.386856352372,"upper_bound":44453.54145870858},"point_estimate":31437.897532143455,"standard_error":5344.877891838591},"Slope":{"confidence_interval":{"confidence_level":0.95,"lower_bound":1921194.9553378217,"upper_bound":1930533.1393453889},"point_estimate":1925638.1096586375,"standard_error":2388.39098103246},"StdDev":{"confidence_interval":{"confidence_level":0.95,"lower_bound":67712.71685361331,"upper_bound":213642.39437663366},"point_estimate":144368.24874441075,"standard_error":38662.15916105231}}