{"Mean":{"confidence_interval":{"confidence_level":0.95,"lower_bound":11444540.836179074,"upper_bound":11552488.178430483},"point_estimate":11496446.144353531,"standard_error":27438.291137966353},"Median":{"confidence_interval":{"confidence_level":0.95,"lower_bound":11373409.7,"upper_bound":11381192.583333334},"point_estimate":11376835.421526587,"standard_error":2202.566310537422},"MedianAbsDev":{"confidence_interval":{"confidence_level":0.95,"lower_bound":9716.872701671988,"upper_bound":20594.88950250484},"point_estimate":13436.87529636922,"standard_error":2930.7578454024183},"Slope":{"confidence_interval":{"confidence_level":0.95,"lower_bound":11570366.840040546,"upper_bound":11778278.166815626},"point_estimate":11679475.971653612,"standard_error":52812.0954150936},"StdDev":{"confidence_interval":{"confidence_level":0.95,"lower_bound":216013.5104091707,"upper_bound":318694.6556638208},"point_estimate":275586.3230831004,"standard_error":26091.653810352465}}