{"Mean":{"confidence_interval":{"confidence_level":0.95,"lower_bound":9280.22996582454,"upper_bound":9286.81268090081},"point_estimate":9283.123734823892,"standard_error":1.686901392973631},"Median":{"confidence_interval":{"confidence_level":0.95,"lower_bound":9278.38339491415,"upper_bound":9281.214693665628},"point_estimate":9280.498581441923,"standard_error":0.7722645636609334},"MedianAbsDev":{"confidence_interval":{"confidence_level":0.95,"lower_bound":4.624932081597639,"upper_bound":7.676849837422266},"point_estimate":6.654953400091117,"standard_error":0.7795470025914608},"Slope":{"confidence_interval":{"confidence_level":0.95,"lower_bound":9279.41046155209,"upper_bound":9281.796155994687},"point_estimate":9280.578218097999,"standard_error":0.6088810786270932},"StdDev":{"confidence_interval":{"confidence_level":0.95,"lower_bound":8.080524180272244,"upper_bound":25.487205999069023},"point_estimate":17.00325103844994,"standard_error":4.880878908540637}}