{"Mean":{"confidence_interval":{"confidence_level":0.95,"lower_bound":66214.61106624611,"upper_bound":66281.67634691639},"point_estimate":66246.2520862835,"standard_error":17.17124312478254},"Median":{"confidence_interval":{"confidence_level":0.95,"lower_bound":66165.08376068376,"upper_bound":66171.46666666666},"point_estimate":66167.74676275451,"standard_error":1.755580240291141},"MedianAbsDev":{"confidence_interval":{"confidence_level":0.95,"lower_bound":11.675124651016613,"upper_bound":35.48104123578199},"point_estimate":21.020365182371027,"standard_error":5.230728177876023},"Slope":{"confidence_interval":{"confidence_level":0.95,"lower_bound":66229.1750826896,"upper_bound":66293.71048384575},"point_estimate":66260.94089828087,"standard_error":16.496581461303812},"StdDev":{"confidence_interval":{"confidence_level":0.95,"lower_bound":124.27097862001834,"upper_bound":218.60513429844235},"point_estimate":172.6845426685341,"standard_error":24.32968868222974}}