{"Mean":{"confidence_interval":{"confidence_level":0.95,"lower_bound":66126.07819260343,"upper_bound":66141.75280483461},"point_estimate":66132.40280402575,"standard_error":4.132128085788176},"Median":{"confidence_interval":{"confidence_level":0.95,"lower_bound":66125.01891327064,"upper_bound":66128.68518518518},"point_estimate":66127.54360049704,"standard_error":0.9173487788504834},"MedianAbsDev":{"confidence_interval":{"confidence_level":0.95,"lower_bound":5.833907482906669,"upper_bound":9.397324306849143},"point_estimate":7.68930259075973,"standard_error":0.8929050193414072},"Slope":{"confidence_interval":{"confidence_level":0.95,"lower_bound":66126.127820905,"upper_bound":66145.93303458023},"point_estimate":66132.85033269296,"standard_error":5.653245263908832},"StdDev":{"confidence_interval":{"confidence_level":0.95,"lower_bound":9.83479928900799,"upper_bound":68.00808483733498},"point_estimate":41.832235935279634,"standard_error":17.317993902810226}}