{"Mean":{"confidence_interval":{"confidence_level":0.95,"lower_bound":3086.133248702538,"upper_bound":3087.805652325359},"point_estimate":3086.870030287974,"standard_error":0.4309999267925301},"Median":{"confidence_interval":{"confidence_level":0.95,"lower_bound":3085.7588845949836,"upper_bound":3086.135328562134},"point_estimate":3085.9328647182147,"standard_error":0.08818859842182152},"MedianAbsDev":{"confidence_interval":{"confidence_level":0.95,"lower_bound":0.6049200753964876,"upper_bound":1.079521343518486},"point_estimate":0.8305055795870299,"standard_error":0.12318054968176678},"Slope":{"confidence_interval":{"confidence_level":0.95,"lower_bound":3085.846876108091,"upper_bound":3086.347031524182},"point_estimate":3086.074926107367,"standard_error":0.1283998962661692},"StdDev":{"confidence_interval":{"confidence_level":0.95,"lower_bound":1.6070970114650347,"upper_bound":6.340875420339875},"point_estimate":4.3396104656718295,"standard_error":1.208911599974565}}