{"Mean":{"confidence_interval":{"confidence_level":0.95,"lower_bound":853.4225567371733,"upper_bound":853.6337190955699},"point_estimate":853.5161382411349,"standard_error":0.05433344265067098},"Median":{"confidence_interval":{"confidence_level":0.95,"lower_bound":853.427776155643,"upper_bound":853.4993258749283},"point_estimate":853.4566829092431,"standard_error":0.0175976005897191},"MedianAbsDev":{"confidence_interval":{"confidence_level":0.95,"lower_bound":0.09541402468170641,"upper_bound":0.1618773364317491},"point_estimate":0.1223804195140918,"standard_error":0.01658131340408505},"Slope":{"confidence_interval":{"confidence_level":0.95,"lower_bound":853.4508291834127,"upper_bound":853.7924053517514},"point_estimate":853.574199159788,"standard_error":0.0957435395515488},"StdDev":{"confidence_interval":{"confidence_level":0.95,"lower_bound":0.16688528534311553,"upper_bound":0.8106161188595604},"point_estimate":0.5464885780752681,"standard_error":0.1634237600559679}}