{"Mean":{"confidence_interval":{"confidence_level":0.95,"lower_bound":4134.96818225992,"upper_bound":4136.038119554985},"point_estimate":4135.429759136179,"standard_error":0.27624487201771153},"Median":{"confidence_interval":{"confidence_level":0.95,"lower_bound":4135.148413825757,"upper_bound":4135.390144230769},"point_estimate":4135.296223051875,"standard_error":0.06199955657268384},"MedianAbsDev":{"confidence_interval":{"confidence_level":0.95,"lower_bound":0.42715151680682145,"upper_bound":0.6945847633960751},"point_estimate":0.551004530190979,"standard_error":0.06922184227956034},"Slope":{"confidence_interval":{"confidence_level":0.95,"lower_bound":4134.88149387353,"upper_bound":4135.306586367885},"point_estimate":4135.099673612137,"standard_error":0.10813235529774602},"StdDev":{"confidence_interval":{"confidence_level":0.95,"lower_bound":1.0696319760998747,"upper_bound":4.421298473983633},"point_estimate":2.787317591005106,"standard_error":0.9968261081703045}}