{"Mean":{"confidence_interval":{"confidence_level":0.95,"lower_bound":21044.909306224432,"upper_bound":21078.728459013186},"point_estimate":21058.75688824867,"standard_error":8.855743178006113},"Median":{"confidence_interval":{"confidence_level":0.95,"lower_bound":21039.833776595744,"upper_bound":21045.358800773694},"point_estimate":21042.05616733755,"standard_error":1.270046180397464},"MedianAbsDev":{"confidence_interval":{"confidence_level":0.95,"lower_bound":7.8460168949350155,"upper_bound":15.788030124263932},"point_estimate":11.259102658351601,"standard_error":2.0017350408688657},"Slope":{"confidence_interval":{"confidence_level":0.95,"lower_bound":21039.408510028457,"upper_bound":21044.777111872416},"point_estimate":21041.854871859367,"standard_error":1.3670915010122309},"StdDev":{"confidence_interval":{"confidence_level":0.95,"lower_bound":24.124481590750356,"upper_bound":142.80386324482131},"point_estimate":88.96089490771334,"standard_error":34.35385927965837}}