{"Mean":{"confidence_interval":{"confidence_level":0.95,"lower_bound":26941.1136924613,"upper_bound":26948.194970408087},"point_estimate":26944.150310523495,"standard_error":1.8258378450923267},"Median":{"confidence_interval":{"confidence_level":0.95,"lower_bound":26941.456122789456,"upper_bound":26944.41787941788},"point_estimate":26943.1675982801,"standard_error":0.757683414409802},"MedianAbsDev":{"confidence_interval":{"confidence_level":0.95,"lower_bound":4.568555475861632,"upper_bound":9.453565419784939},"point_estimate":6.751686517673585,"standard_error":1.3446981974825363},"Slope":{"confidence_interval":{"confidence_level":0.95,"lower_bound":26940.69104399273,"upper_bound":26944.88480828531},"point_estimate":26942.773481881468,"standard_error":1.0707802666069748},"StdDev":{"confidence_interval":{"confidence_level":0.95,"lower_bound":7.376277256348141,"upper_bound":28.470515746768893},"point_estimate":18.383594176933084,"standard_error":5.96247829347028}}