{"Mean":{"confidence_interval":{"confidence_level":0.95,"lower_bound":36075.774533478,"upper_bound":36104.314942052064},"point_estimate":36088.04855352856,"standard_error":7.413750884973072},"Median":{"confidence_interval":{"confidence_level":0.95,"lower_bound":36070.23157191448,"upper_bound":36075.16226333907},"point_estimate":36072.27014180672,"standard_error":1.3960858109948266},"MedianAbsDev":{"confidence_interval":{"confidence_level":0.95,"lower_bound":7.490954033673165,"upper_bound":12.477766316513916},"point_estimate":10.007176847594915,"standard_error":1.2835686637217794},"Slope":{"confidence_interval":{"confidence_level":0.95,"lower_bound":36070.54086913384,"upper_bound":36076.06653808635},"point_estimate":36073.01562625346,"standard_error":1.4162641199588741},"StdDev":{"confidence_interval":{"confidence_level":0.95,"lower_bound":22.620048750627063,"upper_bound":115.48515921527148},"point_estimate":74.55345860229184,"standard_error":24.00733846826946}}