{"Mean":{"confidence_interval":{"confidence_level":0.95,"lower_bound":107730.00150984994,"upper_bound":107829.77418945215},"point_estimate":107773.67035015192,"standard_error":25.688388717342473},"Median":{"confidence_interval":{"confidence_level":0.95,"lower_bound":107715.0026477146,"upper_bound":107738.43841549296},"point_estimate":107722.43517156862,"standard_error":5.714215337171872},"MedianAbsDev":{"confidence_interval":{"confidence_level":0.95,"lower_bound":40.38219293124503,"upper_bound":82.85243595115587},"point_estimate":54.99201680730826,"standard_error":11.24549519098651},"Slope":{"confidence_interval":{"confidence_level":0.95,"lower_bound":107718.84486919672,"upper_bound":107742.64925082558},"point_estimate":107729.83710831979,"standard_error":6.058264650307145},"StdDev":{"confidence_interval":{"confidence_level":0.95,"lower_bound":105.55637805036342,"upper_bound":387.86909767072297},"point_estimate":258.64140147706115,"standard_error":75.26936082031406}}