{"Mean":{"confidence_interval":{"confidence_level":0.95,"lower_bound":12739.160437760258,"upper_bound":12743.919337791118},"point_estimate":12740.98947709227,"standard_error":1.2608658536421344},"Median":{"confidence_interval":{"confidence_level":0.95,"lower_bound":12738.919054801408,"upper_bound":12739.30380249977},"point_estimate":12739.105252934201,"standard_error":0.10409034804873948},"MedianAbsDev":{"confidence_interval":{"confidence_level":0.95,"lower_bound":0.609476711785312,"upper_bound":1.2843014729257756},"point_estimate":0.9708896496758802,"standard_error":0.1782551775890613},"Slope":{"confidence_interval":{"confidence_level":0.95,"lower_bound":12739.010004023865,"upper_bound":12739.57369703985},"point_estimate":12739.257207223593,"standard_error":0.14533644018908742},"StdDev":{"confidence_interval":{"confidence_level":0.95,"lower_bound":2.0898771171449044,"upper_bound":20.953190470503312},"point_estimate":12.631610122264114,"standard_error":5.668701946766677}}