{"Mean":{"confidence_interval":{"confidence_level":0.95,"lower_bound":16780604.026272204,"upper_bound":16822299.810721405},"point_estimate":16800739.52990344,"standard_error":10707.959669308142},"Median":{"confidence_interval":{"confidence_level":0.95,"lower_bound":16739485.96,"upper_bound":16747548.403726708},"point_estimate":16743575.033163264,"standard_error":1959.9830786481339},"MedianAbsDev":{"confidence_interval":{"confidence_level":0.95,"lower_bound":9248.769195407871,"upper_bound":22818.173558785184},"point_estimate":14208.197168551125,"standard_error":3463.721551632493},"Slope":{"confidence_interval":{"confidence_level":0.95,"lower_bound":16830652.75500652,"upper_bound":16900962.809705496},"point_estimate":16867987.25199054,"standard_error":17994.350179254423},"StdDev":{"confidence_interval":{"confidence_level":0.95,"lower_bound":90653.61694654853,"upper_bound":119584.13689250604},"point_estimate":107492.40686562793,"standard_error":7441.593580430123}}