{"Mean":{"confidence_interval":{"confidence_level":0.95,"lower_bound":702387.9527579573,"upper_bound":718024.038253823},"point_estimate":709540.3302166149,"standard_error":3996.1134396748025},"Median":{"confidence_interval":{"confidence_level":0.95,"lower_bound":692570.2103530031,"upper_bound":695310.7430555555},"point_estimate":693136.9841374753,"standard_error":627.4477087471371},"MedianAbsDev":{"confidence_interval":{"confidence_level":0.95,"lower_bound":2401.9231177494303,"upper_bound":6750.492986006634},"point_estimate":3487.7996758477625,"standard_error":1046.4613348549171},"Slope":{"confidence_interval":{"confidence_level":0.95,"lower_bound":694846.4658068654,"upper_bound":698936.6040261231},"point_estimate":696730.6156199202,"standard_error":1040.532564528048},"StdDev":{"confidence_interval":{"confidence_level":0.95,"lower_bound":22149.055505383065,"upper_bound":55143.74290073428},"point_estimate":40073.643255888426,"standard_error":8448.584109334792}}