{"Mean":{"confidence_interval":{"confidence_level":0.95,"lower_bound":701360.1146386756,"upper_bound":719299.509138652},"point_estimate":709582.9118170318,"standard_error":4579.720045779787},"Median":{"confidence_interval":{"confidence_level":0.95,"lower_bound":692594.1894736842,"upper_bound":700172.0},"point_estimate":696592.838426712,"standard_error":1901.2087005813985},"MedianAbsDev":{"confidence_interval":{"confidence_level":0.95,"lower_bound":13355.406977666893,"upper_bound":23539.51159209015},"point_estimate":18364.499320890056,"standard_error":2618.36198031728},"Slope":{"confidence_interval":{"confidence_level":0.95,"lower_bound":691018.4506620087,"upper_bound":697832.7955235392},"point_estimate":694211.9482222551,"standard_error":1737.0333359423635},"StdDev":{"confidence_interval":{"confidence_level":0.95,"lower_bound":27252.900373983477,"upper_bound":61040.43224181234},"point_estimate":45938.011037753495,"standard_error":8547.334938266287}}