{"Mean":{"confidence_interval":{"confidence_level":0.95,"lower_bound":1653070.596550363,"upper_bound":1653926.939446037},"point_estimate":1653430.73365764,"standard_error":220.96513914281434},"Median":{"confidence_interval":{"confidence_level":0.95,"lower_bound":1653012.6533180778,"upper_bound":1653341.3378378379},"point_estimate":1653206.2777043402,"standard_error":86.22773215753253},"MedianAbsDev":{"confidence_interval":{"confidence_level":0.95,"lower_bound":494.9937063634563,"upper_bound":915.2071221028948},"point_estimate":680.5533754223571,"standard_error":111.92415093767124},"Slope":{"confidence_interval":{"confidence_level":0.95,"lower_bound":1652947.8697035897,"upper_bound":1653351.9198987763},"point_estimate":1653137.5185104182,"standard_error":103.31050289735869},"StdDev":{"confidence_interval":{"confidence_level":0.95,"lower_bound":897.468655690716,"upper_bound":3521.521199061452},"point_estimate":2220.5692868257097,"standard_error":815.6168208288398}}