{"Mean":{"confidence_interval":{"confidence_level":0.95,"lower_bound":908590.4658538221,"upper_bound":909412.755409683},"point_estimate":908998.1268167789,"standard_error":209.38096822516658},"Median":{"confidence_interval":{"confidence_level":0.95,"lower_bound":908017.7310267857,"upper_bound":909971.9242424242},"point_estimate":909376.0148287385,"standard_error":521.5249535436623},"MedianAbsDev":{"confidence_interval":{"confidence_level":0.95,"lower_bound":1726.7873438114852,"upper_bound":2829.747189384594},"point_estimate":2403.200978173375,"standard_error":276.8539604994673},"Slope":{"confidence_interval":{"confidence_level":0.95,"lower_bound":908330.6435344351,"upper_bound":909389.9500194291},"point_estimate":908862.1253243682,"standard_error":270.07894024174266},"StdDev":{"confidence_interval":{"confidence_level":0.95,"lower_bound":1839.1598192932663,"upper_bound":2366.785041528085},"point_estimate":2103.567311975235,"standard_error":135.48719553158358}}