{"Mean":{"confidence_interval":{"confidence_level":0.95,"lower_bound":20176.354236819512,"upper_bound":20187.38073021717},"point_estimate":20181.130515853256,"standard_error":2.859365164081699},"Median":{"confidence_interval":{"confidence_level":0.95,"lower_bound":20172.592270950932,"upper_bound":20174.72845804989},"point_estimate":20173.938285153876,"standard_error":0.5002247733341713},"MedianAbsDev":{"confidence_interval":{"confidence_level":0.95,"lower_bound":4.335176113512298,"upper_bound":7.784094819789873},"point_estimate":6.393013851948621,"standard_error":0.8675367898995753},"Slope":{"confidence_interval":{"confidence_level":0.95,"lower_bound":20177.98534360823,"upper_bound":20190.2012825657},"point_estimate":20183.56815126228,"standard_error":3.122141884758182},"StdDev":{"confidence_interval":{"confidence_level":0.95,"lower_bound":11.05676318178395,"upper_bound":44.07339525054437},"point_estimate":28.747326247173735,"standard_error":9.008251013977635}}