{"Mean":{"confidence_interval":{"confidence_level":0.95,"lower_bound":10403.281685679991,"upper_bound":10411.510521626848},"point_estimate":10406.808107610139,"standard_error":2.126479901231036},"Median":{"confidence_interval":{"confidence_level":0.95,"lower_bound":10402.581578947369,"upper_bound":10403.920880681817},"point_estimate":10403.294947916667,"standard_error":0.4091140184861134},"MedianAbsDev":{"confidence_interval":{"confidence_level":0.95,"lower_bound":2.3628274382299397,"upper_bound":4.599147831016823},"point_estimate":3.590469884616281,"standard_error":0.5868859856226795},"Slope":{"confidence_interval":{"confidence_level":0.95,"lower_bound":10403.897198543376,"upper_bound":10408.329718334377},"point_estimate":10405.989275651445,"standard_error":1.1303537491249263},"StdDev":{"confidence_interval":{"confidence_level":0.95,"lower_bound":8.166682995319798,"upper_bound":33.166537712602015},"point_estimate":21.386485373910606,"standard_error":7.016552548291756}}