{"Mean":{"confidence_interval":{"confidence_level":0.95,"lower_bound":4737.681948461625,"upper_bound":4743.221309926218},"point_estimate":4740.230321120347,"standard_error":1.4174974509601381},"Median":{"confidence_interval":{"confidence_level":0.95,"lower_bound":4735.253305288462,"upper_bound":4739.341746246048},"point_estimate":4737.444181459567,"standard_error":1.0867025095711367},"MedianAbsDev":{"confidence_interval":{"confidence_level":0.95,"lower_bound":6.488678734867956,"upper_bound":11.464404556081556},"point_estimate":8.503181555265861,"standard_error":1.270504575917637},"Slope":{"confidence_interval":{"confidence_level":0.95,"lower_bound":4737.655234376037,"upper_bound":4741.694180762177},"point_estimate":4739.710823410555,"standard_error":1.0300683292799173},"StdDev":{"confidence_interval":{"confidence_level":0.95,"lower_bound":8.889996299594706,"upper_bound":20.050232395742434},"point_estimate":14.290047442244003,"standard_error":3.1153648215155463}}