{"Mean":{"confidence_interval":{"confidence_level":0.95,"lower_bound":153277.74079041393,"upper_bound":153637.8184111909},"point_estimate":153430.88399128063,"standard_error":93.07908339704474},"Median":{"confidence_interval":{"confidence_level":0.95,"lower_bound":153213.0458553792,"upper_bound":153271.0544217687},"point_estimate":153234.1714601479,"standard_error":12.826069693029003},"MedianAbsDev":{"confidence_interval":{"confidence_level":0.95,"lower_bound":92.29937619269495,"upper_bound":171.96674399726982},"point_estimate":126.70975973812517,"standard_error":22.190213944885766},"Slope":{"confidence_interval":{"confidence_level":0.95,"lower_bound":153211.83150110522,"upper_bound":153261.16916993583},"point_estimate":153234.9867854504,"standard_error":12.543860533520116},"StdDev":{"confidence_interval":{"confidence_level":0.95,"lower_bound":250.09893664087093,"upper_bound":1414.1102831224116},"point_estimate":931.8703748148107,"standard_error":307.5955132323436}}