{"Mean":{"confidence_interval":{"confidence_level":0.95,"lower_bound":1782.333531703261,"upper_bound":1782.8460403334864},"point_estimate":1782.5693913021582,"standard_error":0.13118168877078698},"Median":{"confidence_interval":{"confidence_level":0.95,"lower_bound":1782.1541316143287,"upper_bound":1782.6857236626188},"point_estimate":1782.266011092262,"standard_error":0.12632428243273885},"MedianAbsDev":{"confidence_interval":{"confidence_level":0.95,"lower_bound":0.637920337485554,"upper_bound":1.0597061786236228},"point_estimate":0.7553719815372865,"standard_error":0.10747798604688949},"Slope":{"confidence_interval":{"confidence_level":0.95,"lower_bound":1782.6244711071952,"upper_bound":1783.4336149860153},"point_estimate":1782.9770690743303,"standard_error":0.21020579858616376},"StdDev":{"confidence_interval":{"confidence_level":0.95,"lower_bound":0.7578216417622048,"upper_bound":1.8486672323867652},"point_estimate":1.319264694439716,"standard_error":0.2891297391225301}}