{"Mean":{"confidence_interval":{"confidence_level":0.95,"lower_bound":132137.13555744328,"upper_bound":132175.09537896808},"point_estimate":132153.88507776122,"standard_error":9.798944346499578},"Median":{"confidence_interval":{"confidence_level":0.95,"lower_bound":132131.27680555556,"upper_bound":132145.64112903227},"point_estimate":132140.35164930555,"standard_error":3.6932933826449124},"MedianAbsDev":{"confidence_interval":{"confidence_level":0.95,"lower_bound":22.255438842011497,"upper_bound":38.464188833266135},"point_estimate":30.051735195634045,"standard_error":4.059031567811444},"Slope":{"confidence_interval":{"confidence_level":0.95,"lower_bound":132127.9116553915,"upper_bound":132167.69059832237},"point_estimate":132142.42872099896,"standard_error":10.800135551004841},"StdDev":{"confidence_interval":{"confidence_level":0.95,"lower_bound":38.84262606896189,"upper_bound":144.26992387092744},"point_estimate":97.77856303508416,"standard_error":27.698601199870474}}