{"Mean":{"confidence_interval":{"confidence_level":0.95,"lower_bound":32074.03865986951,"upper_bound":32092.459328547244},"point_estimate":32084.179693165155,"standard_error":4.6710465724873265},"Median":{"confidence_interval":{"confidence_level":0.95,"lower_bound":32083.25219941349,"upper_bound":32086.955237788578},"point_estimate":32085.362820086466,"standard_error":0.8752664182223598},"MedianAbsDev":{"confidence_interval":{"confidence_level":0.95,"lower_bound":5.6183738157180505,"upper_bound":9.684178183382919},"point_estimate":7.598251059847876,"standard_error":1.0437926687481924},"Slope":{"confidence_interval":{"confidence_level":0.95,"lower_bound":32076.575119291818,"upper_bound":32090.738920076157},"point_estimate":32084.130082802214,"standard_error":3.5493904299864982},"StdDev":{"confidence_interval":{"confidence_level":0.95,"lower_bound":9.6069412665762,"upper_bound":74.7776495803825},"point_estimate":46.726216807818666,"standard_error":16.99775663910606}}