{"Mean":{"confidence_interval":{"confidence_level":0.95,"lower_bound":25943.110266242107,"upper_bound":25948.712239038658},"point_estimate":25945.532599587696,"standard_error":1.4347110808646306},"Median":{"confidence_interval":{"confidence_level":0.95,"lower_bound":25944.699280251913,"upper_bound":25947.97842401501},"point_estimate":25946.117343675036,"standard_error":0.8901775407348591},"MedianAbsDev":{"confidence_interval":{"confidence_level":0.95,"lower_bound":3.490518515909182,"upper_bound":6.174025859668325},"point_estimate":4.3675762799263,"standard_error":0.6602839525424747},"Slope":{"confidence_interval":{"confidence_level":0.95,"lower_bound":25940.499777140034,"upper_bound":25945.479976173177},"point_estimate":25943.02716933232,"standard_error":1.2751086262052755},"StdDev":{"confidence_interval":{"confidence_level":0.95,"lower_bound":6.860634822226409,"upper_bound":22.44911958242524},"point_estimate":14.451686501142461,"standard_error":4.82211159570534}}