{"Mean":{"confidence_interval":{"confidence_level":0.95,"lower_bound":25949.281181541905,"upper_bound":25958.278942781282},"point_estimate":25953.43162850661,"standard_error":2.303160205210892},"Median":{"confidence_interval":{"confidence_level":0.95,"lower_bound":25944.02556738289,"upper_bound":25951.502564102564},"point_estimate":25945.16313497823,"standard_error":1.8272491233554373},"MedianAbsDev":{"confidence_interval":{"confidence_level":0.95,"lower_bound":4.99834541566189,"upper_bound":12.974712391195718},"point_estimate":7.822152769292578,"standard_error":2.032468194993489},"Slope":{"confidence_interval":{"confidence_level":0.95,"lower_bound":25943.510691340263,"upper_bound":25952.891827453},"point_estimate":25947.385066972827,"standard_error":2.4335645533067645},"StdDev":{"confidence_interval":{"confidence_level":0.95,"lower_bound":13.596638385197087,"upper_bound":31.23788758678214},"point_estimate":23.062290144447168,"standard_error":4.525204404320885}}