{"Mean":{"confidence_interval":{"confidence_level":0.95,"lower_bound":16527.793627940533,"upper_bound":16574.262350276455},"point_estimate":16544.729413618912,"standard_error":13.281511087962372},"Median":{"confidence_interval":{"confidence_level":0.95,"lower_bound":16524.165577915377,"upper_bound":16528.08211382114},"point_estimate":16526.179887252227,"standard_error":0.9785454966948505},"MedianAbsDev":{"confidence_interval":{"confidence_level":0.95,"lower_bound":5.797876998693905,"upper_bound":10.529617026809895},"point_estimate":7.602379572384824,"standard_error":1.2627025944991803},"Slope":{"confidence_interval":{"confidence_level":0.95,"lower_bound":16524.6843039412,"upper_bound":16529.34122177406},"point_estimate":16526.7607476479,"standard_error":1.1947957246893712},"StdDev":{"confidence_interval":{"confidence_level":0.95,"lower_bound":19.45161021511365,"upper_bound":226.39295562523301},"point_estimate":133.69364656640474,"standard_error":71.14656195403154}}