{"Mean":{"confidence_interval":{"confidence_level":0.95,"lower_bound":37163.158784685875,"upper_bound":37203.20365556328},"point_estimate":37181.38670724773,"standard_error":10.220153624862734},"Median":{"confidence_interval":{"confidence_level":0.95,"lower_bound":37148.881785895486,"upper_bound":37165.403858894424},"point_estimate":37153.19088693957,"standard_error":4.189099682901664},"MedianAbsDev":{"confidence_interval":{"confidence_level":0.95,"lower_bound":27.364807012692346,"upper_bound":53.92271015378904},"point_estimate":37.24821499741546,"standard_error":6.729156962466718},"Slope":{"confidence_interval":{"confidence_level":0.95,"lower_bound":37160.554407471005,"upper_bound":37182.83243760594},"point_estimate":37171.38591465117,"standard_error":5.676984063323067},"StdDev":{"confidence_interval":{"confidence_level":0.95,"lower_bound":57.06109325948565,"upper_bound":145.33417164233205},"point_estimate":102.86860229728964,"standard_error":23.103730206328674}}