{"Mean":{"confidence_interval":{"confidence_level":0.95,"lower_bound":54112.4222267121,"upper_bound":54207.14803547179},"point_estimate":54148.000414708134,"standard_error":25.871126293578975},"Median":{"confidence_interval":{"confidence_level":0.95,"lower_bound":54104.87133458647,"upper_bound":54117.22132253711},"point_estimate":54113.02584586466,"standard_error":2.6276695304905413},"MedianAbsDev":{"confidence_interval":{"confidence_level":0.95,"lower_bound":18.743670271737265,"upper_bound":37.17503465409919},"point_estimate":28.22577743729598,"standard_error":4.716834431825749},"Slope":{"confidence_interval":{"confidence_level":0.95,"lower_bound":54105.48604648263,"upper_bound":54119.263450677645},"point_estimate":54111.848049123844,"standard_error":3.5076300408105534},"StdDev":{"confidence_interval":{"confidence_level":0.95,"lower_bound":50.19651061811685,"upper_bound":433.6631493307953},"point_estimate":259.16400967882925,"standard_error":126.5908902068963}}