{"Mean":{"confidence_interval":{"confidence_level":0.95,"lower_bound":53688.30615610256,"upper_bound":53872.41583256904},"point_estimate":53755.214636754936,"standard_error":52.98200786900738},"Median":{"confidence_interval":{"confidence_level":0.95,"lower_bound":53672.23101021785,"upper_bound":53695.1026957638},"point_estimate":53683.379573170736,"standard_error":5.605069761899073},"MedianAbsDev":{"confidence_interval":{"confidence_level":0.95,"lower_bound":33.415667799398236,"upper_bound":66.41279871460034},"point_estimate":48.19506093791323,"standard_error":8.758591604851544},"Slope":{"confidence_interval":{"confidence_level":0.95,"lower_bound":53680.04507412915,"upper_bound":53701.33763896547},"point_estimate":53690.458090267784,"standard_error":5.437466507526313},"StdDev":{"confidence_interval":{"confidence_level":0.95,"lower_bound":66.80773842694299,"upper_bound":903.0495185783902},"point_estimate":532.4285638162423,"standard_error":286.3116038751982}}