{"Mean":{"confidence_interval":{"confidence_level":0.95,"lower_bound":111616.93728510721,"upper_bound":111790.18676957002},"point_estimate":111691.115560446,"standard_error":44.932660292075724},"Median":{"confidence_interval":{"confidence_level":0.95,"lower_bound":111589.26241134752,"upper_bound":111632.86749275702},"point_estimate":111607.61889404885,"standard_error":11.953884633993068},"MedianAbsDev":{"confidence_interval":{"confidence_level":0.95,"lower_bound":75.27186076891466,"upper_bound":131.4315020825738},"point_estimate":97.01670822505929,"standard_error":14.151534138737201},"Slope":{"confidence_interval":{"confidence_level":0.95,"lower_bound":111587.05238350194,"upper_bound":111616.92501762},"point_estimate":111601.6253228905,"standard_error":7.601686020317897},"StdDev":{"confidence_interval":{"confidence_level":0.95,"lower_bound":140.51787637893793,"upper_bound":694.0388673022712},"point_estimate":451.04024877374974,"standard_error":142.10119912210075}}