{"Mean":{"confidence_interval":{"confidence_level":0.95,"lower_bound":1056072.1328606075,"upper_bound":1056321.975944848},"point_estimate":1056177.5030221515,"standard_error":64.54248042435722},"Median":{"confidence_interval":{"confidence_level":0.95,"lower_bound":1056048.0865384615,"upper_bound":1056155.35625},"point_estimate":1056111.7180107527,"standard_error":27.046677543306632},"MedianAbsDev":{"confidence_interval":{"confidence_level":0.95,"lower_bound":155.10975459893535,"upper_bound":263.6534937317547},"point_estimate":196.49082776159048,"standard_error":27.681310614933672},"Slope":{"confidence_interval":{"confidence_level":0.95,"lower_bound":1056064.591979765,"upper_bound":1056362.004000015},"point_estimate":1056173.260277819,"standard_error":80.93269677828705},"StdDev":{"confidence_interval":{"confidence_level":0.95,"lower_bound":264.3369299388614,"upper_bound":1026.348733313079},"point_estimate":650.8307964193742,"standard_error":234.0693036896437}}