{"Mean":{"confidence_interval":{"confidence_level":0.95,"lower_bound":1055838.6944660957,"upper_bound":1056481.706811493},"point_estimate":1056176.9115946838,"standard_error":164.28269108915447},"Median":{"confidence_interval":{"confidence_level":0.95,"lower_bound":1056401.463768116,"upper_bound":1056548.8137681158},"point_estimate":1056451.3723943662,"standard_error":32.06624285890226},"MedianAbsDev":{"confidence_interval":{"confidence_level":0.95,"lower_bound":249.623369428499,"upper_bound":429.3411843776749},"point_estimate":353.829922148799,"standard_error":44.293946652774906},"Slope":{"confidence_interval":{"confidence_level":0.95,"lower_bound":1056439.4253656843,"upper_bound":1056656.0759705284},"point_estimate":1056538.8691680213,"standard_error":55.44911800772892},"StdDev":{"confidence_interval":{"confidence_level":0.95,"lower_bound":1122.4266943347588,"upper_bound":2082.948021963623},"point_estimate":1649.192243392926,"standard_error":245.26420747727482}}