{"Mean":{"confidence_interval":{"confidence_level":0.95,"lower_bound":1018850.0409853354,"upper_bound":1056178.6233548247},"point_estimate":1036376.8834980121,"standard_error":9531.310128709187},"Median":{"confidence_interval":{"confidence_level":0.95,"lower_bound":994848.0425531915,"upper_bound":1008836.1027204503},"point_estimate":1002798.9222222222,"standard_error":3430.9905204114016},"MedianAbsDev":{"confidence_interval":{"confidence_level":0.95,"lower_bound":24216.554019019884,"upper_bound":41000.31910172836},"point_estimate":32880.18320148275,"standard_error":4411.4500191923535},"Slope":{"confidence_interval":{"confidence_level":0.95,"lower_bound":990681.2812701068,"upper_bound":1000389.0118384656},"point_estimate":995239.2158829614,"standard_error":2467.668643975019},"StdDev":{"confidence_interval":{"confidence_level":0.95,"lower_bound":69196.78508786988,"upper_bound":117593.69134260542},"point_estimate":95872.09416435081,"standard_error":12352.572426401757}}