{"Mean":{"confidence_interval":{"confidence_level":0.95,"lower_bound":24654.298596965506,"upper_bound":24673.84183810575},"point_estimate":24662.59250893622,"standard_error":5.092088550123877},"Median":{"confidence_interval":{"confidence_level":0.95,"lower_bound":24649.965298507464,"upper_bound":24653.431431623932},"point_estimate":24651.163998226948,"standard_error":0.9587342659978185},"MedianAbsDev":{"confidence_interval":{"confidence_level":0.95,"lower_bound":4.765518882561645,"upper_bound":9.777048474183074},"point_estimate":7.054393754729462,"standard_error":1.2185002825438653},"Slope":{"confidence_interval":{"confidence_level":0.95,"lower_bound":24651.694129622087,"upper_bound":24655.87196745017},"point_estimate":24653.670195285948,"standard_error":1.0714019798885832},"StdDev":{"confidence_interval":{"confidence_level":0.95,"lower_bound":13.212395818921708,"upper_bound":80.51529619437196},"point_estimate":51.41962239549869,"standard_error":17.550187520129953}}