{"Mean":{"confidence_interval":{"confidence_level":0.95,"lower_bound":4258193.201093662,"upper_bound":4260095.240784125},"point_estimate":4259047.810549822,"standard_error":485.3465795003427},"Median":{"confidence_interval":{"confidence_level":0.95,"lower_bound":4257612.252688172,"upper_bound":4258707.741935484},"point_estimate":4258121.844047619,"standard_error":283.3744515572638},"MedianAbsDev":{"confidence_interval":{"confidence_level":0.95,"lower_bound":1384.1552089001993,"upper_bound":2161.2654319647736},"point_estimate":1871.2792573754327,"standard_error":203.6833062365933},"Slope":{"confidence_interval":{"confidence_level":0.95,"lower_bound":4257566.824317098,"upper_bound":4258256.049809366},"point_estimate":4257916.370196542,"standard_error":175.79658061695375},"StdDev":{"confidence_interval":{"confidence_level":0.95,"lower_bound":2513.600805278872,"upper_bound":7028.689715877895},"point_estimate":4873.413966148155,"standard_error":1188.562723959547}}