{"Mean":{"confidence_interval":{"confidence_level":0.95,"lower_bound":5012891.974639742,"upper_bound":5014292.520006601},"point_estimate":5013553.920025026,"standard_error":356.41559777845055},"Median":{"confidence_interval":{"confidence_level":0.95,"lower_bound":5012349.7,"upper_bound":5013859.720730398},"point_estimate":5013324.922920892,"standard_error":382.0021442615411},"MedianAbsDev":{"confidence_interval":{"confidence_level":0.95,"lower_bound":2034.4796646004706,"upper_bound":3143.065818866358},"point_estimate":2612.5563697466846,"standard_error":287.9956211822379},"Slope":{"confidence_interval":{"confidence_level":0.95,"lower_bound":5012804.6808527075,"upper_bound":5013681.0927103795},"point_estimate":5013246.060916211,"standard_error":223.10968891230576},"StdDev":{"confidence_interval":{"confidence_level":0.95,"lower_bound":2510.826923679762,"upper_bound":4658.9069618724725},"point_estimate":3584.0870500950664,"standard_error":554.762464406242}}