{"Mean":{"confidence_interval":{"confidence_level":0.95,"lower_bound":30261.077115424032,"upper_bound":30286.421592973187},"point_estimate":30271.872249178374,"standard_error":6.546488550063825},"Median":{"confidence_interval":{"confidence_level":0.95,"lower_bound":30258.911775987726,"upper_bound":30266.750066454013},"point_estimate":30262.820702264362,"standard_error":2.1259779035751265},"MedianAbsDev":{"confidence_interval":{"confidence_level":0.95,"lower_bound":12.906836732581535,"upper_bound":23.265802286376204},"point_estimate":17.98531807026486,"standard_error":2.481507437432597},"Slope":{"confidence_interval":{"confidence_level":0.95,"lower_bound":30252.937078172763,"upper_bound":30263.16760290161},"point_estimate":30258.06335639534,"standard_error":2.6063909723407144},"StdDev":{"confidence_interval":{"confidence_level":0.95,"lower_bound":20.7450827531506,"upper_bound":100.5303987300574},"point_estimate":65.80141635962599,"standard_error":21.368931294546222}}