{"Mean":{"confidence_interval":{"confidence_level":0.95,"lower_bound":30175.838790075206,"upper_bound":30209.6105354655},"point_estimate":30190.68429970859,"standard_error":8.700167878263713},"Median":{"confidence_interval":{"confidence_level":0.95,"lower_bound":30168.625088090204,"upper_bound":30177.957912457914},"point_estimate":30173.6981981982,"standard_error":1.970260770865847},"MedianAbsDev":{"confidence_interval":{"confidence_level":0.95,"lower_bound":15.342424145290341,"upper_bound":33.48802217834834},"point_estimate":25.236328899183285,"standard_error":4.6354324297886205},"Slope":{"confidence_interval":{"confidence_level":0.95,"lower_bound":30165.338669401994,"upper_bound":30175.48583090256},"point_estimate":30170.346685384957,"standard_error":2.6054757442249468},"StdDev":{"confidence_interval":{"confidence_level":0.95,"lower_bound":31.907923348064987,"upper_bound":130.54680423724184},"point_estimate":87.67796343670422,"standard_error":24.800926992707257}}