{"Mean":{"confidence_interval":{"confidence_level":0.95,"lower_bound":5012645.211454196,"upper_bound":5014409.748731699},"point_estimate":5013476.509643786,"standard_error":449.912243804199},"Median":{"confidence_interval":{"confidence_level":0.95,"lower_bound":5012303.5625,"upper_bound":5013387.328282828},"point_estimate":5012704.226257545,"standard_error":245.4761584108204},"MedianAbsDev":{"confidence_interval":{"confidence_level":0.95,"lower_bound":1842.6617444784633,"upper_bound":3511.4112617426813},"point_estimate":2576.695322363619,"standard_error":431.3517968029554},"Slope":{"confidence_interval":{"confidence_level":0.95,"lower_bound":5012898.447893386,"upper_bound":5013960.180058578},"point_estimate":5013420.084929806,"standard_error":270.561868570214},"StdDev":{"confidence_interval":{"confidence_level":0.95,"lower_bound":2927.1629917372697,"upper_bound":6163.495282038426},"point_estimate":4516.060220994962,"standard_error":860.4339349330195}}