{"Mean":{"confidence_interval":{"confidence_level":0.95,"lower_bound":132087.6926072941,"upper_bound":132156.66858621745},"point_estimate":132112.45338553033,"standard_error":20.273664983628993},"Median":{"confidence_interval":{"confidence_level":0.95,"lower_bound":132081.482421875,"upper_bound":132090.99125},"point_estimate":132087.17761752137,"standard_error":2.256212316420291},"MedianAbsDev":{"confidence_interval":{"confidence_level":0.95,"lower_bound":13.386550377323907,"upper_bound":21.56499405710939},"point_estimate":17.15274339906586,"standard_error":2.0823393141549604},"Slope":{"confidence_interval":{"confidence_level":0.95,"lower_bound":132083.19633485467,"upper_bound":132248.23482633228},"point_estimate":132137.61842840255,"standard_error":48.50273089799878},"StdDev":{"confidence_interval":{"confidence_level":0.95,"lower_bound":23.54759455040033,"upper_bound":347.3860229605768},"point_estimate":204.00821602525207,"standard_error":113.18121559129352}}