{"Mean":{"confidence_interval":{"confidence_level":0.95,"lower_bound":14703645.03224996,"upper_bound":14751784.673576696},"point_estimate":14725808.4494111,"standard_error":12324.464584269504},"Median":{"confidence_interval":{"confidence_level":0.95,"lower_bound":14686996.738636363,"upper_bound":14725805.666666666},"point_estimate":14712713.979757085,"standard_error":9955.535960952362},"MedianAbsDev":{"confidence_interval":{"confidence_level":0.95,"lower_bound":52891.14608457716,"upper_bound":86593.88786836475},"point_estimate":71915.878171034,"standard_error":8115.892101684173},"Slope":{"confidence_interval":{"confidence_level":0.95,"lower_bound":14687300.350200078,"upper_bound":14713259.097687453},"point_estimate":14700293.908789715,"standard_error":6612.025388995396},"StdDev":{"confidence_interval":{"confidence_level":0.95,"lower_bound":69472.57910830245,"upper_bound":169738.2799108839},"point_estimate":124098.4121470911,"standard_error":25344.7511420749}}