{"Mean":{"confidence_interval":{"confidence_level":0.95,"lower_bound":14695290.275642928,"upper_bound":14743338.320197288},"point_estimate":14718243.383911014,"standard_error":12232.492834618628},"Median":{"confidence_interval":{"confidence_level":0.95,"lower_bound":14696133.201086957,"upper_bound":14731142.1875},"point_estimate":14713712.773224045,"standard_error":8750.40371673923},"MedianAbsDev":{"confidence_interval":{"confidence_level":0.95,"lower_bound":48148.10145759204,"upper_bound":85954.82360059796},"point_estimate":60932.38791823341,"standard_error":10217.436974815417},"Slope":{"confidence_interval":{"confidence_level":0.95,"lower_bound":14692634.477241248,"upper_bound":14718753.417080916},"point_estimate":14705975.236547953,"standard_error":6663.389163302217},"StdDev":{"confidence_interval":{"confidence_level":0.95,"lower_bound":71233.86974353707,"upper_bound":165806.458698338},"point_estimate":122823.04730056437,"standard_error":23881.90288875128}}