{"Mean":{"confidence_interval":{"confidence_level":0.95,"lower_bound":88719.76587553299,"upper_bound":88774.58920878153},"point_estimate":88743.71201302671,"standard_error":14.188583959883069},"Median":{"confidence_interval":{"confidence_level":0.95,"lower_bound":88703.63547476046,"upper_bound":88721.925},"point_estimate":88709.27575701167,"standard_error":4.141535656998803},"MedianAbsDev":{"confidence_interval":{"confidence_level":0.95,"lower_bound":26.701538575054045,"upper_bound":43.4403009529192},"point_estimate":34.18158278065882,"standard_error":4.066251351090423},"Slope":{"confidence_interval":{"confidence_level":0.95,"lower_bound":88703.44048970206,"upper_bound":88714.74492795175},"point_estimate":88708.87399955667,"standard_error":2.876783462118935},"StdDev":{"confidence_interval":{"confidence_level":0.95,"lower_bound":51.349504420260196,"upper_bound":214.07307676782793},"point_estimate":142.83058787307306,"standard_error":42.41562597844432}}