{"Mean":{"confidence_interval":{"confidence_level":0.95,"lower_bound":88598.90021163039,"upper_bound":88666.93525582268},"point_estimate":88627.9512157551,"standard_error":17.653464087300357},"Median":{"confidence_interval":{"confidence_level":0.95,"lower_bound":88590.50834785134,"upper_bound":88600.15625},"point_estimate":88594.23329831933,"standard_error":2.9865311790012816},"MedianAbsDev":{"confidence_interval":{"confidence_level":0.95,"lower_bound":20.570356320841572,"upper_bound":34.67899326363494},"point_estimate":28.396843814040984,"standard_error":3.373013293616734},"Slope":{"confidence_interval":{"confidence_level":0.95,"lower_bound":88590.15824572818,"upper_bound":88601.07885886673},"point_estimate":88595.38715900695,"standard_error":2.7879327326135686},"StdDev":{"confidence_interval":{"confidence_level":0.95,"lower_bound":38.63401572108309,"upper_bound":275.0362195251372},"point_estimate":177.71030885425617,"standard_error":58.97093378789383}}