{"Mean":{"confidence_interval":{"confidence_level":0.95,"lower_bound":1826.3910323492196,"upper_bound":1832.605758539959},"point_estimate":1828.7259143706221,"standard_error":1.7428186616636419},"Median":{"confidence_interval":{"confidence_level":0.95,"lower_bound":1827.6546179090483,"upper_bound":1827.8688993087949},"point_estimate":1827.7620450311424,"standard_error":0.060150592673226685},"MedianAbsDev":{"confidence_interval":{"confidence_level":0.95,"lower_bound":0.3023601970178642,"upper_bound":0.4820853960602585},"point_estimate":0.37761938347761004,"standard_error":0.04664081104401717},"Slope":{"confidence_interval":{"confidence_level":0.95,"lower_bound":1823.959146441267,"upper_bound":1827.2003242326005},"point_estimate":1825.6732697513532,"standard_error":0.8267928901261687},"StdDev":{"confidence_interval":{"confidence_level":0.95,"lower_bound":2.8947149554457687,"upper_bound":29.725010948874342},"point_estimate":17.542472327765008,"standard_error":9.11205079364017}}