{"Mean":{"confidence_interval":{"confidence_level":0.95,"lower_bound":1814.8564955735922,"upper_bound":1815.1876784364279},"point_estimate":1814.9987266426645,"standard_error":0.08529090669234178},"Median":{"confidence_interval":{"confidence_level":0.95,"lower_bound":1814.766544117647,"upper_bound":1814.8999387254903},"point_estimate":1814.8280225551757,"standard_error":0.033606227300007986},"MedianAbsDev":{"confidence_interval":{"confidence_level":0.95,"lower_bound":0.1959556126704892,"upper_bound":0.327244071961703},"point_estimate":0.26852785424558673,"standard_error":0.03377639498972538},"Slope":{"confidence_interval":{"confidence_level":0.95,"lower_bound":1814.7975740724569,"upper_bound":1815.4964594667917},"point_estimate":1815.0395090740967,"standard_error":0.19846150920821148},"StdDev":{"confidence_interval":{"confidence_level":0.95,"lower_bound":0.37761955409418,"upper_bound":1.317101451861467},"point_estimate":0.8574265036869544,"standard_error":0.27046944080215507}}