{"Mean":{"confidence_interval":{"confidence_level":0.95,"lower_bound":28278.706473405415,"upper_bound":28290.617838416212},"point_estimate":28283.754609278447,"standard_error":3.0872164890097977},"Median":{"confidence_interval":{"confidence_level":0.95,"lower_bound":28276.075701863352,"upper_bound":28278.257566216358},"point_estimate":28277.021601271066,"standard_error":0.5132841102259122},"MedianAbsDev":{"confidence_interval":{"confidence_level":0.95,"lower_bound":3.9618923331733393,"upper_bound":6.657437543097518},"point_estimate":5.600071445061717,"standard_error":0.7121436469247656},"Slope":{"confidence_interval":{"confidence_level":0.95,"lower_bound":28275.704359632007,"upper_bound":28285.825925654903},"point_estimate":28279.179918005448,"standard_error":2.857750714858203},"StdDev":{"confidence_interval":{"confidence_level":0.95,"lower_bound":9.714487804662292,"upper_bound":48.83913188561907},"point_estimate":31.116208740503644,"standard_error":10.855815495734392}}