{"Mean":{"confidence_interval":{"confidence_level":0.95,"lower_bound":13848.08986802679,"upper_bound":13866.45259566071},"point_estimate":13856.151301329828,"standard_error":4.736574037144196},"Median":{"confidence_interval":{"confidence_level":0.95,"lower_bound":13844.709388185654,"upper_bound":13848.571256038647},"point_estimate":13846.580588660167,"standard_error":1.0034236268040713},"MedianAbsDev":{"confidence_interval":{"confidence_level":0.95,"lower_bound":7.2698110204239255,"upper_bound":12.548437147094251},"point_estimate":10.18206424735023,"standard_error":1.3230336027223135},"Slope":{"confidence_interval":{"confidence_level":0.95,"lower_bound":13845.605645386542,"upper_bound":13850.65406362995},"point_estimate":13847.934693775347,"standard_error":1.292231756053744},"StdDev":{"confidence_interval":{"confidence_level":0.95,"lower_bound":17.429968974512324,"upper_bound":69.99305961295616},"point_estimate":47.54372662812288,"standard_error":13.38333885504403}}