{"Mean":{"confidence_interval":{"confidence_level":0.95,"lower_bound":1807.7873517212697,"upper_bound":1811.5663050348103},"point_estimate":1809.15412711784,"standard_error":1.0903782898714536},"Median":{"confidence_interval":{"confidence_level":0.95,"lower_bound":1807.4043392027866,"upper_bound":1807.7756843678296},"point_estimate":1807.6263742997198,"standard_error":0.10271459948597415},"MedianAbsDev":{"confidence_interval":{"confidence_level":0.95,"lower_bound":0.41267754763511144,"upper_bound":0.769287065511297},"point_estimate":0.5924700505465822,"standard_error":0.09220035254201989},"Slope":{"confidence_interval":{"confidence_level":0.95,"lower_bound":1807.513863399847,"upper_bound":1807.7330361631007},"point_estimate":1807.6195756058814,"standard_error":0.056075161967053776},"StdDev":{"confidence_interval":{"confidence_level":0.95,"lower_bound":1.0891455328041453,"upper_bound":18.55945489798418},"point_estimate":10.9355579359044,"standard_error":5.9092998997622965}}