{"Mean":{"confidence_interval":{"confidence_level":0.95,"lower_bound":3725.639632490524,"upper_bound":3730.157827507812},"point_estimate":3727.6887036526377,"standard_error":1.1544807749048833},"Median":{"confidence_interval":{"confidence_level":0.95,"lower_bound":3723.6544451432565,"upper_bound":3726.5836477987423},"point_estimate":3724.450393081761,"standard_error":0.7416920015816714},"MedianAbsDev":{"confidence_interval":{"confidence_level":0.95,"lower_bound":3.1331707127451476,"upper_bound":6.023785043999905},"point_estimate":4.255489853695299,"standard_error":0.7754181029408977},"Slope":{"confidence_interval":{"confidence_level":0.95,"lower_bound":3724.576261051819,"upper_bound":3726.752225746354},"point_estimate":3725.603408371927,"standard_error":0.5550287309743216},"StdDev":{"confidence_interval":{"confidence_level":0.95,"lower_bound":6.056542577509953,"upper_bound":16.46941195237816},"point_estimate":11.600993674226254,"standard_error":2.713839352230153}}