{"Mean":{"confidence_interval":{"confidence_level":0.95,"lower_bound":3838.7866780138543,"upper_bound":3841.4311651008293},"point_estimate":3840.005243370148,"standard_error":0.6788420303561208},"Median":{"confidence_interval":{"confidence_level":0.95,"lower_bound":3837.9311797152263,"upper_bound":3839.136229064456},"point_estimate":3838.3891050583657,"standard_error":0.298591428573316},"MedianAbsDev":{"confidence_interval":{"confidence_level":0.95,"lower_bound":1.7797157389400056,"upper_bound":3.2370968250908247},"point_estimate":2.560042983163036,"standard_error":0.38075469082818925},"Slope":{"confidence_interval":{"confidence_level":0.95,"lower_bound":3838.121478473735,"upper_bound":3839.3167834620294},"point_estimate":3838.6678799553106,"standard_error":0.30521217456321753},"StdDev":{"confidence_interval":{"confidence_level":0.95,"lower_bound":3.901185168675816,"upper_bound":9.285686073425499},"point_estimate":6.808060268112587,"standard_error":1.378929767538359}}