{"Mean":{"confidence_interval":{"confidence_level":0.95,"lower_bound":263580.75320654386,"upper_bound":263874.8518023315},"point_estimate":263713.12837784755,"standard_error":75.34063721779262},"Median":{"confidence_interval":{"confidence_level":0.95,"lower_bound":263459.1147058823,"upper_bound":263555.09021813807},"point_estimate":263500.32931711146,"standard_error":25.358864566521333},"MedianAbsDev":{"confidence_interval":{"confidence_level":0.95,"lower_bound":159.60143810308656,"upper_bound":316.58233408545453},"point_estimate":241.17173286323901,"standard_error":40.762322421646516},"Slope":{"confidence_interval":{"confidence_level":0.95,"lower_bound":263506.77550835814,"upper_bound":263632.77198261156},"point_estimate":263565.98777597165,"standard_error":32.20662781170711},"StdDev":{"confidence_interval":{"confidence_level":0.95,"lower_bound":393.66560451644307,"upper_bound":1076.0403538152484},"point_estimate":756.2085591485625,"standard_error":177.22078414636536}}