{"Mean":{"confidence_interval":{"confidence_level":0.95,"lower_bound":97288.16672562947,"upper_bound":97585.84259100784},"point_estimate":97427.93226939574,"standard_error":75.6569637737304},"Median":{"confidence_interval":{"confidence_level":0.95,"lower_bound":97113.39643101093,"upper_bound":97325.45123966942},"point_estimate":97225.84217793701,"standard_error":64.35875061767476},"MedianAbsDev":{"confidence_interval":{"confidence_level":0.95,"lower_bound":363.8166654558774,"upper_bound":624.4746800555529},"point_estimate":486.6503952257147,"standard_error":68.56593789670946},"Slope":{"confidence_interval":{"confidence_level":0.95,"lower_bound":97210.46924375047,"upper_bound":97440.0098853653},"point_estimate":97319.57017531604,"standard_error":58.54116841945985},"StdDev":{"confidence_interval":{"confidence_level":0.95,"lower_bound":522.4347553966834,"upper_bound":999.1053470039134},"point_estimate":762.3337310873222,"standard_error":124.00189603962951}}