{"Mean":{"confidence_interval":{"confidence_level":0.95,"lower_bound":39398.7476728538,"upper_bound":39467.13608623067},"point_estimate":39429.93063111955,"standard_error":17.491218048637855},"Median":{"confidence_interval":{"confidence_level":0.95,"lower_bound":39368.61158594492,"upper_bound":39394.74753388601},"point_estimate":39383.772691102,"standard_error":7.2553991469943115},"MedianAbsDev":{"confidence_interval":{"confidence_level":0.95,"lower_bound":47.30609282596455,"upper_bound":81.89968207231189},"point_estimate":65.06159737267068,"standard_error":8.503363171299071},"Slope":{"confidence_interval":{"confidence_level":0.95,"lower_bound":39356.237195361806,"upper_bound":39382.71016706636},"point_estimate":39368.58487535665,"standard_error":6.767546787920902},"StdDev":{"confidence_interval":{"confidence_level":0.95,"lower_bound":89.89464710820212,"upper_bound":243.51300047224535},"point_estimate":175.87624641007113,"standard_error":38.53116100470791}}