{"Mean":{"confidence_interval":{"confidence_level":0.95,"lower_bound":1414288.964681875,"upper_bound":1414952.0271600124},"point_estimate":1414603.7900180495,"standard_error":168.7740467740355},"Median":{"confidence_interval":{"confidence_level":0.95,"lower_bound":1414278.050813008,"upper_bound":1414692.854628603},"point_estimate":1414509.360407066,"standard_error":95.70962186605996},"MedianAbsDev":{"confidence_interval":{"confidence_level":0.95,"lower_bound":856.0833525019505,"upper_bound":1462.9302709509973},"point_estimate":1140.8603709555468,"standard_error":153.21073983999392},"Slope":{"confidence_interval":{"confidence_level":0.95,"lower_bound":1414138.0770366797,"upper_bound":1414490.6846049617},"point_estimate":1414315.6814245603,"standard_error":89.81029218441405},"StdDev":{"confidence_interval":{"confidence_level":0.95,"lower_bound":1144.4511549579595,"upper_bound":2257.877402544529},"point_estimate":1694.257355422621,"standard_error":292.22238524874626}}