{"Mean":{"confidence_interval":{"confidence_level":0.95,"lower_bound":1414024.7785011386,"upper_bound":1414771.617339513},"point_estimate":1414356.66644051,"standard_error":191.2420263607994},"Median":{"confidence_interval":{"confidence_level":0.95,"lower_bound":1413849.72,"upper_bound":1414270.5487536658},"point_estimate":1414063.993815708,"standard_error":119.17824255229111},"MedianAbsDev":{"confidence_interval":{"confidence_level":0.95,"lower_bound":635.1281386105758,"upper_bound":1072.7779563894312},"point_estimate":864.6959673866645,"standard_error":116.9126769719345},"Slope":{"confidence_interval":{"confidence_level":0.95,"lower_bound":1413859.0712426496,"upper_bound":1414268.2021259565},"point_estimate":1414057.8116565687,"standard_error":104.78879950789434},"StdDev":{"confidence_interval":{"confidence_level":0.95,"lower_bound":1007.5140885186185,"upper_bound":2842.0288655106424},"point_estimate":1913.2261022123876,"standard_error":522.1761093455644}}