{"Mean":{"confidence_interval":{"confidence_level":0.95,"lower_bound":1617.673341527678,"upper_bound":1635.8841529433528},"point_estimate":1623.8154608676361,"standard_error":5.9056928458833635},"Median":{"confidence_interval":{"confidence_level":0.95,"lower_bound":1617.5058982942771,"upper_bound":1617.6134478805816},"point_estimate":1617.555066670162,"standard_error":0.029614369059002773},"MedianAbsDev":{"confidence_interval":{"confidence_level":0.95,"lower_bound":0.1657561373632112,"upper_bound":0.30167223729120923},"point_estimate":0.22913414111887706,"standard_error":0.034509034307008864},"Slope":{"confidence_interval":{"confidence_level":0.95,"lower_bound":1617.4799344507792,"upper_bound":1617.6285532691277},"point_estimate":1617.5461689610577,"standard_error":0.0379774387913715},"StdDev":{"confidence_interval":{"confidence_level":0.95,"lower_bound":0.7040876689570695,"upper_bound":101.87258485354216},"point_estimate":59.41816043876267,"standard_error":36.70690592835251}}