{"Mean":{"confidence_interval":{"confidence_level":0.95,"lower_bound":72008.78229653118,"upper_bound":72052.09475904076},"point_estimate":72028.26318670588,"standard_error":11.136527920899228},"Median":{"confidence_interval":{"confidence_level":0.95,"lower_bound":71996.5750915751,"upper_bound":72005.19047619047},"point_estimate":71999.38891678622,"standard_error":2.2927568076077107},"MedianAbsDev":{"confidence_interval":{"confidence_level":0.95,"lower_bound":14.513807536553484,"upper_bound":28.159078737362282},"point_estimate":20.29284714239427,"standard_error":3.497633050947078},"Slope":{"confidence_interval":{"confidence_level":0.95,"lower_bound":71996.76189684831,"upper_bound":72010.1501148607},"point_estimate":72002.85621039076,"standard_error":3.41991358771694},"StdDev":{"confidence_interval":{"confidence_level":0.95,"lower_bound":50.14028418034395,"upper_bound":157.51816426418142},"point_estimate":111.91138060878963,"standard_error":26.61249648566802}}