{"Mean":{"confidence_interval":{"confidence_level":0.95,"lower_bound":72010.4171972528,"upper_bound":72048.48584440618},"point_estimate":72027.06778468234,"standard_error":9.785943045538998},"Median":{"confidence_interval":{"confidence_level":0.95,"lower_bound":72000.18027210885,"upper_bound":72009.61083743842},"point_estimate":72003.91072417339,"standard_error":2.553552469340085},"MedianAbsDev":{"confidence_interval":{"confidence_level":0.95,"lower_bound":14.17181078812724,"upper_bound":28.513574493785942},"point_estimate":22.124088537947706,"standard_error":3.777441051079974},"Slope":{"confidence_interval":{"confidence_level":0.95,"lower_bound":71999.67567696035,"upper_bound":72012.08718730765},"point_estimate":72005.34885452512,"standard_error":3.1605317060428084},"StdDev":{"confidence_interval":{"confidence_level":0.95,"lower_bound":41.56906789600938,"upper_bound":147.45002772457937},"point_estimate":98.0620933451221,"standard_error":28.3481535022379}}