{"Mean":{"confidence_interval":{"confidence_level":0.95,"lower_bound":1555266.5291738452,"upper_bound":1559376.57484088},"point_estimate":1557008.2860577595,"standard_error":1063.6611315994637},"Median":{"confidence_interval":{"confidence_level":0.95,"lower_bound":1554028.1676602087,"upper_bound":1555369.01010101},"point_estimate":1554503.55,"standard_error":336.0445894890839},"MedianAbsDev":{"confidence_interval":{"confidence_level":0.95,"lower_bound":1522.4401872178655,"upper_bound":2741.6866370564676},"point_estimate":1979.3357362550958,"standard_error":307.0215699007126},"Slope":{"confidence_interval":{"confidence_level":0.95,"lower_bound":1554255.4842569353,"upper_bound":1555101.2689429168},"point_estimate":1554659.3338938968,"standard_error":216.1130130785279},"StdDev":{"confidence_interval":{"confidence_level":0.95,"lower_bound":3319.237927694094,"upper_bound":16763.389092002373},"point_estimate":10713.335028363266,"standard_error":3640.606758245653}}