{"Mean":{"confidence_interval":{"confidence_level":0.95,"lower_bound":17391.93501121941,"upper_bound":17405.209147126858},"point_estimate":17397.796090878073,"standard_error":3.4069070366142933},"Median":{"confidence_interval":{"confidence_level":0.95,"lower_bound":17393.848727880308,"upper_bound":17400.26029359112},"point_estimate":17395.821868267158,"standard_error":1.4636207769720477},"MedianAbsDev":{"confidence_interval":{"confidence_level":0.95,"lower_bound":10.52761958981071,"upper_bound":20.841503511521072},"point_estimate":13.511104594745545,"standard_error":2.844502782823224},"Slope":{"confidence_interval":{"confidence_level":0.95,"lower_bound":17385.77720274598,"upper_bound":17394.17980967816},"point_estimate":17390.058676912467,"standard_error":2.146613758071761},"StdDev":{"confidence_interval":{"confidence_level":0.95,"lower_bound":18.294892146001484,"upper_bound":51.434111908017684},"point_estimate":34.27283052230314,"standard_error":9.965865597979999}}