{"Mean":{"confidence_interval":{"confidence_level":0.95,"lower_bound":71870.28995707454,"upper_bound":71908.0844584069},"point_estimate":71886.73658652186,"standard_error":9.723884280935511},"Median":{"confidence_interval":{"confidence_level":0.95,"lower_bound":71859.925,"upper_bound":71873.5248917749},"point_estimate":71865.55943877551,"standard_error":3.2743667392880282},"MedianAbsDev":{"confidence_interval":{"confidence_level":0.95,"lower_bound":18.53737644555764,"upper_bound":30.787936733771332},"point_estimate":23.166648045412057,"standard_error":3.086387313587891},"Slope":{"confidence_interval":{"confidence_level":0.95,"lower_bound":71860.38944332549,"upper_bound":71871.82806955364},"point_estimate":71865.76463699888,"standard_error":2.9244959591157293},"StdDev":{"confidence_interval":{"confidence_level":0.95,"lower_bound":37.55569449417302,"upper_bound":146.56137572911337},"point_estimate":97.88607361740871,"standard_error":28.40438207136404}}