{"Mean":{"confidence_interval":{"confidence_level":0.95,"lower_bound":71213.12601480383,"upper_bound":71268.70976506878},"point_estimate":71234.40802601466,"standard_error":14.859993459391923},"Median":{"confidence_interval":{"confidence_level":0.95,"lower_bound":71204.65644409938,"upper_bound":71215.01870748299},"point_estimate":71208.66370639164,"standard_error":2.6665404249156444},"MedianAbsDev":{"confidence_interval":{"confidence_level":0.95,"lower_bound":15.18876903405379,"upper_bound":27.0885576440832},"point_estimate":20.242695095838435,"standard_error":3.0419878194912773},"Slope":{"confidence_interval":{"confidence_level":0.95,"lower_bound":71207.81912690363,"upper_bound":71219.59922346346},"point_estimate":71213.41815132259,"standard_error":2.9999242793338565},"StdDev":{"confidence_interval":{"confidence_level":0.95,"lower_bound":37.8209214092512,"upper_bound":247.36518615413152},"point_estimate":149.27406729555577,"standard_error":69.40874750690593}}