{"Mean":{"confidence_interval":{"confidence_level":0.95,"lower_bound":527973.7470321648,"upper_bound":528024.0294290745},"point_estimate":527998.5993114597,"standard_error":12.827449921902257},"Median":{"confidence_interval":{"confidence_level":0.95,"lower_bound":527965.5089869282,"upper_bound":528003.0517075052},"point_estimate":527980.9620599251,"standard_error":10.714644589618866},"MedianAbsDev":{"confidence_interval":{"confidence_level":0.95,"lower_bound":57.48926750872113,"upper_bound":102.19717255034043},"point_estimate":73.20292820762633,"standard_error":11.318760655661315},"Slope":{"confidence_interval":{"confidence_level":0.95,"lower_bound":527964.5985987404,"upper_bound":527993.3886110443},"point_estimate":527978.9623747598,"standard_error":7.339708766747971},"StdDev":{"confidence_interval":{"confidence_level":0.95,"lower_bound":95.98303276018201,"upper_bound":159.1743798041293},"point_estimate":129.002467976867,"standard_error":16.12464755702238}}