{"Mean":{"confidence_interval":{"confidence_level":0.95,"lower_bound":528330.8186911809,"upper_bound":528480.8171858275},"point_estimate":528404.2038658037,"standard_error":37.768117736438604},"Median":{"confidence_interval":{"confidence_level":0.95,"lower_bound":528361.5644963145,"upper_bound":528432.4418604651},"point_estimate":528394.4668560605,"standard_error":18.06739930140579},"MedianAbsDev":{"confidence_interval":{"confidence_level":0.95,"lower_bound":123.12352400136612,"upper_bound":202.96015083656897},"point_estimate":170.37312320311622,"standard_error":20.809603623104522},"Slope":{"confidence_interval":{"confidence_level":0.95,"lower_bound":528303.2171283743,"upper_bound":528405.3157530196},"point_estimate":528360.9786182947,"standard_error":26.16708337301811},"StdDev":{"confidence_interval":{"confidence_level":0.95,"lower_bound":172.69697680533397,"upper_bound":561.1410561227832},"point_estimate":379.97474163833925,"standard_error":103.52891460791966}}