{"Mean":{"confidence_interval":{"confidence_level":0.95,"lower_bound":26475.160922587012,"upper_bound":26498.809046575156},"point_estimate":26485.610821412483,"standard_error":6.085841495792501},"Median":{"confidence_interval":{"confidence_level":0.95,"lower_bound":26469.11303827751,"upper_bound":26472.71524966262},"point_estimate":26470.74769330734,"standard_error":1.0663727583385656},"MedianAbsDev":{"confidence_interval":{"confidence_level":0.95,"lower_bound":5.565013936288896,"upper_bound":10.761548595612584},"point_estimate":7.5241169764598865,"standard_error":1.3602775472557658},"Slope":{"confidence_interval":{"confidence_level":0.95,"lower_bound":26467.76369976892,"upper_bound":26476.5329486957},"point_estimate":26471.241737378765,"standard_error":2.288507429001618},"StdDev":{"confidence_interval":{"confidence_level":0.95,"lower_bound":24.835895089324158,"upper_bound":88.77315311799458},"point_estimate":60.973316520557745,"standard_error":16.24714060029373}}