{"Mean":{"confidence_interval":{"confidence_level":0.95,"lower_bound":26482.0668894827,"upper_bound":26494.238907267034},"point_estimate":26487.492832308068,"standard_error":3.1159607421976054},"Median":{"confidence_interval":{"confidence_level":0.95,"lower_bound":26474.1960950764,"upper_bound":26480.09956140351},"point_estimate":26476.222205666607,"standard_error":1.5011995682169113},"MedianAbsDev":{"confidence_interval":{"confidence_level":0.95,"lower_bound":9.842349227893743,"upper_bound":20.92513820592636},"point_estimate":14.444202759166973,"standard_error":3.0553564944640366},"Slope":{"confidence_interval":{"confidence_level":0.95,"lower_bound":26485.418655944803,"upper_bound":26496.326841202073},"point_estimate":26491.051700123666,"standard_error":2.7828058273155123},"StdDev":{"confidence_interval":{"confidence_level":0.95,"lower_bound":18.65165604460683,"upper_bound":45.61790172829719},"point_estimate":31.269372929869267,"standard_error":8.38160964503103}}