{"Mean":{"confidence_interval":{"confidence_level":0.95,"lower_bound":294017.1858737676,"upper_bound":294320.31648686517},"point_estimate":294144.2161811651,"standard_error":79.05912244082019},"Median":{"confidence_interval":{"confidence_level":0.95,"lower_bound":293945.2172131148,"upper_bound":294040.580519884},"point_estimate":293984.52328431373,"standard_error":24.000125400821123},"MedianAbsDev":{"confidence_interval":{"confidence_level":0.95,"lower_bound":132.68326819233027,"upper_bound":216.21452174019254},"point_estimate":172.53757193684578,"standard_error":20.621178675250448},"Slope":{"confidence_interval":{"confidence_level":0.95,"lower_bound":293912.7136769063,"upper_bound":293973.132272883},"point_estimate":293942.11445913994,"standard_error":15.41149721307259},"StdDev":{"confidence_interval":{"confidence_level":0.95,"lower_bound":209.15836800816857,"upper_bound":1254.3574060560175},"point_estimate":793.334207286449,"standard_error":280.3464045705788}}