{"Mean":{"confidence_interval":{"confidence_level":0.95,"lower_bound":15691.814141493718,"upper_bound":15697.442537210929},"point_estimate":15694.367846974603,"standard_error":1.4478021377709611},"Median":{"confidence_interval":{"confidence_level":0.95,"lower_bound":15689.483749055178,"upper_bound":15692.257142857143},"point_estimate":15690.554285714286,"standard_error":0.7261508007885349},"MedianAbsDev":{"confidence_interval":{"confidence_level":0.95,"lower_bound":3.9850816425417164,"upper_bound":7.073001786406634},"point_estimate":5.553793303917205,"standard_error":0.7759985974115335},"Slope":{"confidence_interval":{"confidence_level":0.95,"lower_bound":15690.40398010698,"upper_bound":15692.974729701667},"point_estimate":15691.626375196154,"standard_error":0.6571029831560119},"StdDev":{"confidence_interval":{"confidence_level":0.95,"lower_bound":8.035460142287487,"upper_bound":20.683257944156985},"point_estimate":14.530143162307684,"standard_error":3.338886804079933}}