{"Mean":{"confidence_interval":{"confidence_level":0.95,"lower_bound":836436.7040286224,"upper_bound":839557.2267435138},"point_estimate":837502.4866986142,"standard_error":990.1549203731447},"Median":{"confidence_interval":{"confidence_level":0.95,"lower_bound":836333.4722222222,"upper_bound":836444.2599721707},"point_estimate":836387.501201923,"standard_error":31.435055658675328},"MedianAbsDev":{"confidence_interval":{"confidence_level":0.95,"lower_bound":142.71588632515417,"upper_bound":263.04261727420396},"point_estimate":183.25638816353975,"standard_error":29.040225460070527},"Slope":{"confidence_interval":{"confidence_level":0.95,"lower_bound":836366.022538462,"upper_bound":842240.0038189772},"point_estimate":838182.8720023644,"standard_error":1744.301032145063},"StdDev":{"confidence_interval":{"confidence_level":0.95,"lower_bound":302.53911378870123,"upper_bound":17091.80836187299},"point_estimate":9973.434457231386,"standard_error":6037.706133587171}}