{"Mean":{"confidence_interval":{"confidence_level":0.95,"lower_bound":6474331.530962145,"upper_bound":6514537.018787107},"point_estimate":6494300.881424951,"standard_error":10198.110286975532},"Median":{"confidence_interval":{"confidence_level":0.95,"lower_bound":6468558.082474227,"upper_bound":6521924.380952381},"point_estimate":6486543.75749354,"standard_error":14376.149980877246},"MedianAbsDev":{"confidence_interval":{"confidence_level":0.95,"lower_bound":70909.92184623281,"upper_bound":110652.28512581742},"point_estimate":89587.54202280325,"standard_error":10388.060381974685},"Slope":{"confidence_interval":{"confidence_level":0.95,"lower_bound":6500760.95681964,"upper_bound":6535896.274065961},"point_estimate":6518440.774499779,"standard_error":8960.655271842003},"StdDev":{"confidence_interval":{"confidence_level":0.95,"lower_bound":84059.75985761713,"upper_bound":120476.43416691484},"point_estimate":102580.92062444602,"standard_error":9351.728249208256}}