{"Mean":{"confidence_interval":{"confidence_level":0.95,"lower_bound":57614.76327539963,"upper_bound":57633.61869093348},"point_estimate":57622.94289221321,"standard_error":4.868426821839928},"Median":{"confidence_interval":{"confidence_level":0.95,"lower_bound":57607.88428861789,"upper_bound":57615.95998677249},"point_estimate":57611.82547313797,"standard_error":2.502356631534157},"MedianAbsDev":{"confidence_interval":{"confidence_level":0.95,"lower_bound":10.16896434938237,"upper_bound":16.872840159716485},"point_estimate":13.108543833881313,"standard_error":1.6732545938806582},"Slope":{"confidence_interval":{"confidence_level":0.95,"lower_bound":57608.71280099873,"upper_bound":57635.17116516139},"point_estimate":57617.856471930776,"standard_error":7.375163742014648},"StdDev":{"confidence_interval":{"confidence_level":0.95,"lower_bound":20.87773016029381,"upper_bound":74.43020754107123},"point_estimate":49.00539308749295,"standard_error":14.834968401331249}}