{"Mean":{"confidence_interval":{"confidence_level":0.95,"lower_bound":4822.450921528101,"upper_bound":4825.883535149196},"point_estimate":4823.83987378738,"standard_error":0.9011852065201555},"Median":{"confidence_interval":{"confidence_level":0.95,"lower_bound":4821.878368652539,"upper_bound":4822.310251237851},"point_estimate":4822.056018220343,"standard_error":0.11219799491465847},"MedianAbsDev":{"confidence_interval":{"confidence_level":0.95,"lower_bound":0.6049409681223558,"upper_bound":1.2085514419585655},"point_estimate":0.8810086666104573,"standard_error":0.15330752763199695},"Slope":{"confidence_interval":{"confidence_level":0.95,"lower_bound":4821.978731761214,"upper_bound":4823.156523383786},"point_estimate":4822.460769660512,"standard_error":0.30902734931462367},"StdDev":{"confidence_interval":{"confidence_level":0.95,"lower_bound":2.0810234829031233,"upper_bound":14.679741258720195},"point_estimate":9.057953356853327,"standard_error":3.658804171664005}}