{"Mean":{"confidence_interval":{"confidence_level":0.95,"lower_bound":4755.1999897045025,"upper_bound":4757.842764750796},"point_estimate":4756.376982474964,"standard_error":0.6783282346964461},"Median":{"confidence_interval":{"confidence_level":0.95,"lower_bound":4754.375633321551,"upper_bound":4755.261798297153},"point_estimate":4754.739654533696,"standard_error":0.24780227541764535},"MedianAbsDev":{"confidence_interval":{"confidence_level":0.95,"lower_bound":1.2474612998747439,"upper_bound":2.1469971827803613},"point_estimate":1.6063382283690755,"standard_error":0.2239906796140274},"Slope":{"confidence_interval":{"confidence_level":0.95,"lower_bound":4754.660866536508,"upper_bound":4755.280748364702},"point_estimate":4754.963422919839,"standard_error":0.1577859646734425},"StdDev":{"confidence_interval":{"confidence_level":0.95,"lower_bound":3.3686521823731934,"upper_bound":9.847584458885201},"point_estimate":6.809700767795012,"standard_error":1.6906643298037314}}