{"Mean":{"confidence_interval":{"confidence_level":0.95,"lower_bound":15794.449245369524,"upper_bound":15806.596424071151},"point_estimate":15799.830082032744,"standard_error":3.115396188131458},"Median":{"confidence_interval":{"confidence_level":0.95,"lower_bound":15791.848765432098,"upper_bound":15795.278467908902},"point_estimate":15793.071314102563,"standard_error":0.8427551255001714},"MedianAbsDev":{"confidence_interval":{"confidence_level":0.95,"lower_bound":4.7012719228100215,"upper_bound":8.016031988295103},"point_estimate":6.159247875147547,"standard_error":0.8377486006840436},"Slope":{"confidence_interval":{"confidence_level":0.95,"lower_bound":15792.603996727028,"upper_bound":15795.347552054045},"point_estimate":15793.928750214041,"standard_error":0.7004466202346962},"StdDev":{"confidence_interval":{"confidence_level":0.95,"lower_bound":13.153172950529749,"upper_bound":44.01586815922035},"point_estimate":31.220949463284683,"standard_error":7.747868463121761}}