{"Mean":{"confidence_interval":{"confidence_level":0.95,"lower_bound":143693.77076277445,"upper_bound":143786.4238718468},"point_estimate":143735.08975835182,"standard_error":23.824117135840083},"Median":{"confidence_interval":{"confidence_level":0.95,"lower_bound":143673.23860182372,"upper_bound":143700.10261569417},"point_estimate":143683.73313492065,"standard_error":6.238779248030407},"MedianAbsDev":{"confidence_interval":{"confidence_level":0.95,"lower_bound":37.02947643370374,"upper_bound":60.558031424890096},"point_estimate":46.84221443558616,"standard_error":5.978278518019912},"Slope":{"confidence_interval":{"confidence_level":0.95,"lower_bound":143679.70204891718,"upper_bound":143708.15097665988},"point_estimate":143692.74332538157,"standard_error":7.236270271543166},"StdDev":{"confidence_interval":{"confidence_level":0.95,"lower_bound":102.38295877616218,"upper_bound":345.1489984658354},"point_estimate":240.76570279508988,"standard_error":61.00255573319317}}