{"Mean":{"confidence_interval":{"confidence_level":0.95,"lower_bound":1627146.9054366716,"upper_bound":1629742.2473030388},"point_estimate":1628256.6613462032,"standard_error":667.343670299467},"Median":{"confidence_interval":{"confidence_level":0.95,"lower_bound":1625657.649122807,"upper_bound":1628703.2124973135},"point_estimate":1625815.8527777777,"standard_error":684.420806830083},"MedianAbsDev":{"confidence_interval":{"confidence_level":0.95,"lower_bound":440.24392474339993,"upper_bound":4626.260260608231},"point_estimate":3373.602701773158,"standard_error":1587.473254793091},"Slope":{"confidence_interval":{"confidence_level":0.95,"lower_bound":1627832.4330360095,"upper_bound":1629145.1495544182},"point_estimate":1628460.343715088,"standard_error":334.7913535900077},"StdDev":{"confidence_interval":{"confidence_level":0.95,"lower_bound":3134.1935361340593,"upper_bound":10325.858406341447},"point_estimate":6705.278298454668,"standard_error":2178.9590782821424}}