{"Mean":{"confidence_interval":{"confidence_level":0.95,"lower_bound":1625334.733129764,"upper_bound":1625592.7109776498},"point_estimate":1625451.9599656845,"standard_error":65.6307247342158},"Median":{"confidence_interval":{"confidence_level":0.95,"lower_bound":1625332.8391171994,"upper_bound":1625417.4738831616},"point_estimate":1625385.0934343436,"standard_error":25.0439154996853},"MedianAbsDev":{"confidence_interval":{"confidence_level":0.95,"lower_bound":105.21815304593592,"upper_bound":185.16471563150412},"point_estimate":144.0760268129455,"standard_error":20.76224591304145},"Slope":{"confidence_interval":{"confidence_level":0.95,"lower_bound":1625374.881022205,"upper_bound":1625713.914739904},"point_estimate":1625492.9719225655,"standard_error":95.74259052708125},"StdDev":{"confidence_interval":{"confidence_level":0.95,"lower_bound":197.26231128030204,"upper_bound":989.2480154007952},"point_estimate":659.6110293087621,"standard_error":195.9861725234732}}