{"Mean":{"confidence_interval":{"confidence_level":0.95,"lower_bound":147243.26954238155,"upper_bound":148226.43596662962},"point_estimate":147696.18433104575,"standard_error":250.82117582836653},"Median":{"confidence_interval":{"confidence_level":0.95,"lower_bound":146566.78220140515,"upper_bound":147201.4924012158},"point_estimate":146806.98140806562,"standard_error":140.292053021416},"MedianAbsDev":{"confidence_interval":{"confidence_level":0.95,"lower_bound":685.4549170784152,"upper_bound":1451.8631751189216},"point_estimate":1005.1970628161981,"standard_error":177.85236777044233},"Slope":{"confidence_interval":{"confidence_level":0.95,"lower_bound":146667.27543099047,"upper_bound":147266.29996041022},"point_estimate":146942.37824695476,"standard_error":152.99205188697334},"StdDev":{"confidence_interval":{"confidence_level":0.95,"lower_bound":1601.5293287214597,"upper_bound":3418.5641047045074},"point_estimate":2522.0530480979414,"standard_error":473.33592300979103}}