{"Mean":{"confidence_interval":{"confidence_level":0.95,"lower_bound":11059685.428830419,"upper_bound":11115356.035962204},"point_estimate":11084242.823530013,"standard_error":14308.513706385593},"Median":{"confidence_interval":{"confidence_level":0.95,"lower_bound":11023028.949494949,"upper_bound":11067528.97676282},"point_estimate":11051681.587083332,"standard_error":10195.8688837083},"MedianAbsDev":{"confidence_interval":{"confidence_level":0.95,"lower_bound":46419.183798809645,"upper_bound":85429.68783676789},"point_estimate":71631.84985592375,"standard_error":10039.068992544073},"Slope":{"confidence_interval":{"confidence_level":0.95,"lower_bound":11036831.720410023,"upper_bound":11061607.274207061},"point_estimate":11048980.596858284,"standard_error":6339.416399033433},"StdDev":{"confidence_interval":{"confidence_level":0.95,"lower_bound":74188.26541622843,"upper_bound":214199.60113323538},"point_estimate":143737.12710447202,"standard_error":40547.80635320976}}