{"Mean":{"confidence_interval":{"confidence_level":0.95,"lower_bound":10179375.983990364,"upper_bound":10247154.22169583},"point_estimate":10207891.792022498,"standard_error":17496.845761498807},"Median":{"confidence_interval":{"confidence_level":0.95,"lower_bound":10166183.543421052,"upper_bound":10186392.41935484},"point_estimate":10176438.03244916,"standard_error":6240.405688193372},"MedianAbsDev":{"confidence_interval":{"confidence_level":0.95,"lower_bound":37563.13289222485,"upper_bound":60107.63901237449},"point_estimate":49025.57072556315,"standard_error":5633.81887418396},"Slope":{"confidence_interval":{"confidence_level":0.95,"lower_bound":10168769.916365119,"upper_bound":10185573.069571095},"point_estimate":10177266.921953598,"standard_error":4285.2968215782},"StdDev":{"confidence_interval":{"confidence_level":0.95,"lower_bound":62918.000981563884,"upper_bound":275391.2590913472},"point_estimate":175531.05765069096,"standard_error":61049.91511998933}}