{"Mean":{"confidence_interval":{"confidence_level":0.95,"lower_bound":5951.250620024936,"upper_bound":5955.227257566968},"point_estimate":5953.04562215494,"standard_error":1.0180122652127568},"Median":{"confidence_interval":{"confidence_level":0.95,"lower_bound":5950.809988776656,"upper_bound":5953.131100478469},"point_estimate":5951.926585551928,"standard_error":0.5519348018543797},"MedianAbsDev":{"confidence_interval":{"confidence_level":0.95,"lower_bound":3.9286203666168853,"upper_bound":6.95275606544236},"point_estimate":5.06954893097656,"standard_error":0.7869595751067804},"Slope":{"confidence_interval":{"confidence_level":0.95,"lower_bound":5950.419791458735,"upper_bound":5952.512984591146},"point_estimate":5951.435921866813,"standard_error":0.5335613675853825},"StdDev":{"confidence_interval":{"confidence_level":0.95,"lower_bound":5.8407875561988485,"upper_bound":14.953965052130656},"point_estimate":10.203686399257435,"standard_error":2.6629520859451286}}