{"Mean":{"confidence_interval":{"confidence_level":0.95,"lower_bound":4862738.178385974,"upper_bound":4882525.853975783},"point_estimate":4870207.646268415,"standard_error":5385.651889481579},"Median":{"confidence_interval":{"confidence_level":0.95,"lower_bound":4859242.518518519,"upper_bound":4861402.510714286},"point_estimate":4860459.953181818,"standard_error":575.7056602652997},"MedianAbsDev":{"confidence_interval":{"confidence_level":0.95,"lower_bound":3001.950699965261,"upper_bound":6066.510769790349},"point_estimate":4203.711158477527,"standard_error":749.2346173867056},"Slope":{"confidence_interval":{"confidence_level":0.95,"lower_bound":4861712.495789753,"upper_bound":4868084.226924436},"point_estimate":4864701.310707847,"standard_error":1631.1473600770962},"StdDev":{"confidence_interval":{"confidence_level":0.95,"lower_bound":11792.29335229434,"upper_bound":90089.02411590052},"point_estimate":53985.30040197998,"standard_error":26172.986390284117}}