{"Mean":{"confidence_interval":{"confidence_level":0.95,"lower_bound":4592964.601162279,"upper_bound":4596003.718024864},"point_estimate":4594213.413946871,"standard_error":793.2278274554683},"Median":{"confidence_interval":{"confidence_level":0.95,"lower_bound":4592380.972972973,"upper_bound":4593574.534290271},"point_estimate":4592920.184198944,"standard_error":316.95136317126344},"MedianAbsDev":{"confidence_interval":{"confidence_level":0.95,"lower_bound":1915.659205497966,"upper_bound":3132.0645152279194},"point_estimate":2383.2659683587713,"standard_error":326.607166827241},"Slope":{"confidence_interval":{"confidence_level":0.95,"lower_bound":4591836.0683992775,"upper_bound":4593045.688031904},"point_estimate":4592442.610152209,"standard_error":307.81661083505963},"StdDev":{"confidence_interval":{"confidence_level":0.95,"lower_bound":2748.7204976699154,"upper_bound":12774.00226076761},"point_estimate":7952.868984559326,"standard_error":3092.088292713664}}