{"Mean":{"confidence_interval":{"confidence_level":0.95,"lower_bound":5059827.797537245,"upper_bound":5098985.9644918535},"point_estimate":5075959.833240732,"standard_error":10172.536663489618},"Median":{"confidence_interval":{"confidence_level":0.95,"lower_bound":5048202.571428572,"upper_bound":5058081.668300654},"point_estimate":5054283.921044709,"standard_error":2900.4076155994685},"MedianAbsDev":{"confidence_interval":{"confidence_level":0.95,"lower_bound":14543.81232999307,"upper_bound":25808.58929407794},"point_estimate":21872.642309935378,"standard_error":2834.143745896789},"Slope":{"confidence_interval":{"confidence_level":0.95,"lower_bound":5052220.306321738,"upper_bound":5059534.916669221},"point_estimate":5055718.92082459,"standard_error":1869.1048047731128},"StdDev":{"confidence_interval":{"confidence_level":0.95,"lower_bound":29517.782701958065,"upper_bound":163018.40923414446},"point_estimate":102263.70459241017,"standard_error":37895.95585395323}}