{"Mean":{"confidence_interval":{"confidence_level":0.95,"lower_bound":85452.41408509883,"upper_bound":85729.4240865065},"point_estimate":85585.22662358012,"standard_error":70.70746353475685},"Median":{"confidence_interval":{"confidence_level":0.95,"lower_bound":85286.26023391813,"upper_bound":85524.48835125448},"point_estimate":85385.11506458023,"standard_error":50.71530074268124},"MedianAbsDev":{"confidence_interval":{"confidence_level":0.95,"lower_bound":352.10148204538933,"upper_bound":584.4189864919935},"point_estimate":522.3617686170489,"standard_error":60.34144885427097},"Slope":{"confidence_interval":{"confidence_level":0.95,"lower_bound":85201.24290362002,"upper_bound":85349.85380017656},"point_estimate":85272.02289690163,"standard_error":37.851405886207},"StdDev":{"confidence_interval":{"confidence_level":0.95,"lower_bound":542.633806661394,"upper_bound":858.4032572157274},"point_estimate":708.9540885095303,"standard_error":80.56771404852056}}