{"Mean":{"confidence_interval":{"confidence_level":0.95,"lower_bound":2794.1952930012762,"upper_bound":2795.158572298416},"point_estimate":2794.5781099157452,"standard_error":0.25322006841287537},"Median":{"confidence_interval":{"confidence_level":0.95,"lower_bound":2794.244551078222,"upper_bound":2794.4056681173106},"point_estimate":2794.3051258231853,"standard_error":0.04553134104522539},"MedianAbsDev":{"confidence_interval":{"confidence_level":0.95,"lower_bound":0.35639184887625797,"upper_bound":0.628414633193129},"point_estimate":0.47767940328439396,"standard_error":0.07172680744511144},"Slope":{"confidence_interval":{"confidence_level":0.95,"lower_bound":2794.152435948237,"upper_bound":2794.7669575185537},"point_estimate":2794.3801890611453,"standard_error":0.16408322293000918},"StdDev":{"confidence_interval":{"confidence_level":0.95,"lower_bound":0.7244565093788707,"upper_bound":4.1868334223067505},"point_estimate":2.5490346950520553,"standard_error":1.1040423469084002}}