{"Mean":{"confidence_interval":{"confidence_level":0.95,"lower_bound":98112.31818541439,"upper_bound":98259.36489488902},"point_estimate":98169.71058843037,"standard_error":38.91889383539633},"Median":{"confidence_interval":{"confidence_level":0.95,"lower_bound":98087.9756097561,"upper_bound":98115.26677489177},"point_estimate":98101.27367795602,"standard_error":6.465418885396308},"MedianAbsDev":{"confidence_interval":{"confidence_level":0.95,"lower_bound":51.981383253059484,"upper_bound":103.85202495487096},"point_estimate":81.48331245462451,"standard_error":13.053089764573683},"Slope":{"confidence_interval":{"confidence_level":0.95,"lower_bound":98070.29806871584,"upper_bound":98102.77773783728},"point_estimate":98085.97428295069,"standard_error":8.25839598614242},"StdDev":{"confidence_interval":{"confidence_level":0.95,"lower_bound":113.74144454329722,"upper_bound":642.0057863068749},"point_estimate":390.90153108862563,"standard_error":172.7504174549991}}