{"Mean":{"confidence_interval":{"confidence_level":0.95,"lower_bound":3300658.598590091,"upper_bound":3303708.308794134},"point_estimate":3301904.5191464033,"standard_error":801.4387133818137},"Median":{"confidence_interval":{"confidence_level":0.95,"lower_bound":3300198.5142857144,"upper_bound":3300996.1343283583},"point_estimate":3300511.0344827585,"standard_error":215.84915470938878},"MedianAbsDev":{"confidence_interval":{"confidence_level":0.95,"lower_bound":1297.5891815709426,"upper_bound":2034.2963986646387},"point_estimate":1617.2245246506466,"standard_error":184.2014667924257},"Slope":{"confidence_interval":{"confidence_level":0.95,"lower_bound":3300014.935527771,"upper_bound":3300848.4613594543},"point_estimate":3300390.4491236885,"standard_error":213.1357295121403},"StdDev":{"confidence_interval":{"confidence_level":0.95,"lower_bound":2031.423649430374,"upper_bound":12992.605318874806},"point_estimate":8057.156566219649,"standard_error":3171.8073104354125}}