{"Mean":{"confidence_interval":{"confidence_level":0.95,"lower_bound":3300491.939537092,"upper_bound":3301742.7145033074},"point_estimate":3301065.538321349,"standard_error":320.0679376671922},"Median":{"confidence_interval":{"confidence_level":0.95,"lower_bound":3299988.945945946,"upper_bound":3301042.1807228914},"point_estimate":3300550.171953857,"standard_error":282.71561866793786},"MedianAbsDev":{"confidence_interval":{"confidence_level":0.95,"lower_bound":1340.2654622849307,"upper_bound":2362.5014368074685},"point_estimate":1701.8240010368145,"standard_error":248.64255240152445},"Slope":{"confidence_interval":{"confidence_level":0.95,"lower_bound":3299983.947123211,"upper_bound":3300605.5462901727},"point_estimate":3300294.7327382886,"standard_error":158.69512132852006},"StdDev":{"confidence_interval":{"confidence_level":0.95,"lower_bound":1832.2727132824673,"upper_bound":4444.293949270483},"point_estimate":3213.067678964491,"standard_error":689.1346955775833}}