{"Mean":{"confidence_interval":{"confidence_level":0.95,"lower_bound":4716.194258203136,"upper_bound":4716.667881508296},"point_estimate":4716.403632927457,"standard_error":0.12164417751286923},"Median":{"confidence_interval":{"confidence_level":0.95,"lower_bound":4716.228153717628,"upper_bound":4716.380158730159},"point_estimate":4716.303647959184,"standard_error":0.03914374875180079},"MedianAbsDev":{"confidence_interval":{"confidence_level":0.95,"lower_bound":0.40643796337245036,"upper_bound":0.730915457689737},"point_estimate":0.6072394825339397,"standard_error":0.08471578692361843},"Slope":{"confidence_interval":{"confidence_level":0.95,"lower_bound":4716.1017300823105,"upper_bound":4716.388404019087},"point_estimate":4716.232107200912,"standard_error":0.07278824225659812},"StdDev":{"confidence_interval":{"confidence_level":0.95,"lower_bound":0.5941596191333758,"upper_bound":1.8432592264100598},"point_estimate":1.2194491384755974,"standard_error":0.3592912287739681}}