{"Mean":{"confidence_interval":{"confidence_level":0.95,"lower_bound":586512.0660920362,"upper_bound":587506.4482388078},"point_estimate":586933.3251556617,"standard_error":258.95355276837415},"Median":{"confidence_interval":{"confidence_level":0.95,"lower_bound":586309.6166666667,"upper_bound":586527.9305555555},"point_estimate":586427.4372391175,"standard_error":51.508809687060385},"MedianAbsDev":{"confidence_interval":{"confidence_level":0.95,"lower_bound":356.187653661947,"upper_bound":570.353223412291},"point_estimate":444.77744842713025,"standard_error":51.45153868670603},"Slope":{"confidence_interval":{"confidence_level":0.95,"lower_bound":586212.778901145,"upper_bound":586360.2086502597},"point_estimate":586284.734816019,"standard_error":37.58436556846751},"StdDev":{"confidence_interval":{"confidence_level":0.95,"lower_bound":650.3226028604995,"upper_bound":4097.57479446476},"point_estimate":2609.1296270302514,"standard_error":911.5828458415019}}