{"Mean":{"confidence_interval":{"confidence_level":0.95,"lower_bound":9868.618604273304,"upper_bound":9872.88430703471},"point_estimate":9870.469918162942,"standard_error":1.0956501278934205},"Median":{"confidence_interval":{"confidence_level":0.95,"lower_bound":9867.206458333334,"upper_bound":9868.609333333334},"point_estimate":9867.686816091955,"standard_error":0.37098398172176095},"MedianAbsDev":{"confidence_interval":{"confidence_level":0.95,"lower_bound":2.1019105809031573,"upper_bound":3.9894318610689457},"point_estimate":2.7432149718832477,"standard_error":0.4801284322821819},"Slope":{"confidence_interval":{"confidence_level":0.95,"lower_bound":9867.251696425888,"upper_bound":9869.044359081843},"point_estimate":9868.062792079209,"standard_error":0.4587339777646578},"StdDev":{"confidence_interval":{"confidence_level":0.95,"lower_bound":4.879072039806309,"upper_bound":16.72139220142087},"point_estimate":11.035509943925204,"standard_error":3.280248672141237}}