{"Mean":{"confidence_interval":{"confidence_level":0.95,"lower_bound":107394.6453358051,"upper_bound":107480.77084789841},"point_estimate":107431.84962623524,"standard_error":22.26286177552117},"Median":{"confidence_interval":{"confidence_level":0.95,"lower_bound":107373.11100131753,"upper_bound":107392.1769265233},"point_estimate":107380.8576048951,"standard_error":3.975558427070492},"MedianAbsDev":{"confidence_interval":{"confidence_level":0.95,"lower_bound":29.07364788179539,"upper_bound":55.03416985628836},"point_estimate":38.989622575276734,"standard_error":6.475784593360503},"Slope":{"confidence_interval":{"confidence_level":0.95,"lower_bound":107373.16924821964,"upper_bound":107393.11344232567},"point_estimate":107382.6141519137,"standard_error":5.09702635755845},"StdDev":{"confidence_interval":{"confidence_level":0.95,"lower_bound":72.60280217468873,"upper_bound":337.1616083245805},"point_estimate":223.95320522507285,"standard_error":68.42938249851247}}