{"Mean":{"confidence_interval":{"confidence_level":0.95,"lower_bound":107531.50813313977,"upper_bound":107641.82754909965},"point_estimate":107576.91979123194,"standard_error":28.800240948407364},"Median":{"confidence_interval":{"confidence_level":0.95,"lower_bound":107510.2367251462,"upper_bound":107529.20476190477},"point_estimate":107519.44064621573,"standard_error":4.410461602777697},"MedianAbsDev":{"confidence_interval":{"confidence_level":0.95,"lower_bound":27.205907797842386,"upper_bound":50.68634299425691},"point_estimate":38.35409755544749,"standard_error":6.4438962577015255},"Slope":{"confidence_interval":{"confidence_level":0.95,"lower_bound":107512.01308518583,"upper_bound":107527.32216841947},"point_estimate":107519.31190305896,"standard_error":3.909787880985351},"StdDev":{"confidence_interval":{"confidence_level":0.95,"lower_bound":64.96864204279152,"upper_bound":463.1529459552273},"point_estimate":289.9151972462071,"standard_error":110.4342051293891}}