{"Mean":{"confidence_interval":{"confidence_level":0.95,"lower_bound":6904944.197448518,"upper_bound":6911259.42453187},"point_estimate":6907681.62306741,"standard_error":1626.8301971664475},"Median":{"confidence_interval":{"confidence_level":0.95,"lower_bound":6903001.916666666,"upper_bound":6904788.5},"point_estimate":6903887.68630137,"standard_error":489.20494613654324},"MedianAbsDev":{"confidence_interval":{"confidence_level":0.95,"lower_bound":2406.1959739229974,"upper_bound":4588.2652733095365},"point_estimate":3459.812404621452,"standard_error":562.6946188201733},"Slope":{"confidence_interval":{"confidence_level":0.95,"lower_bound":6902737.989723328,"upper_bound":6904004.1533470275},"point_estimate":6903352.051712723,"standard_error":322.865523415485},"StdDev":{"confidence_interval":{"confidence_level":0.95,"lower_bound":6369.052047760149,"upper_bound":25059.800324627762},"point_estimate":16406.578164131814,"standard_error":4963.522076330739}}