{"Mean":{"confidence_interval":{"confidence_level":0.95,"lower_bound":1175019.0039023312,"upper_bound":1179521.324148101},"point_estimate":1176675.8988483085,"standard_error":1232.0075020498402},"Median":{"confidence_interval":{"confidence_level":0.95,"lower_bound":1174421.6543846251,"upper_bound":1174911.9545454546},"point_estimate":1174571.2541920731,"standard_error":137.42207177180921},"MedianAbsDev":{"confidence_interval":{"confidence_level":0.95,"lower_bound":671.1330014185852,"upper_bound":1497.3147119926361},"point_estimate":993.597290269622,"standard_error":214.86297403940264},"Slope":{"confidence_interval":{"confidence_level":0.95,"lower_bound":1174543.8056718858,"upper_bound":1175049.8518227288},"point_estimate":1174788.0548012413,"standard_error":129.32027167490347},"StdDev":{"confidence_interval":{"confidence_level":0.95,"lower_bound":1778.1538348567874,"upper_bound":20754.849627968917},"point_estimate":12342.714520606261,"standard_error":6174.130458369916}}