{"Mean":{"confidence_interval":{"confidence_level":0.95,"lower_bound":1183742.9588442994,"upper_bound":1187292.4987868613},"point_estimate":1185142.2075713386,"standard_error":937.4634935429734},"Median":{"confidence_interval":{"confidence_level":0.95,"lower_bound":1183171.888888889,"upper_bound":1183564.4945054946},"point_estimate":1183359.1264227643,"standard_error":89.44578311763135},"MedianAbsDev":{"confidence_interval":{"confidence_level":0.95,"lower_bound":693.1146352676536,"upper_bound":1214.600568180071},"point_estimate":917.3020115236945,"standard_error":132.69507222934794},"Slope":{"confidence_interval":{"confidence_level":0.95,"lower_bound":1183301.98918898,"upper_bound":1183836.5702026342},"point_estimate":1183551.0306132704,"standard_error":136.26672159638898},"StdDev":{"confidence_interval":{"confidence_level":0.95,"lower_bound":2498.9672395480356,"upper_bound":15431.070280555447},"point_estimate":9416.549550808653,"standard_error":4091.8569664752363}}