{"Mean":{"confidence_interval":{"confidence_level":0.95,"lower_bound":246.40832277071783,"upper_bound":246.6404041782462},"point_estimate":246.51931970145895,"standard_error":0.05927509693331825},"Median":{"confidence_interval":{"confidence_level":0.95,"lower_bound":246.22536915139654,"upper_bound":246.29743675502579},"point_estimate":246.2628236704949,"standard_error":0.0185874065426387},"MedianAbsDev":{"confidence_interval":{"confidence_level":0.95,"lower_bound":0.11462109523143148,"upper_bound":0.25428448399672743},"point_estimate":0.19171773037244155,"standard_error":0.036545724765252585},"Slope":{"confidence_interval":{"confidence_level":0.95,"lower_bound":246.50528921329862,"upper_bound":246.74779705190053},"point_estimate":246.6259894812217,"standard_error":0.061965517730525485},"StdDev":{"confidence_interval":{"confidence_level":0.95,"lower_bound":0.45257922114681015,"upper_bound":0.7284228779904212},"point_estimate":0.5971051744103868,"standard_error":0.0707299026961262}}