{"Mean":{"confidence_interval":{"confidence_level":0.95,"lower_bound":2342603.436412753,"upper_bound":2344136.7442967524},"point_estimate":2343322.7859677877,"standard_error":393.561941953645},"Median":{"confidence_interval":{"confidence_level":0.95,"lower_bound":2342271.3076923075,"upper_bound":2343074.0821917807},"point_estimate":2342620.3390977443,"standard_error":188.69044165271794},"MedianAbsDev":{"confidence_interval":{"confidence_level":0.95,"lower_bound":1381.7411326812344,"upper_bound":2470.718788000963},"point_estimate":1871.1387062543681,"standard_error":292.3470992663839},"Slope":{"confidence_interval":{"confidence_level":0.95,"lower_bound":2342767.2251574188,"upper_bound":2343628.2990342434},"point_estimate":2343182.2203842173,"standard_error":220.06096538254624},"StdDev":{"confidence_interval":{"confidence_level":0.95,"lower_bound":2517.8879720535388,"upper_bound":5128.87651529823},"point_estimate":3934.8066386589066,"standard_error":668.0172983534758}}