{"Mean":{"confidence_interval":{"confidence_level":0.95,"lower_bound":7197.555359287714,"upper_bound":7206.710389575481},"point_estimate":7201.232048099581,"standard_error":2.423481235748007},"Median":{"confidence_interval":{"confidence_level":0.95,"lower_bound":7196.969968717414,"upper_bound":7198.797470346715},"point_estimate":7197.959194442002,"standard_error":0.43916454301314833},"MedianAbsDev":{"confidence_interval":{"confidence_level":0.95,"lower_bound":3.1844149475199806,"upper_bound":5.954380236026975},"point_estimate":4.821167030316261,"standard_error":0.7001726936761343},"Slope":{"confidence_interval":{"confidence_level":0.95,"lower_bound":7197.2848551925645,"upper_bound":7198.946475053379},"point_estimate":7198.093344019226,"standard_error":0.42334026390977514},"StdDev":{"confidence_interval":{"confidence_level":0.95,"lower_bound":7.025429923121247,"upper_bound":39.751581821713835},"point_estimate":24.35703051295419,"standard_error":10.334192440331696}}