{"Mean":{"confidence_interval":{"confidence_level":0.95,"lower_bound":7072.2962099281685,"upper_bound":7090.841095249133},"point_estimate":7079.540993530973,"standard_error":4.912551446011047},"Median":{"confidence_interval":{"confidence_level":0.95,"lower_bound":7068.6455577883335,"upper_bound":7072.764421834625},"point_estimate":7070.143506493507,"standard_error":1.322070479506277},"MedianAbsDev":{"confidence_interval":{"confidence_level":0.95,"lower_bound":6.1707316419532825,"upper_bound":11.378387356221058},"point_estimate":8.007020708751103,"standard_error":1.4734861645180615},"Slope":{"confidence_interval":{"confidence_level":0.95,"lower_bound":7070.423048121873,"upper_bound":7074.44969051471},"point_estimate":7072.3531526948,"standard_error":1.0254405556484119},"StdDev":{"confidence_interval":{"confidence_level":0.95,"lower_bound":12.43218519219328,"upper_bound":81.45608621688243},"point_estimate":49.46589707567561,"standard_error":21.954166789371982}}