{"Mean":{"confidence_interval":{"confidence_level":0.95,"lower_bound":18430184.596331507,"upper_bound":18439922.537515625},"point_estimate":18435650.720241092,"standard_error":2499.7914280858245},"Median":{"confidence_interval":{"confidence_level":0.95,"lower_bound":18434259.78787879,"upper_bound":18439608.11054422},"point_estimate":18436032.875,"standard_error":1483.3823976888248},"MedianAbsDev":{"confidence_interval":{"confidence_level":0.95,"lower_bound":8670.284169827897,"upper_bound":14169.562768025871},"point_estimate":11559.548681844937,"standard_error":1392.2047369457296},"Slope":{"confidence_interval":{"confidence_level":0.95,"lower_bound":18433044.490463592,"upper_bound":18437114.222139895},"point_estimate":18435063.650430027,"standard_error":1039.7632042649686},"StdDev":{"confidence_interval":{"confidence_level":0.95,"lower_bound":11895.990778082733,"upper_bound":39026.444541284},"point_estimate":25177.453386301215,"standard_error":8269.116776288362}}