{"Mean":{"confidence_interval":{"confidence_level":0.95,"lower_bound":406309.16555125336,"upper_bound":406484.86171671416},"point_estimate":406386.7527156661,"standard_error":45.21549891104834},"Median":{"confidence_interval":{"confidence_level":0.95,"lower_bound":406248.08196721313,"upper_bound":406264.3211111111},"point_estimate":406253.72591362125,"standard_error":3.77926182322141},"MedianAbsDev":{"confidence_interval":{"confidence_level":0.95,"lower_bound":21.497501048795666,"upper_bound":42.407622815577334},"point_estimate":30.563742642665666,"standard_error":5.162964604792854},"Slope":{"confidence_interval":{"confidence_level":0.95,"lower_bound":406355.2498818593,"upper_bound":406609.0998027355},"point_estimate":406480.11303187034,"standard_error":65.07668051753569},"StdDev":{"confidence_interval":{"confidence_level":0.95,"lower_bound":231.98759943330526,"upper_bound":672.2749530600012},"point_estimate":454.32987989726087,"standard_error":126.03120173067344}}