{"Mean":{"confidence_interval":{"confidence_level":0.95,"lower_bound":406243.93597706204,"upper_bound":406363.02108039765},"point_estimate":406292.3369236122,"standard_error":31.20569946893759},"Median":{"confidence_interval":{"confidence_level":0.95,"lower_bound":406230.47101449274,"upper_bound":406242.4871794872},"point_estimate":406239.0046825397,"standard_error":2.6636515945910064},"MedianAbsDev":{"confidence_interval":{"confidence_level":0.95,"lower_bound":21.73223790250907,"upper_bound":35.452966037241794},"point_estimate":28.215859663284988,"standard_error":3.38681887121999},"Slope":{"confidence_interval":{"confidence_level":0.95,"lower_bound":406233.4722656628,"upper_bound":406301.1555963228},"point_estimate":406255.5153184572,"standard_error":19.220980361778405},"StdDev":{"confidence_interval":{"confidence_level":0.95,"lower_bound":50.2824028130605,"upper_bound":503.3923837557261},"point_estimate":313.7328768555512,"standard_error":123.7287792493808}}