{"Mean":{"confidence_interval":{"confidence_level":0.95,"lower_bound":3345663.335875234,"upper_bound":3347797.055246732},"point_estimate":3346575.0510849464,"standard_error":552.7139232871481},"Median":{"confidence_interval":{"confidence_level":0.95,"lower_bound":3345438.46875,"upper_bound":3345950.2264150945},"point_estimate":3345675.166666667,"standard_error":122.18921484308052},"MedianAbsDev":{"confidence_interval":{"confidence_level":0.95,"lower_bound":934.7058511776888,"upper_bound":1577.7396017648039},"point_estimate":1262.3393981776846,"standard_error":161.1025889303198},"Slope":{"confidence_interval":{"confidence_level":0.95,"lower_bound":3345305.664512995,"upper_bound":3346447.079580526},"point_estimate":3345772.559964534,"standard_error":295.87390009063165},"StdDev":{"confidence_interval":{"confidence_level":0.95,"lower_bound":1406.8860271062185,"upper_bound":8437.732162395372},"point_estimate":5568.827747942901,"standard_error":1834.190119275966}}