{"Mean":{"confidence_interval":{"confidence_level":0.95,"lower_bound":4649356.809551738,"upper_bound":4653069.609167725},"point_estimate":4651018.57725696,"standard_error":949.6899149497845},"Median":{"confidence_interval":{"confidence_level":0.95,"lower_bound":4648037.799603175,"upper_bound":4649240.319357367},"point_estimate":4648659.525,"standard_error":323.81927597605227},"MedianAbsDev":{"confidence_interval":{"confidence_level":0.95,"lower_bound":2423.500970396423,"upper_bound":4455.71927224083},"point_estimate":3374.4586648271616,"standard_error":527.0414872389329},"Slope":{"confidence_interval":{"confidence_level":0.95,"lower_bound":4648231.079635055,"upper_bound":4650437.385256623},"point_estimate":4649204.315637654,"standard_error":567.2340488433456},"StdDev":{"confidence_interval":{"confidence_level":0.95,"lower_bound":5139.200971305616,"upper_bound":13667.154233781763},"point_estimate":9528.954811525711,"standard_error":2248.7595020796366}}