{"Mean":{"confidence_interval":{"confidence_level":0.95,"lower_bound":231.89103481091166,"upper_bound":232.13995751629},"point_estimate":232.00779115173083,"standard_error":0.06364979660205665},"Median":{"confidence_interval":{"confidence_level":0.95,"lower_bound":231.72585841956726,"upper_bound":231.85682415048888},"point_estimate":231.81208609618335,"standard_error":0.03989648016589363},"MedianAbsDev":{"confidence_interval":{"confidence_level":0.95,"lower_bound":0.19118340424590416,"upper_bound":0.39476547091276304},"point_estimate":0.2798749442886375,"standard_error":0.053849662456876},"Slope":{"confidence_interval":{"confidence_level":0.95,"lower_bound":231.8418184192884,"upper_bound":232.02137865949328},"point_estimate":231.92548323229283,"standard_error":0.04598051054973471},"StdDev":{"confidence_interval":{"confidence_level":0.95,"lower_bound":0.43115791145380533,"upper_bound":0.8448621697367568},"point_estimate":0.6390864982052546,"standard_error":0.10817097346645216}}