{"Mean":{"confidence_interval":{"confidence_level":0.95,"lower_bound":9055015.634236097,"upper_bound":9063819.63360921},"point_estimate":9059183.028315518,"standard_error":2246.9457289372767},"Median":{"confidence_interval":{"confidence_level":0.95,"lower_bound":9048194.185185185,"upper_bound":9052358.75609756},"point_estimate":9050647.184722222,"standard_error":1115.777587260981},"MedianAbsDev":{"confidence_interval":{"confidence_level":0.95,"lower_bound":5489.722236074581,"upper_bound":12743.97318913344},"point_estimate":8531.647168397116,"standard_error":1902.4515454663285},"Slope":{"confidence_interval":{"confidence_level":0.95,"lower_bound":9056077.922088237,"upper_bound":9064429.336903566},"point_estimate":9060190.33192552,"standard_error":2132.240338459993},"StdDev":{"confidence_interval":{"confidence_level":0.95,"lower_bound":16286.033739778406,"upper_bound":28913.14420209318},"point_estimate":22595.14306435279,"standard_error":3287.1155162022606}}