{"Mean":{"confidence_interval":{"confidence_level":0.95,"lower_bound":25746009.537764557,"upper_bound":25899308.924353596},"point_estimate":25820080.244181823,"standard_error":39178.53124743446},"Median":{"confidence_interval":{"confidence_level":0.95,"lower_bound":25606561.805194806,"upper_bound":25624872.57142857},"point_estimate":25611291.5412111,"standard_error":4443.776412745534},"MedianAbsDev":{"confidence_interval":{"confidence_level":0.95,"lower_bound":20078.088963541166,"upper_bound":55776.503508304646},"point_estimate":35333.64160757633,"standard_error":9269.739372670554},"Slope":{"confidence_interval":{"confidence_level":0.95,"lower_bound":25958375.4068623,"upper_bound":26215420.698189672},"point_estimate":26095255.12096941,"standard_error":65709.48487120822},"StdDev":{"confidence_interval":{"confidence_level":0.95,"lower_bound":326769.8177224366,"upper_bound":446431.1766696853},"point_estimate":395139.3852905612,"standard_error":30636.54375426661}}