{"Mean":{"confidence_interval":{"confidence_level":0.95,"lower_bound":729410.897291643,"upper_bound":729813.413532709},"point_estimate":729584.4018798196,"standard_error":103.46368228675816},"Median":{"confidence_interval":{"confidence_level":0.95,"lower_bound":729334.6785714285,"upper_bound":729614.915948276},"point_estimate":729465.9045180723,"standard_error":73.67796038682091},"MedianAbsDev":{"confidence_interval":{"confidence_level":0.95,"lower_bound":444.0978597293113,"upper_bound":687.9901514804602},"point_estimate":569.5865425619456,"standard_error":61.01099084177534},"Slope":{"confidence_interval":{"confidence_level":0.95,"lower_bound":729296.2638471193,"upper_bound":729526.9186093018},"point_estimate":729410.2065080538,"standard_error":58.81501780003499},"StdDev":{"confidence_interval":{"confidence_level":0.95,"lower_bound":502.8667365692016,"upper_bound":1587.677738827086},"point_estimate":1033.7649315940962,"standard_error":336.0057562146144}}