{"Mean":{"confidence_interval":{"confidence_level":0.95,"lower_bound":1345.568397462074,"upper_bound":1345.8153364298344},"point_estimate":1345.6927904540387,"standard_error":0.06298979159852654},"Median":{"confidence_interval":{"confidence_level":0.95,"lower_bound":1345.511338380793,"upper_bound":1345.6702592087313},"point_estimate":1345.5630703397796,"standard_error":0.04341911674282088},"MedianAbsDev":{"confidence_interval":{"confidence_level":0.95,"lower_bound":0.22102717160510713,"upper_bound":0.3727823095170981},"point_estimate":0.26751829928887105,"standard_error":0.038416977914604036},"Slope":{"confidence_interval":{"confidence_level":0.95,"lower_bound":1345.334891226436,"upper_bound":1345.7124310687498},"point_estimate":1345.546736898894,"standard_error":0.0964269905165106},"StdDev":{"confidence_interval":{"confidence_level":0.95,"lower_bound":0.4183249990103038,"upper_bound":0.8420247957047166},"point_estimate":0.6319302849494893,"standard_error":0.1103198280037725}}