{"Mean":{"confidence_interval":{"confidence_level":0.95,"lower_bound":1353.962685159203,"upper_bound":1354.4373981454169},"point_estimate":1354.1674278669773,"standard_error":0.12214530237551678},"Median":{"confidence_interval":{"confidence_level":0.95,"lower_bound":1353.9127826611414,"upper_bound":1354.0247252747254},"point_estimate":1353.9663027761712,"standard_error":0.029673054991579746},"MedianAbsDev":{"confidence_interval":{"confidence_level":0.95,"lower_bound":0.23504121960331276,"upper_bound":0.4128963396936535},"point_estimate":0.3087835727420496,"standard_error":0.044610543673439335},"Slope":{"confidence_interval":{"confidence_level":0.95,"lower_bound":1353.9659492325047,"upper_bound":1354.460610149267},"point_estimate":1354.1707294489904,"standard_error":0.12927352893791155},"StdDev":{"confidence_interval":{"confidence_level":0.95,"lower_bound":0.4283742848542979,"upper_bound":1.844612728217025},"point_estimate":1.2290041382452106,"standard_error":0.36868465277452117}}