{"Mean":{"confidence_interval":{"confidence_level":0.95,"lower_bound":2201.431769117829,"upper_bound":2202.5239337498456},"point_estimate":2201.8765227593944,"standard_error":0.28625209015429925},"Median":{"confidence_interval":{"confidence_level":0.95,"lower_bound":2201.3518694196428,"upper_bound":2201.514298654244},"point_estimate":2201.403697166851,"standard_error":0.04611574684745404},"MedianAbsDev":{"confidence_interval":{"confidence_level":0.95,"lower_bound":0.26404951093712564,"upper_bound":0.47318112461286055},"point_estimate":0.3945782139025825,"standard_error":0.05375939911836412},"Slope":{"confidence_interval":{"confidence_level":0.95,"lower_bound":2201.36325674883,"upper_bound":2201.7546961801113},"point_estimate":2201.513070157962,"standard_error":0.10432269558508771},"StdDev":{"confidence_interval":{"confidence_level":0.95,"lower_bound":0.5032134110792863,"upper_bound":4.617252332612358},"point_estimate":2.880240677076737,"standard_error":1.1244975192076303}}