{"Mean":{"confidence_interval":{"confidence_level":0.95,"lower_bound":39375.203616893836,"upper_bound":39427.26784211317},"point_estimate":39396.504591925695,"standard_error":13.564866175091305},"Median":{"confidence_interval":{"confidence_level":0.95,"lower_bound":39364.65625,"upper_bound":39391.71594068582},"point_estimate":39380.81489456489,"standard_error":6.970966701896031},"MedianAbsDev":{"confidence_interval":{"confidence_level":0.95,"lower_bound":36.730867473229914,"upper_bound":61.15972817841319},"point_estimate":46.11051104035101,"standard_error":6.1029794518299765},"Slope":{"confidence_interval":{"confidence_level":0.95,"lower_bound":39363.986653386,"upper_bound":39383.04607268707},"point_estimate":39373.246664241626,"standard_error":4.8467262774063045},"StdDev":{"confidence_interval":{"confidence_level":0.95,"lower_bound":51.86583740825684,"upper_bound":219.4975109114449},"point_estimate":136.4576017500925,"standard_error":54.62636637935164}}