{"Mean":{"confidence_interval":{"confidence_level":0.95,"lower_bound":2563423.5588004207,"upper_bound":2599652.509979564},"point_estimate":2578693.6554789604,"standard_error":9433.848067656767},"Median":{"confidence_interval":{"confidence_level":0.95,"lower_bound":2553472.720066519,"upper_bound":2557952.314814815},"point_estimate":2554967.3759744866,"standard_error":1180.6351567054392},"MedianAbsDev":{"confidence_interval":{"confidence_level":0.95,"lower_bound":7543.100449961962,"upper_bound":16004.100632234027},"point_estimate":10650.465545615702,"standard_error":2228.4704408961134},"Slope":{"confidence_interval":{"confidence_level":0.95,"lower_bound":2557445.4772387063,"upper_bound":2563968.8568521678},"point_estimate":2560581.9207300134,"standard_error":1669.6446307506176},"StdDev":{"confidence_interval":{"confidence_level":0.95,"lower_bound":26595.925061933587,"upper_bound":149874.48562134537},"point_estimate":94957.12576017885,"standard_error":33902.301800241214}}