{"Mean":{"confidence_interval":{"confidence_level":0.95,"lower_bound":2587509.7978568333,"upper_bound":2627926.3977342034},"point_estimate":2603955.351543649,"standard_error":10560.147766113607},"Median":{"confidence_interval":{"confidence_level":0.95,"lower_bound":2574305.1621621624,"upper_bound":2579357.7652329747},"point_estimate":2575868.4721184447,"standard_error":1266.7388245183613},"MedianAbsDev":{"confidence_interval":{"confidence_level":0.95,"lower_bound":6028.042408365505,"upper_bound":14509.377332504553},"point_estimate":9007.018694149352,"standard_error":2136.81529594572},"Slope":{"confidence_interval":{"confidence_level":0.95,"lower_bound":2579673.0487345504,"upper_bound":2587736.216450681},"point_estimate":2583456.575634698,"standard_error":2058.6040331233644},"StdDev":{"confidence_interval":{"confidence_level":0.95,"lower_bound":34308.337621610895,"upper_bound":171504.31242139512},"point_estimate":106748.4633857682,"standard_error":42162.797264189474}}