{"Mean":{"confidence_interval":{"confidence_level":0.95,"lower_bound":26980.376467884933,"upper_bound":27006.129929781666},"point_estimate":26992.169822240736,"standard_error":6.594644595025708},"Median":{"confidence_interval":{"confidence_level":0.95,"lower_bound":26970.314578114703,"upper_bound":26982.497171590196},"point_estimate":26974.412873399713,"standard_error":2.5756720471845824},"MedianAbsDev":{"confidence_interval":{"confidence_level":0.95,"lower_bound":17.058274195666325,"upper_bound":29.999507279224673},"point_estimate":23.989677539120887,"standard_error":3.2579314793233407},"Slope":{"confidence_interval":{"confidence_level":0.95,"lower_bound":26976.500901645348,"upper_bound":26990.19152046435},"point_estimate":26983.10678938729,"standard_error":3.4972643246125137},"StdDev":{"confidence_interval":{"confidence_level":0.95,"lower_bound":39.85589129515671,"upper_bound":91.38452785990745},"point_estimate":66.20819460486753,"standard_error":13.527563149720482}}