{"Mean":{"confidence_interval":{"confidence_level":0.95,"lower_bound":27273.55923313386,"upper_bound":27340.737874469036},"point_estimate":27299.282260877768,"standard_error":17.880702682392254},"Median":{"confidence_interval":{"confidence_level":0.95,"lower_bound":27266.927955938107,"upper_bound":27274.303303303303},"point_estimate":27270.07487344487,"standard_error":1.8203932233612214},"MedianAbsDev":{"confidence_interval":{"confidence_level":0.95,"lower_bound":10.975698676553893,"upper_bound":19.366670655785526},"point_estimate":15.247060713674982,"standard_error":2.138245676562576},"Slope":{"confidence_interval":{"confidence_level":0.95,"lower_bound":27267.6841726743,"upper_bound":27275.603811256427},"point_estimate":27271.284147232796,"standard_error":2.026399396283516},"StdDev":{"confidence_interval":{"confidence_level":0.95,"lower_bound":33.11693882487984,"upper_bound":298.21674922537255},"point_estimate":179.71146014037217,"standard_error":82.37040780449165}}