{"Mean":{"confidence_interval":{"confidence_level":0.95,"lower_bound":6344160.038334069,"upper_bound":6381326.637672047},"point_estimate":6359677.530938988,"standard_error":9660.226146583753},"Median":{"confidence_interval":{"confidence_level":0.95,"lower_bound":6333616.434134616,"upper_bound":6348137.128205128},"point_estimate":6342346.762886598,"standard_error":4055.8583452212665},"MedianAbsDev":{"confidence_interval":{"confidence_level":0.95,"lower_bound":22641.73551964279,"upper_bound":37961.31797278194},"point_estimate":30682.20849448677,"standard_error":3874.8827351366617},"Slope":{"confidence_interval":{"confidence_level":0.95,"lower_bound":6331370.859298547,"upper_bound":6344885.791041628},"point_estimate":6337903.120892567,"standard_error":3455.856738574041},"StdDev":{"confidence_interval":{"confidence_level":0.95,"lower_bound":31638.774547299825,"upper_bound":153683.96446578798},"point_estimate":96760.29743055871,"standard_error":35187.6526781603}}