{"Mean":{"confidence_interval":{"confidence_level":0.95,"lower_bound":6276734.760974358,"upper_bound":6319654.507120683},"point_estimate":6293998.652896608,"standard_error":11276.409758758204},"Median":{"confidence_interval":{"confidence_level":0.95,"lower_bound":6263524.894667544,"upper_bound":6276510.044444445},"point_estimate":6270353.223895131,"standard_error":4412.35017309842},"MedianAbsDev":{"confidence_interval":{"confidence_level":0.95,"lower_bound":16642.73994543522,"upper_bound":31311.19421103807},"point_estimate":24490.19512628014,"standard_error":3996.1608899563007},"Slope":{"confidence_interval":{"confidence_level":0.95,"lower_bound":6266476.897093803,"upper_bound":6277425.968422791},"point_estimate":6271755.5198344905,"standard_error":2790.10075060522},"StdDev":{"confidence_interval":{"confidence_level":0.95,"lower_bound":33310.651203738715,"upper_bound":185091.28002687683},"point_estimate":113874.00819389614,"standard_error":47494.95751721401}}