{"Mean":{"confidence_interval":{"confidence_level":0.95,"lower_bound":287359.85929305485,"upper_bound":287489.90940815245},"point_estimate":287418.5542315715,"standard_error":33.27151699506},"Median":{"confidence_interval":{"confidence_level":0.95,"lower_bound":287333.217032967,"upper_bound":287402.44615384616},"point_estimate":287372.56997282605,"standard_error":16.365226145826856},"MedianAbsDev":{"confidence_interval":{"confidence_level":0.95,"lower_bound":96.25276375173829,"upper_bound":164.46661930233597},"point_estimate":124.63100834357888,"standard_error":17.842246550304612},"Slope":{"confidence_interval":{"confidence_level":0.95,"lower_bound":287333.7634107611,"upper_bound":287376.65219395736},"point_estimate":287355.3298049357,"standard_error":10.907056160008128},"StdDev":{"confidence_interval":{"confidence_level":0.95,"lower_bound":156.89471845142862,"upper_bound":470.26761322144654},"point_estimate":333.69799797967477,"standard_error":78.5541624681692}}