{"Mean":{"confidence_interval":{"confidence_level":0.95,"lower_bound":6597221.169648363,"upper_bound":6600764.6872939905},"point_estimate":6598721.843613355,"standard_error":912.5702537504131},"Median":{"confidence_interval":{"confidence_level":0.95,"lower_bound":6597000.417582418,"upper_bound":6598119.407692308},"point_estimate":6597519.345072115,"standard_error":273.554114906367},"MedianAbsDev":{"confidence_interval":{"confidence_level":0.95,"lower_bound":1995.033469475569,"upper_bound":3807.858682288411},"point_estimate":2845.003992212521,"standard_error":465.0292010141429},"Slope":{"confidence_interval":{"confidence_level":0.95,"lower_bound":6596272.732133952,"upper_bound":6597343.742124156},"point_estimate":6596819.977139058,"standard_error":272.05345228603045},"StdDev":{"confidence_interval":{"confidence_level":0.95,"lower_bound":3756.7188634960803,"upper_bound":14304.681230026079},"point_estimate":9153.169323688062,"standard_error":3115.3682668219044}}