{"Mean":{"confidence_interval":{"confidence_level":0.95,"lower_bound":6598545.079399955,"upper_bound":6601858.846546697},"point_estimate":6599903.415339771,"standard_error":864.6958551115317},"Median":{"confidence_interval":{"confidence_level":0.95,"lower_bound":6598069.119047619,"upper_bound":6599344.428571428},"point_estimate":6598651.226708075,"standard_error":321.3148721152381},"MedianAbsDev":{"confidence_interval":{"confidence_level":0.95,"lower_bound":1962.6723535365147,"upper_bound":3335.529526389822},"point_estimate":2498.6262046203965,"standard_error":347.98032366251766},"Slope":{"confidence_interval":{"confidence_level":0.95,"lower_bound":6597623.965056532,"upper_bound":6598553.745392267},"point_estimate":6598087.998732083,"standard_error":236.66042082131065},"StdDev":{"confidence_interval":{"confidence_level":0.95,"lower_bound":3333.0360466906236,"upper_bound":13936.735794108177},"point_estimate":8690.24421442924,"standard_error":3440.7007404679007}}