{"Mean":{"confidence_interval":{"confidence_level":0.95,"lower_bound":54448.25203328074,"upper_bound":54499.696049024824},"point_estimate":54469.24602436204,"standard_error":13.452661348960424},"Median":{"confidence_interval":{"confidence_level":0.95,"lower_bound":54443.15296052631,"upper_bound":54457.005599104144},"point_estimate":54452.420708104495,"standard_error":3.160003494503883},"MedianAbsDev":{"confidence_interval":{"confidence_level":0.95,"lower_bound":19.413662626851703,"upper_bound":36.18154480146294},"point_estimate":23.82629207061879,"standard_error":4.382976561415895},"Slope":{"confidence_interval":{"confidence_level":0.95,"lower_bound":54445.69358761106,"upper_bound":54454.48768216856},"point_estimate":54450.04530142409,"standard_error":2.243308773090405},"StdDev":{"confidence_interval":{"confidence_level":0.95,"lower_bound":43.03815479588636,"upper_bound":218.7794267918501},"point_estimate":135.3080404117066,"standard_error":54.40621582136402}}