{"Mean":{"confidence_interval":{"confidence_level":0.95,"lower_bound":3222.7742653806276,"upper_bound":3223.191493545105},"point_estimate":3222.959049797922,"standard_error":0.10731161399910027},"Median":{"confidence_interval":{"confidence_level":0.95,"lower_bound":3222.720004616923,"upper_bound":3222.8334172342315},"point_estimate":3222.755188453637,"standard_error":0.030405163376903053},"MedianAbsDev":{"confidence_interval":{"confidence_level":0.95,"lower_bound":0.17455114528259,"upper_bound":0.3679212267533862},"point_estimate":0.2802996596103676,"standard_error":0.046327554795578596},"Slope":{"confidence_interval":{"confidence_level":0.95,"lower_bound":3222.791362944134,"upper_bound":3222.9513711952877},"point_estimate":3222.8638587627543,"standard_error":0.0408813336721476},"StdDev":{"confidence_interval":{"confidence_level":0.95,"lower_bound":0.49013255243553927,"upper_bound":1.6259241824984993},"point_estimate":1.080287805646404,"standard_error":0.31059538478803456}}