{"Mean":{"confidence_interval":{"confidence_level":0.95,"lower_bound":3204.010365704347,"upper_bound":3210.702776336465},"point_estimate":3206.408978723854,"standard_error":1.9606425652123982},"Median":{"confidence_interval":{"confidence_level":0.95,"lower_bound":3203.644734787813,"upper_bound":3203.779935275081},"point_estimate":3203.686704394689,"standard_error":0.0328273722048677},"MedianAbsDev":{"confidence_interval":{"confidence_level":0.95,"lower_bound":0.2100000486963757,"upper_bound":0.37500953937963716},"point_estimate":0.2746626607960539,"standard_error":0.04042659712794496},"Slope":{"confidence_interval":{"confidence_level":0.95,"lower_bound":3203.706302249359,"upper_bound":3203.987257117239},"point_estimate":3203.8225782746367,"standard_error":0.07234606701039811},"StdDev":{"confidence_interval":{"confidence_level":0.95,"lower_bound":1.2331133076906613,"upper_bound":33.54494490547859},"point_estimate":19.71962833196021,"standard_error":10.917240944185865}}