{"Mean":{"confidence_interval":{"confidence_level":0.95,"lower_bound":708393.9942291229,"upper_bound":708689.4234011787},"point_estimate":708519.8586891437,"standard_error":76.05761834649468},"Median":{"confidence_interval":{"confidence_level":0.95,"lower_bound":708327.9444444445,"upper_bound":708499.3709677419},"point_estimate":708428.2189777521,"standard_error":45.75713494031836},"MedianAbsDev":{"confidence_interval":{"confidence_level":0.95,"lower_bound":234.2373650666895,"upper_bound":458.4864108308507},"point_estimate":348.06885535903064,"standard_error":58.76307607669234},"Slope":{"confidence_interval":{"confidence_level":0.95,"lower_bound":708351.931273447,"upper_bound":708503.4263299031},"point_estimate":708426.7567637062,"standard_error":38.58330657037835},"StdDev":{"confidence_interval":{"confidence_level":0.95,"lower_bound":363.22599518328144,"upper_bound":1184.588408997225},"point_estimate":763.2293352706363,"standard_error":260.23483993330876}}