{"Mean":{"confidence_interval":{"confidence_level":0.95,"lower_bound":13015.59036371437,"upper_bound":13026.740072541123},"point_estimate":13020.495182731516,"standard_error":2.8743684576679973},"Median":{"confidence_interval":{"confidence_level":0.95,"lower_bound":13013.475370867198,"upper_bound":13016.75399733511},"point_estimate":13014.932000674764,"standard_error":0.7427289016250967},"MedianAbsDev":{"confidence_interval":{"confidence_level":0.95,"lower_bound":5.956860910970037,"upper_bound":10.654839064451364},"point_estimate":7.925368976942998,"standard_error":1.1401569803126077},"Slope":{"confidence_interval":{"confidence_level":0.95,"lower_bound":13015.064827084781,"upper_bound":13019.776996651803},"point_estimate":13017.303291748656,"standard_error":1.1977422085039464},"StdDev":{"confidence_interval":{"confidence_level":0.95,"lower_bound":12.0898671904694,"upper_bound":42.47930385613731},"point_estimate":28.851991812958982,"standard_error":7.94102175245789}}