{"Mean":{"confidence_interval":{"confidence_level":0.95,"lower_bound":5957.0387890824295,"upper_bound":5962.55647957614},"point_estimate":5959.389828573064,"standard_error":1.4311561619349422},"Median":{"confidence_interval":{"confidence_level":0.95,"lower_bound":5955.849883449883,"upper_bound":5956.49048025298},"point_estimate":5956.135522359415,"standard_error":0.17572891642552002},"MedianAbsDev":{"confidence_interval":{"confidence_level":0.95,"lower_bound":1.1233773135266611,"upper_bound":2.0581815959292458},"point_estimate":1.3981693964975404,"standard_error":0.2506485497094624},"Slope":{"confidence_interval":{"confidence_level":0.95,"lower_bound":5956.128227753333,"upper_bound":5958.579417405529},"point_estimate":5957.200963642633,"standard_error":0.6310639881979931},"StdDev":{"confidence_interval":{"confidence_level":0.95,"lower_bound":4.143154295771118,"upper_bound":22.47912552139294},"point_estimate":14.374982258220527,"standard_error":4.846453236157847}}