{"Mean":{"confidence_interval":{"confidence_level":0.95,"lower_bound":5857.086693130035,"upper_bound":5867.242852121795},"point_estimate":5860.907190316593,"standard_error":2.7393641506153914},"Median":{"confidence_interval":{"confidence_level":0.95,"lower_bound":5855.735347985348,"upper_bound":5856.88180465368},"point_estimate":5856.424203772418,"standard_error":0.32972123218066596},"MedianAbsDev":{"confidence_interval":{"confidence_level":0.95,"lower_bound":1.51401782167813,"upper_bound":2.804027639592709},"point_estimate":2.2736737729981336,"standard_error":0.3161329693078444},"Slope":{"confidence_interval":{"confidence_level":0.95,"lower_bound":5856.049050649778,"upper_bound":5856.94883974185},"point_estimate":5856.484263319189,"standard_error":0.22957549722581594},"StdDev":{"confidence_interval":{"confidence_level":0.95,"lower_bound":3.4635815744751874,"upper_bound":46.08672007450139},"point_estimate":27.57557979582349,"standard_error":13.242482330206858}}