{"Mean":{"confidence_interval":{"confidence_level":0.95,"lower_bound":2054.9598865437642,"upper_bound":2058.3683733670005},"point_estimate":2056.340603850515,"standard_error":0.8898745521016869},"Median":{"confidence_interval":{"confidence_level":0.95,"lower_bound":2054.4222789247146,"upper_bound":2055.375712112098},"point_estimate":2054.919044636644,"standard_error":0.25089561238663993},"MedianAbsDev":{"confidence_interval":{"confidence_level":0.95,"lower_bound":1.3453906827636672,"upper_bound":2.6136072484440347},"point_estimate":1.9488410531511806,"standard_error":0.3310170283837982},"Slope":{"confidence_interval":{"confidence_level":0.95,"lower_bound":2054.9929925761517,"upper_bound":2056.1260383719},"point_estimate":2055.513767179728,"standard_error":0.28937693134252446},"StdDev":{"confidence_interval":{"confidence_level":0.95,"lower_bound":3.0412316315278702,"upper_bound":14.40529045693267},"point_estimate":8.94261084600149,"standard_error":3.561402190001204}}