{"Mean":{"confidence_interval":{"confidence_level":0.95,"lower_bound":3232.60155816829,"upper_bound":3233.8766801865054},"point_estimate":3233.1068411338574,"standard_error":0.33723637127190775},"Median":{"confidence_interval":{"confidence_level":0.95,"lower_bound":3232.5412407802614,"upper_bound":3232.6752943764277},"point_estimate":3232.6166808668822,"standard_error":0.02870291384845586},"MedianAbsDev":{"confidence_interval":{"confidence_level":0.95,"lower_bound":0.2412070804084065,"upper_bound":0.3813210586709886},"point_estimate":0.31138772693825484,"standard_error":0.03537465581247523},"Slope":{"confidence_interval":{"confidence_level":0.95,"lower_bound":3232.6043123857603,"upper_bound":3232.798409880732},"point_estimate":3232.6911363394593,"standard_error":0.049433696982096806},"StdDev":{"confidence_interval":{"confidence_level":0.95,"lower_bound":0.789479180800943,"upper_bound":5.537687783066882},"point_estimate":3.3758969005931685,"standard_error":1.4493547996718228}}