{"Mean":{"confidence_interval":{"confidence_level":0.95,"lower_bound":296699.5366409314,"upper_bound":296979.38189239765},"point_estimate":296818.80160399294,"standard_error":72.44348842663072},"Median":{"confidence_interval":{"confidence_level":0.95,"lower_bound":296635.8546511628,"upper_bound":296733.1779771452},"point_estimate":296707.5987349914,"standard_error":23.087214621352512},"MedianAbsDev":{"confidence_interval":{"confidence_level":0.95,"lower_bound":140.94691500708447,"upper_bound":255.4774760221987},"point_estimate":182.23919626657295,"standard_error":28.228807533343435},"Slope":{"confidence_interval":{"confidence_level":0.95,"lower_bound":296684.6153204205,"upper_bound":296768.6390005117},"point_estimate":296723.62464238214,"standard_error":21.41021166200361},"StdDev":{"confidence_interval":{"confidence_level":0.95,"lower_bound":251.6077506001907,"upper_bound":1127.3736943901715},"point_estimate":727.3479469402803,"standard_error":238.374560821254}}