{"Mean":{"confidence_interval":{"confidence_level":0.95,"lower_bound":69495.7687744716,"upper_bound":69563.66707566711},"point_estimate":69526.31872763722,"standard_error":17.381849794997308},"Median":{"confidence_interval":{"confidence_level":0.95,"lower_bound":69462.39781420765,"upper_bound":69498.42777777778},"point_estimate":69477.8718745023,"standard_error":9.697698050749986},"MedianAbsDev":{"confidence_interval":{"confidence_level":0.95,"lower_bound":40.07745642560851,"upper_bound":77.51776846042824},"point_estimate":54.936705715266434,"standard_error":9.51900105838657},"Slope":{"confidence_interval":{"confidence_level":0.95,"lower_bound":69484.93953665663,"upper_bound":69517.28642019002},"point_estimate":69500.2442748633,"standard_error":8.27114694009633},"StdDev":{"confidence_interval":{"confidence_level":0.95,"lower_bound":95.23708726482735,"upper_bound":254.21989741342801},"point_estimate":174.8505742991907,"standard_error":43.7580104824872}}