{"Mean":{"confidence_interval":{"confidence_level":0.95,"lower_bound":1745.3175668508525,"upper_bound":1745.9970550891378},"point_estimate":1745.630532107851,"standard_error":0.174027161179329},"Median":{"confidence_interval":{"confidence_level":0.95,"lower_bound":1745.4281952130143,"upper_bound":1745.6105081608616},"point_estimate":1745.5327014750246,"standard_error":0.04383837998688487},"MedianAbsDev":{"confidence_interval":{"confidence_level":0.95,"lower_bound":0.2888162169218792,"upper_bound":0.7497962540143801},"point_estimate":0.4147868209533765,"standard_error":0.1237832678042583},"Slope":{"confidence_interval":{"confidence_level":0.95,"lower_bound":1745.0746580421464,"upper_bound":1745.7461889873266},"point_estimate":1745.3536993965206,"standard_error":0.1745669791628693},"StdDev":{"confidence_interval":{"confidence_level":0.95,"lower_bound":1.0079882953495318,"upper_bound":2.340184726392779},"point_estimate":1.7490153618735553,"standard_error":0.34000961313154004}}