{"Mean":{"confidence_interval":{"confidence_level":0.95,"lower_bound":1186685.8829354118,"upper_bound":1187843.1813518084},"point_estimate":1187191.3622494505,"standard_error":297.1595285316023},"Median":{"confidence_interval":{"confidence_level":0.95,"lower_bound":1186367.5470425459,"upper_bound":1186862.9581023455},"point_estimate":1186680.2494802494,"standard_error":115.69645213626329},"MedianAbsDev":{"confidence_interval":{"confidence_level":0.95,"lower_bound":869.8828758851485,"upper_bound":1574.9309245306715},"point_estimate":1296.8411624511318,"standard_error":171.29207547792015},"Slope":{"confidence_interval":{"confidence_level":0.95,"lower_bound":1186308.921545218,"upper_bound":1186729.1031945678},"point_estimate":1186516.02981528,"standard_error":107.49745219160843},"StdDev":{"confidence_interval":{"confidence_level":0.95,"lower_bound":1450.6794690871895,"upper_bound":4578.163149097273},"point_estimate":2995.5435808197667,"standard_error":937.4839590841024}}