{"Mean":{"confidence_interval":{"confidence_level":0.95,"lower_bound":25649.964109974528,"upper_bound":25866.0770280351},"point_estimate":25725.736612353176,"standard_error":65.54873305001489},"Median":{"confidence_interval":{"confidence_level":0.95,"lower_bound":25636.806439238953,"upper_bound":25649.72182043977},"point_estimate":25643.49279794661,"standard_error":3.5594472942384434},"MedianAbsDev":{"confidence_interval":{"confidence_level":0.95,"lower_bound":22.986154826414026,"upper_bound":39.58077297251563},"point_estimate":33.164442580976214,"standard_error":4.299811627537454},"Slope":{"confidence_interval":{"confidence_level":0.95,"lower_bound":25634.586219942892,"upper_bound":25648.263921161662},"point_estimate":25640.919661252003,"standard_error":3.5015472141341397},"StdDev":{"confidence_interval":{"confidence_level":0.95,"lower_bound":41.47217675656433,"upper_bound":1120.6279684904393},"point_estimate":656.0573474746959,"standard_error":378.8357494056332}}