{"Mean":{"confidence_interval":{"confidence_level":0.95,"lower_bound":2501.8964601782905,"upper_bound":2502.3635515408487},"point_estimate":2502.117769659496,"standard_error":0.11925422045346779},"Median":{"confidence_interval":{"confidence_level":0.95,"lower_bound":2501.690861315861,"upper_bound":2501.8837152846545},"point_estimate":2501.798411118177,"standard_error":0.052682070657685154},"MedianAbsDev":{"confidence_interval":{"confidence_level":0.95,"lower_bound":0.3070622423672962,"upper_bound":0.5665600146068576},"point_estimate":0.4280185526420568,"standard_error":0.06534769090833638},"Slope":{"confidence_interval":{"confidence_level":0.95,"lower_bound":2501.704133648573,"upper_bound":2501.9549156861035},"point_estimate":2501.822087216184,"standard_error":0.0637115882059216},"StdDev":{"confidence_interval":{"confidence_level":0.95,"lower_bound":0.8244562321331961,"upper_bound":1.4925768545292875},"point_estimate":1.1958213047462012,"standard_error":0.17017617737610702}}