{"Mean":{"confidence_interval":{"confidence_level":0.95,"lower_bound":12481503.169034978,"upper_bound":12580287.637941075},"point_estimate":12529272.155428784,"standard_error":25377.97469629277},"Median":{"confidence_interval":{"confidence_level":0.95,"lower_bound":12388423.340643276,"upper_bound":12393120.352272727},"point_estimate":12390494.145833332,"standard_error":1152.4641552915007},"MedianAbsDev":{"confidence_interval":{"confidence_level":0.95,"lower_bound":7397.019651571072,"upper_bound":16130.279998629732},"point_estimate":11060.921308884948,"standard_error":2146.4828228310303},"Slope":{"confidence_interval":{"confidence_level":0.95,"lower_bound":12622290.382711174,"upper_bound":12778796.075047825},"point_estimate":12705532.799482783,"standard_error":39819.8662765862},"StdDev":{"confidence_interval":{"confidence_level":0.95,"lower_bound":210489.91068371164,"upper_bound":286537.54701988655},"point_estimate":254005.61610820092,"standard_error":19484.34857297491}}