{"Mean":{"confidence_interval":{"confidence_level":0.95,"lower_bound":12805647.608661061,"upper_bound":12956823.472037796},"point_estimate":12881294.510299439,"standard_error":38626.78867477093},"Median":{"confidence_interval":{"confidence_level":0.95,"lower_bound":12902055.855670104,"upper_bound":13114514.490196079},"point_estimate":13054145.793402778,"standard_error":62309.0047922881},"MedianAbsDev":{"confidence_interval":{"confidence_level":0.95,"lower_bound":201074.04115554978,"upper_bound":588266.8103254591},"point_estimate":324698.8152939139,"standard_error":97632.03556604449},"Slope":{"confidence_interval":{"confidence_level":0.95,"lower_bound":13092304.163531635,"upper_bound":13158812.322537614},"point_estimate":13127796.922216639,"standard_error":17034.35362509476},"StdDev":{"confidence_interval":{"confidence_level":0.95,"lower_bound":360069.6385813612,"upper_bound":407264.5665080844},"point_estimate":387546.0877299693,"standard_error":12004.495787737538}}