{"Mean":{"confidence_interval":{"confidence_level":0.95,"lower_bound":386151.1675163588,"upper_bound":405075.27117372275},"point_estimate":394607.159432372,"standard_error":4858.345891396197},"Median":{"confidence_interval":{"confidence_level":0.95,"lower_bound":370208.3481871345,"upper_bound":381026.90476190473},"point_estimate":380234.1101103538,"standard_error":3072.5258781025764},"MedianAbsDev":{"confidence_interval":{"confidence_level":0.95,"lower_bound":6611.22420350909,"upper_bound":21847.200628452712},"point_estimate":19418.33637486614,"standard_error":4093.8525443417343},"Slope":{"confidence_interval":{"confidence_level":0.95,"lower_bound":383803.7043231092,"upper_bound":392697.7812915441},"point_estimate":388119.9651563962,"standard_error":2271.759079656994},"StdDev":{"confidence_interval":{"confidence_level":0.95,"lower_bound":27066.798360829445,"upper_bound":71595.31934294432},"point_estimate":48861.82695056733,"standard_error":12973.102856366948}}