{"Mean":{"confidence_interval":{"confidence_level":0.95,"lower_bound":7578444.783668288,"upper_bound":7596692.274957331},"point_estimate":7586931.371960563,"standard_error":4640.089351888479},"Median":{"confidence_interval":{"confidence_level":0.95,"lower_bound":7573355.293560606,"upper_bound":7583706.511111111},"point_estimate":7577580.259706959,"standard_error":2264.519528349901},"MedianAbsDev":{"confidence_interval":{"confidence_level":0.95,"lower_bound":17764.725490400007,"upper_bound":32593.56749010939},"point_estimate":23435.781050469548,"standard_error":3797.7474018639123},"Slope":{"confidence_interval":{"confidence_level":0.95,"lower_bound":7577620.263825424,"upper_bound":7586494.819935557},"point_estimate":7582000.027660706,"standard_error":2263.5293295573993},"StdDev":{"confidence_interval":{"confidence_level":0.95,"lower_bound":31265.70877021035,"upper_bound":61317.130679539325},"point_estimate":46374.62040331809,"standard_error":7839.228531376041}}