{"Mean":{"confidence_interval":{"confidence_level":0.95,"lower_bound":8931.599192369056,"upper_bound":8940.654823667615},"point_estimate":8935.526647570749,"standard_error":2.332297228196107},"Median":{"confidence_interval":{"confidence_level":0.95,"lower_bound":8929.63360267484,"upper_bound":8931.997395472396},"point_estimate":8930.719204586896,"standard_error":0.6156951767408174},"MedianAbsDev":{"confidence_interval":{"confidence_level":0.95,"lower_bound":4.152973953955554,"upper_bound":8.256720362157093},"point_estimate":5.409893375384506,"standard_error":1.0112043417600824},"Slope":{"confidence_interval":{"confidence_level":0.95,"lower_bound":8929.291593277834,"upper_bound":8931.645697296412},"point_estimate":8930.441293851854,"standard_error":0.5993000718598873},"StdDev":{"confidence_interval":{"confidence_level":0.95,"lower_bound":10.854077328703715,"upper_bound":35.36312782316701},"point_estimate":23.319496349992335,"standard_error":7.0074941831038995}}