{"Mean":{"confidence_interval":{"confidence_level":0.95,"lower_bound":4154704.593679027,"upper_bound":4159898.375243082},"point_estimate":4156916.515735197,"standard_error":1341.5082533541859},"Median":{"confidence_interval":{"confidence_level":0.95,"lower_bound":4152813.406284607,"upper_bound":4154798.023255814},"point_estimate":4153753.217831893,"standard_error":561.6483150350653},"MedianAbsDev":{"confidence_interval":{"confidence_level":0.95,"lower_bound":2511.9782703588694,"upper_bound":4897.379862451913},"point_estimate":3261.7270020926944,"standard_error":620.9323439853728},"Slope":{"confidence_interval":{"confidence_level":0.95,"lower_bound":4153579.8458013907,"upper_bound":4159013.10992292},"point_estimate":4156115.298534062,"standard_error":1398.499175883289},"StdDev":{"confidence_interval":{"confidence_level":0.95,"lower_bound":5686.084449589349,"upper_bound":21031.692263540644},"point_estimate":13530.02821106584,"standard_error":4598.729762724645}}