{"Mean":{"confidence_interval":{"confidence_level":0.95,"lower_bound":39480.626522661994,"upper_bound":39549.58220724591},"point_estimate":39510.38249353445,"standard_error":17.86865818881845},"Median":{"confidence_interval":{"confidence_level":0.95,"lower_bound":39469.975576923076,"upper_bound":39483.53782051282},"point_estimate":39479.037749287745,"standard_error":3.026734189903877},"MedianAbsDev":{"confidence_interval":{"confidence_level":0.95,"lower_bound":22.837361584385828,"upper_bound":39.28159022221148},"point_estimate":29.69870070904253,"standard_error":4.041968474881981},"Slope":{"confidence_interval":{"confidence_level":0.95,"lower_bound":39468.30818194486,"upper_bound":39479.83936031395},"point_estimate":39473.858069022746,"standard_error":2.9506212575411395},"StdDev":{"confidence_interval":{"confidence_level":0.95,"lower_bound":56.005793417032635,"upper_bound":272.7274239930949},"point_estimate":179.80896467941557,"standard_error":57.005999174586634}}