{"Mean":{"confidence_interval":{"confidence_level":0.95,"lower_bound":57654.5318527615,"upper_bound":57664.0301829632},"point_estimate":57658.943768702324,"standard_error":2.437504812735902},"Median":{"confidence_interval":{"confidence_level":0.95,"lower_bound":57652.3476702509,"upper_bound":57658.18548387097},"point_estimate":57655.081666666665,"standard_error":1.6510414545670393},"MedianAbsDev":{"confidence_interval":{"confidence_level":0.95,"lower_bound":10.022791760051803,"upper_bound":16.934945131893553},"point_estimate":13.936612147924949,"standard_error":1.808155092335615},"Slope":{"confidence_interval":{"confidence_level":0.95,"lower_bound":57652.84159181764,"upper_bound":57657.449916117905},"point_estimate":57655.15875835345,"standard_error":1.1755248867320556},"StdDev":{"confidence_interval":{"confidence_level":0.95,"lower_bound":15.022841437932463,"upper_bound":32.6111486946718},"point_estimate":24.534955199160436,"standard_error":4.504150299809597}}