{"Mean":{"confidence_interval":{"confidence_level":0.95,"lower_bound":9196588.282757271,"upper_bound":9200976.383908471},"point_estimate":9198831.16185648,"standard_error":1119.4234163384638},"Median":{"confidence_interval":{"confidence_level":0.95,"lower_bound":9197212.2,"upper_bound":9199904.6378075},"point_estimate":9198601.482312338,"standard_error":625.86370074396},"MedianAbsDev":{"confidence_interval":{"confidence_level":0.95,"lower_bound":4389.421556306551,"upper_bound":8442.607995764847},"point_estimate":6807.220501368877,"standard_error":1068.6696526677197},"Slope":{"confidence_interval":{"confidence_level":0.95,"lower_bound":9197416.738023534,"upper_bound":9199792.062509526},"point_estimate":9198608.862979164,"standard_error":606.779217364398},"StdDev":{"confidence_interval":{"confidence_level":0.95,"lower_bound":6860.454032499899,"upper_bound":15501.328282984849},"point_estimate":11248.887869421911,"standard_error":2256.9118831022365}}