{"Mean":{"confidence_interval":{"confidence_level":0.95,"lower_bound":56016.64050821505,"upper_bound":56068.821399370514},"point_estimate":56038.80450502574,"standard_error":13.480487160194192},"Median":{"confidence_interval":{"confidence_level":0.95,"lower_bound":56011.010869565216,"upper_bound":56019.349074074074},"point_estimate":56015.710069444445,"standard_error":2.0982158688311006},"MedianAbsDev":{"confidence_interval":{"confidence_level":0.95,"lower_bound":17.209296946967125,"upper_bound":31.284265704753814},"point_estimate":22.956812870021356,"standard_error":3.3849760309114756},"Slope":{"confidence_interval":{"confidence_level":0.95,"lower_bound":56004.30295919415,"upper_bound":56016.30501661989},"point_estimate":56010.16497939346,"standard_error":3.052259911685335},"StdDev":{"confidence_interval":{"confidence_level":0.95,"lower_bound":32.18811640454485,"upper_bound":210.08279528478036},"point_estimate":136.51313804351705,"standard_error":46.22092209883372}}