{"Mean":{"confidence_interval":{"confidence_level":0.95,"lower_bound":51199.260812365304,"upper_bound":51330.86243809776},"point_estimate":51258.5444039131,"standard_error":33.77332250661634},"Median":{"confidence_interval":{"confidence_level":0.95,"lower_bound":51155.14095094931,"upper_bound":51163.889},"point_estimate":51157.824321665285,"standard_error":1.8977123940968494},"MedianAbsDev":{"confidence_interval":{"confidence_level":0.95,"lower_bound":16.80922660374974,"upper_bound":32.37343254330506},"point_estimate":23.798292320681437,"standard_error":3.8365711517823},"Slope":{"confidence_interval":{"confidence_level":0.95,"lower_bound":51162.80103918711,"upper_bound":51312.37594894578},"point_estimate":51228.478517807,"standard_error":38.0300344141147},"StdDev":{"confidence_interval":{"confidence_level":0.95,"lower_bound":167.52829191235313,"upper_bound":472.6772838975953},"point_estimate":339.478745017676,"standard_error":77.70427367746785}}