{"Mean":{"confidence_interval":{"confidence_level":0.95,"lower_bound":150290.5923544586,"upper_bound":150410.2402377735},"point_estimate":150341.37532685956,"standard_error":31.047619690215505},"Median":{"confidence_interval":{"confidence_level":0.95,"lower_bound":150255.93284493283,"upper_bound":150281.72431077695},"point_estimate":150267.36734693876,"standard_error":6.933846196677955},"MedianAbsDev":{"confidence_interval":{"confidence_level":0.95,"lower_bound":48.65625196886267,"upper_bound":82.91942120612869},"point_estimate":63.512840985486726,"standard_error":8.623237026195289},"Slope":{"confidence_interval":{"confidence_level":0.95,"lower_bound":150254.0769651335,"upper_bound":150287.1193839894},"point_estimate":150269.60858282843,"standard_error":8.42794397464187},"StdDev":{"confidence_interval":{"confidence_level":0.95,"lower_bound":103.08378871000058,"upper_bound":486.04535973378336},"point_estimate":312.08291611962863,"standard_error":104.47693111475746}}