{"Mean":{"confidence_interval":{"confidence_level":0.95,"lower_bound":1068704.4131427137,"upper_bound":1069635.9426139388},"point_estimate":1069101.8751117818,"standard_error":241.30270945211814},"Median":{"confidence_interval":{"confidence_level":0.95,"lower_bound":1068583.8503521127,"upper_bound":1068828.3205278593},"point_estimate":1068675.969645081,"standard_error":64.54560276820887},"MedianAbsDev":{"confidence_interval":{"confidence_level":0.95,"lower_bound":368.1594313805455,"upper_bound":633.944737838701},"point_estimate":465.0570685848557,"standard_error":70.05292932757274},"Slope":{"confidence_interval":{"confidence_level":0.95,"lower_bound":1068597.1958972097,"upper_bound":1068799.18841764},"point_estimate":1068695.247903059,"standard_error":51.53178299876587},"StdDev":{"confidence_interval":{"confidence_level":0.95,"lower_bound":702.6536173113165,"upper_bound":3698.9966193286086},"point_estimate":2431.4100819745404,"standard_error":796.9942797929333}}