{"Mean":{"confidence_interval":{"confidence_level":0.95,"lower_bound":4747648.4051412735,"upper_bound":4773402.961865688},"point_estimate":4756762.237076762,"standard_error":7773.27197178231},"Median":{"confidence_interval":{"confidence_level":0.95,"lower_bound":4745804.257142857,"upper_bound":4748884.997246022},"point_estimate":4747292.566207878,"standard_error":800.7334872375219},"MedianAbsDev":{"confidence_interval":{"confidence_level":0.95,"lower_bound":4214.075359454054,"upper_bound":7871.094649833373},"point_estimate":5997.864329868354,"standard_error":887.670280135981},"Slope":{"confidence_interval":{"confidence_level":0.95,"lower_bound":4746205.899053426,"upper_bound":4749161.61707246},"point_estimate":4747651.428458696,"standard_error":756.1461731987373},"StdDev":{"confidence_interval":{"confidence_level":0.95,"lower_bound":7078.226310094502,"upper_bound":133910.0869066697},"point_estimate":78384.90388416896,"standard_error":44910.9619288554}}