{"Mean":{"confidence_interval":{"confidence_level":0.95,"lower_bound":3047.487002424102,"upper_bound":3048.0285117066037},"point_estimate":3047.7430019713706,"standard_error":0.13761752201432834},"Median":{"confidence_interval":{"confidence_level":0.95,"lower_bound":3047.387870076659,"upper_bound":3047.839857142857},"point_estimate":3047.5018969536213,"standard_error":0.11078011002427869},"MedianAbsDev":{"confidence_interval":{"confidence_level":0.95,"lower_bound":0.6624822410126138,"upper_bound":0.9877274025826897},"point_estimate":0.8028008636178704,"standard_error":0.08186898879390472},"Slope":{"confidence_interval":{"confidence_level":0.95,"lower_bound":3047.262427653556,"upper_bound":3047.8219894156464},"point_estimate":3047.540909536097,"standard_error":0.141997574901125},"StdDev":{"confidence_interval":{"confidence_level":0.95,"lower_bound":0.9174344691104761,"upper_bound":1.85779100333622},"point_estimate":1.3819550479680736,"standard_error":0.247006584540436}}