{"Mean":{"confidence_interval":{"confidence_level":0.95,"lower_bound":3064.6814464125728,"upper_bound":3065.7711480783473},"point_estimate":3065.2037936212496,"standard_error":0.27839312806395755},"Median":{"confidence_interval":{"confidence_level":0.95,"lower_bound":3064.77665840179,"upper_bound":3065.114119466838},"point_estimate":3064.958788985067,"standard_error":0.09009450889213627},"MedianAbsDev":{"confidence_interval":{"confidence_level":0.95,"lower_bound":0.5888412543524326,"upper_bound":1.0589512020048453},"point_estimate":0.8368442844031672,"standard_error":0.12715680625792264},"Slope":{"confidence_interval":{"confidence_level":0.95,"lower_bound":3064.4945142407646,"upper_bound":3065.4493726282244},"point_estimate":3064.959161330057,"standard_error":0.24161715289677052},"StdDev":{"confidence_interval":{"confidence_level":0.95,"lower_bound":1.864621172476155,"upper_bound":3.623001749486511},"point_estimate":2.79937839684139,"standard_error":0.4498229261796384}}