{"Mean":{"confidence_interval":{"confidence_level":0.95,"lower_bound":225609.16614669678,"upper_bound":236951.34784583657},"point_estimate":230780.94393175084,"standard_error":2883.2750806166487},"Median":{"confidence_interval":{"confidence_level":0.95,"lower_bound":216914.69247311828,"upper_bound":232460.71147540983},"point_estimate":226431.88411907796,"standard_error":4817.474345375081},"MedianAbsDev":{"confidence_interval":{"confidence_level":0.95,"lower_bound":16284.756563249864,"upper_bound":27074.651239235136},"point_estimate":21256.7538661466,"standard_error":2738.282987304448},"Slope":{"confidence_interval":{"confidence_level":0.95,"lower_bound":223253.8101610237,"upper_bound":228836.5704259025},"point_estimate":226014.9111801389,"standard_error":1425.6352239716632},"StdDev":{"confidence_interval":{"confidence_level":0.95,"lower_bound":18290.212918615805,"upper_bound":41154.328847360914},"point_estimate":28954.231037889702,"standard_error":6795.179992830414}}