{"Mean":{"confidence_interval":{"confidence_level":0.95,"lower_bound":224407.5281773015,"upper_bound":232673.5597451559},"point_estimate":228425.0072765258,"standard_error":2109.848909085971},"Median":{"confidence_interval":{"confidence_level":0.95,"lower_bound":215181.1175,"upper_bound":227693.79545454544},"point_estimate":223745.01177905308,"standard_error":2698.350188518265},"MedianAbsDev":{"confidence_interval":{"confidence_level":0.95,"lower_bound":11058.113896650235,"upper_bound":22321.32820760514},"point_estimate":16952.25616082634,"standard_error":2665.3136302993717},"Slope":{"confidence_interval":{"confidence_level":0.95,"lower_bound":218422.1808263467,"upper_bound":223621.225352674},"point_estimate":220984.74984601742,"standard_error":1323.0180947371653},"StdDev":{"confidence_interval":{"confidence_level":0.95,"lower_bound":17482.70002966343,"upper_bound":24273.855582837336},"point_estimate":21121.35414983177,"standard_error":1731.9525137727762}}