{"Mean":{"confidence_interval":{"confidence_level":0.95,"lower_bound":1673414.1816552614,"upper_bound":1674065.518877511},"point_estimate":1673731.0767315167,"standard_error":166.45537836355945},"Median":{"confidence_interval":{"confidence_level":0.95,"lower_bound":1672903.0416666665,"upper_bound":1673317.6666666667},"point_estimate":1673110.423702314,"standard_error":113.34955401382543},"MedianAbsDev":{"confidence_interval":{"confidence_level":0.95,"lower_bound":526.6609731923143,"upper_bound":1160.2486091667593},"point_estimate":857.5320219555098,"standard_error":173.1609109554994},"Slope":{"confidence_interval":{"confidence_level":0.95,"lower_bound":1673930.7986937077,"upper_bound":1675007.8933881682},"point_estimate":1674491.187447909,"standard_error":275.86150547409756},"StdDev":{"confidence_interval":{"confidence_level":0.95,"lower_bound":1385.7546248987628,"upper_bound":1906.5800885533065},"point_estimate":1675.445716593924,"standard_error":132.98671227545586}}