{"Mean":{"confidence_interval":{"confidence_level":0.95,"lower_bound":37941240.845449775,"upper_bound":38019271.05743723},"point_estimate":37977575.04206817,"standard_error":19919.76759513034},"Median":{"confidence_interval":{"confidence_level":0.95,"lower_bound":37899337.0,"upper_bound":37906316.4},"point_estimate":37902529.34772727,"standard_error":1902.951150957532},"MedianAbsDev":{"confidence_interval":{"confidence_level":0.95,"lower_bound":13171.712056610068,"upper_bound":30388.063323764676},"point_estimate":21143.703627447492,"standard_error":4381.4796107622005},"Slope":{"confidence_interval":{"confidence_level":0.95,"lower_bound":37965730.73078256,"upper_bound":38144297.78850501},"point_estimate":38051827.200200975,"standard_error":45770.86694486438},"StdDev":{"confidence_interval":{"confidence_level":0.95,"lower_bound":132562.084144834,"upper_bound":253957.44315422754},"point_estimate":200168.18853375848,"standard_error":30942.17808496076}}