{"Mean":{"confidence_interval":{"confidence_level":0.95,"lower_bound":37898460.13015718,"upper_bound":37951274.70627766},"point_estimate":37922154.89637767,"standard_error":13578.740001044216},"Median":{"confidence_interval":{"confidence_level":0.95,"lower_bound":37888004.127272725,"upper_bound":37892723.130735934},"point_estimate":37890194.36394557,"standard_error":1154.1011512045332},"MedianAbsDev":{"confidence_interval":{"confidence_level":0.95,"lower_bound":7499.474883012887,"upper_bound":13106.452051379554},"point_estimate":10531.190066900683,"standard_error":1450.572957332954},"Slope":{"confidence_interval":{"confidence_level":0.95,"lower_bound":37896481.97107275,"upper_bound":37954735.79892881},"point_estimate":37921690.52411408,"standard_error":15015.561168513963},"StdDev":{"confidence_interval":{"confidence_level":0.95,"lower_bound":68338.01574449518,"upper_bound":186280.29730057935},"point_estimate":135986.63078509714,"standard_error":31662.812024905408}}