{"Mean":{"confidence_interval":{"confidence_level":0.95,"lower_bound":6778.286578028786,"upper_bound":6784.137273153339},"point_estimate":6780.998262995073,"standard_error":1.5007274989346278},"Median":{"confidence_interval":{"confidence_level":0.95,"lower_bound":6776.605007085498,"upper_bound":6779.685679513184},"point_estimate":6778.017849220753,"standard_error":0.7624631939088107},"MedianAbsDev":{"confidence_interval":{"confidence_level":0.95,"lower_bound":6.179620642753438,"upper_bound":11.049893350200879},"point_estimate":8.244923474312893,"standard_error":1.2261012184762736},"Slope":{"confidence_interval":{"confidence_level":0.95,"lower_bound":6777.646463794898,"upper_bound":6782.666988530467},"point_estimate":6779.983539917347,"standard_error":1.2813268426277482},"StdDev":{"confidence_interval":{"confidence_level":0.95,"lower_bound":9.244107699186191,"upper_bound":20.51295194349383},"point_estimate":15.158744800207346,"standard_error":2.9595861702388335}}