{"Mean":{"confidence_interval":{"confidence_level":0.95,"lower_bound":43663.20150348034,"upper_bound":43769.19899168256},"point_estimate":43704.54253117741,"standard_error":28.040307633684257},"Median":{"confidence_interval":{"confidence_level":0.95,"lower_bound":43653.27652621414,"upper_bound":43664.94279176201},"point_estimate":43658.185712338636,"standard_error":2.638395526339492},"MedianAbsDev":{"confidence_interval":{"confidence_level":0.95,"lower_bound":23.887774674726625,"upper_bound":39.85330236592926},"point_estimate":31.782664075454438,"standard_error":4.298752851128584},"Slope":{"confidence_interval":{"confidence_level":0.95,"lower_bound":43652.27504540646,"upper_bound":43663.341517598405},"point_estimate":43657.67210349458,"standard_error":2.8222221454463012},"StdDev":{"confidence_interval":{"confidence_level":0.95,"lower_bound":54.29588296739723,"upper_bound":465.10497521129076},"point_estimate":282.49874960271495,"standard_error":123.43707124086073}}