{"Mean":{"confidence_interval":{"confidence_level":0.95,"lower_bound":18433468.20806809,"upper_bound":18440474.774444904},"point_estimate":18436908.7697659,"standard_error":1782.8832323345239},"Median":{"confidence_interval":{"confidence_level":0.95,"lower_bound":18431468.666666668,"upper_bound":18438511.380824372},"point_estimate":18435204.916532904,"standard_error":1763.5435942462186},"MedianAbsDev":{"confidence_interval":{"confidence_level":0.95,"lower_bound":11890.498855565309,"upper_bound":20037.285175147095},"point_estimate":16260.39461965485,"standard_error":2032.8481077883278},"Slope":{"confidence_interval":{"confidence_level":0.95,"lower_bound":18432306.19300615,"upper_bound":18438634.13893487},"point_estimate":18435477.44625979,"standard_error":1613.9916715472289},"StdDev":{"confidence_interval":{"confidence_level":0.95,"lower_bound":14262.867177165483,"upper_bound":21834.227689550095},"point_estimate":17946.050153495165,"standard_error":1957.366107078507}}