{"Mean":{"confidence_interval":{"confidence_level":0.95,"lower_bound":18182.38278139388,"upper_bound":18188.8530242241},"point_estimate":18185.30673580741,"standard_error":1.6582328841455722},"Median":{"confidence_interval":{"confidence_level":0.95,"lower_bound":18179.9825974026,"upper_bound":18183.78787878788},"point_estimate":18182.033179550876,"standard_error":0.8762628792794575},"MedianAbsDev":{"confidence_interval":{"confidence_level":0.95,"lower_bound":5.338314677641533,"upper_bound":8.158642824850865},"point_estimate":7.316480921025915,"standard_error":0.7393753596240819},"Slope":{"confidence_interval":{"confidence_level":0.95,"lower_bound":18180.209671959947,"upper_bound":18182.60589994084},"point_estimate":18181.3815738947,"standard_error":0.6102589167549138},"StdDev":{"confidence_interval":{"confidence_level":0.95,"lower_bound":8.05340249296734,"upper_bound":23.189775927473878},"point_estimate":16.577993656218453,"standard_error":3.7643589156151482}}