{"Mean":{"confidence_interval":{"confidence_level":0.95,"lower_bound":13109.358268831738,"upper_bound":13125.714590462969},"point_estimate":13116.629247612924,"standard_error":4.196402102219801},"Median":{"confidence_interval":{"confidence_level":0.95,"lower_bound":13104.094545454545,"upper_bound":13109.027952069717},"point_estimate":13106.8223015873,"standard_error":1.2390140129382798},"MedianAbsDev":{"confidence_interval":{"confidence_level":0.95,"lower_bound":6.766050896545146,"upper_bound":12.82977548610193},"point_estimate":9.437699275459629,"standard_error":1.5180057731998309},"Slope":{"confidence_interval":{"confidence_level":0.95,"lower_bound":13109.113821786927,"upper_bound":13117.618613118093},"point_estimate":13113.418114930299,"standard_error":2.1728449438462563},"StdDev":{"confidence_interval":{"confidence_level":0.95,"lower_bound":18.8467997051058,"upper_bound":59.56160519222747},"point_estimate":42.178592029101026,"standard_error":10.23882273462665}}