{"Mean":{"confidence_interval":{"confidence_level":0.95,"lower_bound":502772.92497280176,"upper_bound":503112.08473682596},"point_estimate":502959.52869813115,"standard_error":86.84853616367731},"Median":{"confidence_interval":{"confidence_level":0.95,"lower_bound":503057.8734939759,"upper_bound":503178.2259615385},"point_estimate":503122.21875,"standard_error":33.00833110315795},"MedianAbsDev":{"confidence_interval":{"confidence_level":0.95,"lower_bound":171.30560195870856,"upper_bound":321.0251100431133},"point_estimate":223.65926636259988,"standard_error":39.07502373009381},"Slope":{"confidence_interval":{"confidence_level":0.95,"lower_bound":502614.38756931655,"upper_bound":503202.674719008},"point_estimate":502967.0033811142,"standard_error":155.95583018030965},"StdDev":{"confidence_interval":{"confidence_level":0.95,"lower_bound":339.9997101262954,"upper_bound":1279.938256694164},"point_estimate":872.2681966969424,"standard_error":233.74370685966608}}