{"Mean":{"confidence_interval":{"confidence_level":0.95,"lower_bound":54031403.69219726,"upper_bound":54442160.74087081},"point_estimate":54238100.21551912,"standard_error":105041.55262748693},"Median":{"confidence_interval":{"confidence_level":0.95,"lower_bound":53966079.47255319,"upper_bound":54757885.40909091},"point_estimate":54270479.275,"standard_error":213845.52595370068},"MedianAbsDev":{"confidence_interval":{"confidence_level":0.95,"lower_bound":977969.3829022776,"upper_bound":1778208.4172659002},"point_estimate":1351266.9477345543,"standard_error":225488.72189732705},"Slope":{"confidence_interval":{"confidence_level":0.95,"lower_bound":53668631.926155895,"upper_bound":54167207.10127953},"point_estimate":53918771.635826804,"standard_error":127120.37864420333},"StdDev":{"confidence_interval":{"confidence_level":0.95,"lower_bound":956085.4795629926,"upper_bound":1138511.0281375502},"point_estimate":1055677.300680809,"standard_error":46643.39698571894}}