{"Mean":{"confidence_interval":{"confidence_level":0.95,"lower_bound":54747192.08127542,"upper_bound":55207598.297614224},"point_estimate":54980866.395071365,"standard_error":117991.27275766223},"Median":{"confidence_interval":{"confidence_level":0.95,"lower_bound":55063233.802469134,"upper_bound":55475868.48354074},"point_estimate":55324640.37948718,"standard_error":109935.67612828076},"MedianAbsDev":{"confidence_interval":{"confidence_level":0.95,"lower_bound":644752.888143412,"upper_bound":1287866.8232891755},"point_estimate":882914.452354216,"standard_error":162977.25561304594},"Slope":{"confidence_interval":{"confidence_level":0.95,"lower_bound":54122706.48268157,"upper_bound":54799755.827787094},"point_estimate":54451360.69493128,"standard_error":173355.5614291219},"StdDev":{"confidence_interval":{"confidence_level":0.95,"lower_bound":1012913.0587292685,"upper_bound":1330820.8644314685},"point_estimate":1184820.244230634,"standard_error":81023.27478271152}}