{"Mean":{"confidence_interval":{"confidence_level":0.95,"lower_bound":39360.64155183222,"upper_bound":39417.85955558427},"point_estimate":39382.70991445616,"standard_error":15.341292199893827},"Median":{"confidence_interval":{"confidence_level":0.95,"lower_bound":39357.985159830045,"upper_bound":39372.1891025641},"point_estimate":39367.141322321026,"standard_error":3.982878400577995},"MedianAbsDev":{"confidence_interval":{"confidence_level":0.95,"lower_bound":21.095384408345,"upper_bound":34.74044700593788},"point_estimate":26.86951096527788,"standard_error":3.5184270803231663},"Slope":{"confidence_interval":{"confidence_level":0.95,"lower_bound":39356.10836547118,"upper_bound":39365.031525877734},"point_estimate":39360.51798911005,"standard_error":2.277628162983964},"StdDev":{"confidence_interval":{"confidence_level":0.95,"lower_bound":36.50865469715381,"upper_bound":256.7294118693139},"point_estimate":154.4806219872956,"standard_error":72.12685295868474}}