{"Mean":{"confidence_interval":{"confidence_level":0.95,"lower_bound":39355.24235691376,"upper_bound":39426.467274863884},"point_estimate":39388.594228121015,"standard_error":18.204518526109986},"Median":{"confidence_interval":{"confidence_level":0.95,"lower_bound":39319.21445221445,"upper_bound":39362.062078272604},"point_estimate":39332.68332128115,"standard_error":9.610969469116537},"MedianAbsDev":{"confidence_interval":{"confidence_level":0.95,"lower_bound":55.44901329305968,"upper_bound":96.40771361107466},"point_estimate":78.77861363636558,"standard_error":10.375357235001903},"Slope":{"confidence_interval":{"confidence_level":0.95,"lower_bound":39306.44563706566,"upper_bound":39336.22281785793},"point_estimate":39320.68527833036,"standard_error":7.5988694827787215},"StdDev":{"confidence_interval":{"confidence_level":0.95,"lower_bound":121.03015406717134,"upper_bound":234.740095671421},"point_estimate":182.85884495721393,"standard_error":28.983462909861256}}