{"Mean":{"confidence_interval":{"confidence_level":0.95,"lower_bound":456248.7281605124,"upper_bound":456641.4038191015},"point_estimate":456394.0661978604,"standard_error":109.59602252837414},"Median":{"confidence_interval":{"confidence_level":0.95,"lower_bound":456243.26626580325,"upper_bound":456294.424134149},"point_estimate":456271.70889908844,"standard_error":12.345081710350014},"MedianAbsDev":{"confidence_interval":{"confidence_level":0.95,"lower_bound":74.14752254656302,"upper_bound":158.48058381035023},"point_estimate":103.47427424992799,"standard_error":21.81645699938536},"Slope":{"confidence_interval":{"confidence_level":0.95,"lower_bound":456249.55890879536,"upper_bound":456320.0527667566},"point_estimate":456280.0887059751,"standard_error":18.15508419637881},"StdDev":{"confidence_interval":{"confidence_level":0.95,"lower_bound":186.9976404196434,"upper_bound":1856.5754814233653},"point_estimate":1100.5109225672072,"standard_error":565.9841305882331}}