{"Mean":{"confidence_interval":{"confidence_level":0.95,"lower_bound":455079.5214492482,"upper_bound":455314.0554174869},"point_estimate":455201.7806205724,"standard_error":59.72702863031889},"Median":{"confidence_interval":{"confidence_level":0.95,"lower_bound":455253.3705882353,"upper_bound":455420.9666666667},"point_estimate":455327.95056980057,"standard_error":37.56439644703828},"MedianAbsDev":{"confidence_interval":{"confidence_level":0.95,"lower_bound":201.81351193064907,"upper_bound":313.05922110872956},"point_estimate":243.73486665210436,"standard_error":27.302636942839726},"Slope":{"confidence_interval":{"confidence_level":0.95,"lower_bound":454841.83861791284,"upper_bound":455197.0961750216},"point_estimate":455018.11519728095,"standard_error":90.74524573308817},"StdDev":{"confidence_interval":{"confidence_level":0.95,"lower_bound":442.8570194357474,"upper_bound":737.0340775594742},"point_estimate":601.1721073378491,"standard_error":75.23118663405775}}