{"Mean":{"confidence_interval":{"confidence_level":0.95,"lower_bound":242.5241520045934,"upper_bound":242.69131976732604},"point_estimate":242.58579459357446,"standard_error":0.04683639355321455},"Median":{"confidence_interval":{"confidence_level":0.95,"lower_bound":242.5142986457034,"upper_bound":242.5315140462676},"point_estimate":242.52163642347426,"standard_error":0.004934352224232333},"MedianAbsDev":{"confidence_interval":{"confidence_level":0.95,"lower_bound":0.028781379597323273,"upper_bound":0.04660593900378355},"point_estimate":0.036992831730904174,"standard_error":0.004663941198781198},"Slope":{"confidence_interval":{"confidence_level":0.95,"lower_bound":242.5144503274089,"upper_bound":242.54311728887433},"point_estimate":242.5262477028879,"standard_error":0.007351479153641447},"StdDev":{"confidence_interval":{"confidence_level":0.95,"lower_bound":0.06225095090499275,"upper_bound":0.792690298296965},"point_estimate":0.4697302870955723,"standard_error":0.24195300187242916}}