{"Mean":{"confidence_interval":{"confidence_level":0.95,"lower_bound":260.84686539767944,"upper_bound":260.8874889384299},"point_estimate":260.8687486089659,"standard_error":0.010410756724777486},"Median":{"confidence_interval":{"confidence_level":0.95,"lower_bound":260.8588883232286,"upper_bound":260.8782817970269},"point_estimate":260.8695760034223,"standard_error":0.004112781702805208},"MedianAbsDev":{"confidence_interval":{"confidence_level":0.95,"lower_bound":0.03452415625602747,"upper_bound":0.06022200260252887},"point_estimate":0.04457260139482634,"standard_error":0.006276999889804761},"Slope":{"confidence_interval":{"confidence_level":0.95,"lower_bound":260.8769301592677,"upper_bound":260.901454832211},"point_estimate":260.8885338867976,"standard_error":0.006270029458262298},"StdDev":{"confidence_interval":{"confidence_level":0.95,"lower_bound":0.06202266307510401,"upper_bound":0.1513460728037818},"point_estimate":0.10454428389815942,"standard_error":0.025613744589114286}}