{"Mean":{"confidence_interval":{"confidence_level":0.95,"lower_bound":2828454.844168774,"upper_bound":2829696.956941713},"point_estimate":2829052.2724883854,"standard_error":315.6591360309357},"Median":{"confidence_interval":{"confidence_level":0.95,"lower_bound":2828292.536082474,"upper_bound":2829139.25},"point_estimate":2828639.860632184,"standard_error":208.34872934239002},"MedianAbsDev":{"confidence_interval":{"confidence_level":0.95,"lower_bound":1276.2290397598872,"upper_bound":2130.735331760848},"point_estimate":1556.5045470716245,"standard_error":214.90239818456308},"Slope":{"confidence_interval":{"confidence_level":0.95,"lower_bound":2827993.5897934125,"upper_bound":2828623.202779526},"point_estimate":2828309.170131521,"standard_error":159.93003498677774},"StdDev":{"confidence_interval":{"confidence_level":0.95,"lower_bound":2074.2294532180345,"upper_bound":4194.105126805173},"point_estimate":3169.054854421495,"standard_error":547.1397317483002}}