{"Mean":{"confidence_interval":{"confidence_level":0.95,"lower_bound":15872.412810163658,"upper_bound":15879.48743653712},"point_estimate":15875.620934827826,"standard_error":1.8095613505974637},"Median":{"confidence_interval":{"confidence_level":0.95,"lower_bound":15872.907758341433,"upper_bound":15875.176719576719},"point_estimate":15873.932283282733,"standard_error":0.6136354312691066},"MedianAbsDev":{"confidence_interval":{"confidence_level":0.95,"lower_bound":3.838466367038438,"upper_bound":6.742817860592046},"point_estimate":5.147960155518568,"standard_error":0.7284158007237073},"Slope":{"confidence_interval":{"confidence_level":0.95,"lower_bound":15869.741886953401,"upper_bound":15874.925879919596},"point_estimate":15872.391294447141,"standard_error":1.3214790277803676},"StdDev":{"confidence_interval":{"confidence_level":0.95,"lower_bound":9.886595662447222,"upper_bound":26.55113490513539},"point_estimate":18.18898954395001,"standard_error":4.537976216221588}}