{"Mean":{"confidence_interval":{"confidence_level":0.95,"lower_bound":143785.88684817412,"upper_bound":143825.16376055693},"point_estimate":143804.8977609275,"standard_error":10.002109105679008},"Median":{"confidence_interval":{"confidence_level":0.95,"lower_bound":143767.7142857143,"upper_bound":143799.88095238095},"point_estimate":143780.62052233482,"standard_error":6.814554225209852},"MedianAbsDev":{"confidence_interval":{"confidence_level":0.95,"lower_bound":46.08468038373076,"upper_bound":83.34851621761567},"point_estimate":69.5980592332237,"standard_error":9.502173939783459},"Slope":{"confidence_interval":{"confidence_level":0.95,"lower_bound":143763.63902473732,"upper_bound":143788.34531179228},"point_estimate":143775.60611412526,"standard_error":6.299850004498722},"StdDev":{"confidence_interval":{"confidence_level":0.95,"lower_bound":78.87955822300553,"upper_bound":120.03074603624452},"point_estimate":100.55255869818947,"standard_error":10.494888019964339}}