{"Mean":{"confidence_interval":{"confidence_level":0.95,"lower_bound":5091460.947716164,"upper_bound":5165603.648168182},"point_estimate":5121130.2799974615,"standard_error":19457.10796730984},"Median":{"confidence_interval":{"confidence_level":0.95,"lower_bound":5082407.125,"upper_bound":5091971.326754386},"point_estimate":5087960.735897436,"standard_error":2405.45301792232},"MedianAbsDev":{"confidence_interval":{"confidence_level":0.95,"lower_bound":13468.677817201957,"upper_bound":20927.790220883282},"point_estimate":16266.08171013794,"standard_error":1915.0957833854216},"Slope":{"confidence_interval":{"confidence_level":0.95,"lower_bound":5085132.479183795,"upper_bound":5093207.561234543},"point_estimate":5089088.332596424,"standard_error":2058.5357059574076},"StdDev":{"confidence_interval":{"confidence_level":0.95,"lower_bound":40218.15771088819,"upper_bound":318399.8834022581},"point_estimate":195716.6437682843,"standard_error":80586.15661697362}}