{"Mean":{"confidence_interval":{"confidence_level":0.95,"lower_bound":149831.72180759287,"upper_bound":151365.53055755704},"point_estimate":150489.92273328008,"standard_error":395.4247981617401},"Median":{"confidence_interval":{"confidence_level":0.95,"lower_bound":149199.42097975552,"upper_bound":149907.06907378335},"point_estimate":149625.45327988337,"standard_error":239.3154720639858},"MedianAbsDev":{"confidence_interval":{"confidence_level":0.95,"lower_bound":1033.256971765906,"upper_bound":2388.6693663641568},"point_estimate":1542.1031571314486,"standard_error":326.17794989130806},"Slope":{"confidence_interval":{"confidence_level":0.95,"lower_bound":149156.24627014255,"upper_bound":149687.87578811118},"point_estimate":149404.40862336126,"standard_error":135.6072665070463},"StdDev":{"confidence_interval":{"confidence_level":0.95,"lower_bound":1660.394097526846,"upper_bound":6165.125678843222},"point_estimate":3991.023409171251,"standard_error":1273.8618886936704}}