{"Mean":{"confidence_interval":{"confidence_level":0.95,"lower_bound":8311.00894181603,"upper_bound":8312.754465138569},"point_estimate":8311.74615164411,"standard_error":0.4550655302014122},"Median":{"confidence_interval":{"confidence_level":0.95,"lower_bound":8310.694444444445,"upper_bound":8311.075396825398},"point_estimate":8310.94981074481,"standard_error":0.10858276064963862},"MedianAbsDev":{"confidence_interval":{"confidence_level":0.95,"lower_bound":0.5511642272983116,"upper_bound":0.9574673258383768},"point_estimate":0.7770509340079031,"standard_error":0.10373373140100338},"Slope":{"confidence_interval":{"confidence_level":0.95,"lower_bound":8310.899811517444,"upper_bound":8313.66671466576},"point_estimate":8311.83827252352,"standard_error":0.7841297769859581},"StdDev":{"confidence_interval":{"confidence_level":0.95,"lower_bound":1.607622167349615,"upper_bound":7.28003346676511},"point_estimate":4.589796997915142,"standard_error":1.6786413012432158}}