{"Mean":{"confidence_interval":{"confidence_level":0.95,"lower_bound":73866.5912278152,"upper_bound":73984.22911220616},"point_estimate":73925.78439393887,"standard_error":29.834151632305357},"Median":{"confidence_interval":{"confidence_level":0.95,"lower_bound":73855.89873399796,"upper_bound":73966.40362394958},"point_estimate":73913.017920094,"standard_error":32.387038002708636},"MedianAbsDev":{"confidence_interval":{"confidence_level":0.95,"lower_bound":161.94931316553453,"upper_bound":253.6117880551326},"point_estimate":190.8828593453611,"standard_error":23.16346172307393},"Slope":{"confidence_interval":{"confidence_level":0.95,"lower_bound":73909.07762971331,"upper_bound":74018.06839508163},"point_estimate":73965.33471342018,"standard_error":27.740442620574537},"StdDev":{"confidence_interval":{"confidence_level":0.95,"lower_bound":200.9897448365491,"upper_bound":399.0835013009594},"point_estimate":301.143642919315,"standard_error":51.202678175456604}}