{"Mean":{"confidence_interval":{"confidence_level":0.95,"lower_bound":73833.26696390263,"upper_bound":73977.79768431593},"point_estimate":73905.38308090655,"standard_error":36.94115981988905},"Median":{"confidence_interval":{"confidence_level":0.95,"lower_bound":73886.52346938776,"upper_bound":73995.41114982578},"point_estimate":73944.01677270098,"standard_error":28.142092885980727},"MedianAbsDev":{"confidence_interval":{"confidence_level":0.95,"lower_bound":149.28924077606393,"upper_bound":259.54014691087275},"point_estimate":204.12020722338485,"standard_error":28.181546059736327},"Slope":{"confidence_interval":{"confidence_level":0.95,"lower_bound":73932.2876087488,"upper_bound":74031.80090473166},"point_estimate":73984.3789381241,"standard_error":25.39393446016785},"StdDev":{"confidence_interval":{"confidence_level":0.95,"lower_bound":261.2621913007306,"upper_bound":471.66185974604747},"point_estimate":371.9935414112888,"standard_error":53.600959258031054}}