{"Mean":{"confidence_interval":{"confidence_level":0.95,"lower_bound":2570.873154120688,"upper_bound":2573.009660086537},"point_estimate":2571.8530564341154,"standard_error":0.5482101900500707},"Median":{"confidence_interval":{"confidence_level":0.95,"lower_bound":2569.1865885499587,"upper_bound":2570.2743587774535},"point_estimate":2569.457562859902,"standard_error":0.32525815941431224},"MedianAbsDev":{"confidence_interval":{"confidence_level":0.95,"lower_bound":0.6980232600975748,"upper_bound":2.3547787114313894},"point_estimate":1.156314613935913,"standard_error":0.4529293142513205},"Slope":{"confidence_interval":{"confidence_level":0.95,"lower_bound":2570.342376452606,"upper_bound":2572.0056309245415},"point_estimate":2571.1129387933534,"standard_error":0.42483442111284647},"StdDev":{"confidence_interval":{"confidence_level":0.95,"lower_bound":3.3346168526798143,"upper_bound":7.620900861796363},"point_estimate":5.520231998923186,"standard_error":1.1204877968751468}}