{"Mean":{"confidence_interval":{"confidence_level":0.95,"lower_bound":2504.7811815434966,"upper_bound":2505.7341242491243},"point_estimate":2505.200965296732,"standard_error":0.24403302172771435},"Median":{"confidence_interval":{"confidence_level":0.95,"lower_bound":2504.4658804738974,"upper_bound":2504.9719306615775},"point_estimate":2504.589909889227,"standard_error":0.11630307377647231},"MedianAbsDev":{"confidence_interval":{"confidence_level":0.95,"lower_bound":0.6064246802300778,"upper_bound":1.061241220984584},"point_estimate":0.7511260828836248,"standard_error":0.11848760210182262},"Slope":{"confidence_interval":{"confidence_level":0.95,"lower_bound":2504.5912889913006,"upper_bound":2505.0065668879165},"point_estimate":2504.7851670526516,"standard_error":0.10621570130086275},"StdDev":{"confidence_interval":{"confidence_level":0.95,"lower_bound":1.0624944656472997,"upper_bound":3.606493729387005},"point_estimate":2.456623298406793,"standard_error":0.6643860719528029}}