{"Mean":{"confidence_interval":{"confidence_level":0.95,"lower_bound":105484.736610662,"upper_bound":106880.32119262191},"point_estimate":105957.53119302988,"standard_error":451.1897596943308},"Median":{"confidence_interval":{"confidence_level":0.95,"lower_bound":105450.18229098091,"upper_bound":105473.67826086956},"point_estimate":105462.87948245613,"standard_error":6.022554403201512},"MedianAbsDev":{"confidence_interval":{"confidence_level":0.95,"lower_bound":40.54503620326194,"upper_bound":79.17908284618669},"point_estimate":53.266678216489524,"standard_error":10.329512515440017},"Slope":{"confidence_interval":{"confidence_level":0.95,"lower_bound":105462.7675821994,"upper_bound":105512.1003861453},"point_estimate":105484.67283818532,"standard_error":12.703781315272275},"StdDev":{"confidence_interval":{"confidence_level":0.95,"lower_bound":117.05208881970735,"upper_bound":7750.028688313206},"point_estimate":4520.299315874298,"standard_error":2774.0400933451747}}