{"Mean":{"confidence_interval":{"confidence_level":0.95,"lower_bound":105386.25842333114,"upper_bound":105418.12112052192},"point_estimate":105399.99812758534,"standard_error":8.215889724827324},"Median":{"confidence_interval":{"confidence_level":0.95,"lower_bound":105380.49497126436,"upper_bound":105399.7225},"point_estimate":105387.57279411764,"standard_error":5.421980878484633},"MedianAbsDev":{"confidence_interval":{"confidence_level":0.95,"lower_bound":24.82337294086575,"upper_bound":37.181068092302354},"point_estimate":30.77850054692501,"standard_error":3.011974427235491},"Slope":{"confidence_interval":{"confidence_level":0.95,"lower_bound":105373.55885225823,"upper_bound":105384.65332547981},"point_estimate":105378.91727087335,"standard_error":2.830184516762015},"StdDev":{"confidence_interval":{"confidence_level":0.95,"lower_bound":31.060490469638218,"upper_bound":127.72620814198496},"point_estimate":82.57436517954999,"standard_error":26.391549202230543}}