{"Mean":{"confidence_interval":{"confidence_level":0.95,"lower_bound":4257393.394013677,"upper_bound":4258361.194004581},"point_estimate":4257862.938047781,"standard_error":246.7549199740657},"Median":{"confidence_interval":{"confidence_level":0.95,"lower_bound":4257011.829104478,"upper_bound":4257874.263157895},"point_estimate":4257408.853296703,"standard_error":200.2713421693086},"MedianAbsDev":{"confidence_interval":{"confidence_level":0.95,"lower_bound":1290.9737023588775,"upper_bound":2196.569570815908},"point_estimate":1693.9658442370924,"standard_error":257.00273530227463},"Slope":{"confidence_interval":{"confidence_level":0.95,"lower_bound":4256866.799006021,"upper_bound":4257498.504196137},"point_estimate":4257182.434419979,"standard_error":160.9903822013065},"StdDev":{"confidence_interval":{"confidence_level":0.95,"lower_bound":1959.6557349369498,"upper_bound":2941.465843418965},"point_estimate":2472.290501618188,"standard_error":250.73127859124202}}