{"Mean":{"confidence_interval":{"confidence_level":0.95,"lower_bound":48547.77819352775,"upper_bound":48633.00632876804},"point_estimate":48578.96388624383,"standard_error":24.126138071434607},"Median":{"confidence_interval":{"confidence_level":0.95,"lower_bound":48538.87528344671,"upper_bound":48545.704433497536},"point_estimate":48542.61408224004,"standard_error":1.6385012864890265},"MedianAbsDev":{"confidence_interval":{"confidence_level":0.95,"lower_bound":8.960376176289357,"upper_bound":18.38313746192538},"point_estimate":14.081809308012488,"standard_error":2.552814106332593},"Slope":{"confidence_interval":{"confidence_level":0.95,"lower_bound":48538.950849119545,"upper_bound":48547.23462001821},"point_estimate":48542.620236863775,"standard_error":2.1207661878536777},"StdDev":{"confidence_interval":{"confidence_level":0.95,"lower_bound":26.615169650452646,"upper_bound":412.13151546872365},"point_estimate":243.4220156122011,"standard_error":128.2163480431818}}