{"Mean":{"confidence_interval":{"confidence_level":0.95,"lower_bound":38007.75363630985,"upper_bound":38035.44998723213},"point_estimate":38018.557782153504,"standard_error":7.326910209360679},"Median":{"confidence_interval":{"confidence_level":0.95,"lower_bound":38000.05156104018,"upper_bound":38008.37865655471},"point_estimate":38004.09412548,"standard_error":2.147597171509965},"MedianAbsDev":{"confidence_interval":{"confidence_level":0.95,"lower_bound":10.81099964144118,"upper_bound":20.472075254616886},"point_estimate":14.485227821937507,"standard_error":2.40659781235873},"Slope":{"confidence_interval":{"confidence_level":0.95,"lower_bound":37999.42626636204,"upper_bound":38014.062713468775},"point_estimate":38005.495771333735,"standard_error":3.821521145673472},"StdDev":{"confidence_interval":{"confidence_level":0.95,"lower_bound":20.970674288636452,"upper_bound":120.58112392995797},"point_estimate":73.55068103928532,"standard_error":32.2457231452293}}