{"Mean":{"confidence_interval":{"confidence_level":0.95,"lower_bound":55911.635522157114,"upper_bound":55950.87565331382},"point_estimate":55928.55996296496,"standard_error":10.101121481090415},"Median":{"confidence_interval":{"confidence_level":0.95,"lower_bound":55901.150284900286,"upper_bound":55916.00292397661},"point_estimate":55908.538200379866,"standard_error":4.514615566958785},"MedianAbsDev":{"confidence_interval":{"confidence_level":0.95,"lower_bound":25.262706032977043,"upper_bound":42.297670022010834},"point_estimate":34.07515179403281,"standard_error":4.127192212213039},"Slope":{"confidence_interval":{"confidence_level":0.95,"lower_bound":55900.21541211919,"upper_bound":55912.518075626496},"point_estimate":55906.21424182717,"standard_error":3.1543606956190953},"StdDev":{"confidence_interval":{"confidence_level":0.95,"lower_bound":38.101840867951495,"upper_bound":155.07249262390243},"point_estimate":101.4768988410615,"standard_error":31.46599461855345}}