{"Mean":{"confidence_interval":{"confidence_level":0.95,"lower_bound":4136.997698689556,"upper_bound":4158.474622266662},"point_estimate":4144.640698287849,"standard_error":6.313687765664345},"Median":{"confidence_interval":{"confidence_level":0.95,"lower_bound":4136.804609929078,"upper_bound":4137.619715298142},"point_estimate":4137.357625534189,"standard_error":0.21699553474417344},"MedianAbsDev":{"confidence_interval":{"confidence_level":0.95,"lower_bound":0.8924545583516624,"upper_bound":1.5914467297581847},"point_estimate":1.2722516766011163,"standard_error":0.18327518782046912},"Slope":{"confidence_interval":{"confidence_level":0.95,"lower_bound":4136.190954935327,"upper_bound":4137.134011510592},"point_estimate":4136.637850376828,"standard_error":0.23952265682211715},"StdDev":{"confidence_interval":{"confidence_level":0.95,"lower_bound":2.93096657850854,"upper_bound":108.35559413170913},"point_estimate":63.61680544366117,"standard_error":35.69415840940661}}