{"Mean":{"confidence_interval":{"confidence_level":0.95,"lower_bound":10859.919124424907,"upper_bound":10870.347925896052},"point_estimate":10864.817865830852,"standard_error":2.6503908428028904},"Median":{"confidence_interval":{"confidence_level":0.95,"lower_bound":10858.34987009115,"upper_bound":10868.234478021977},"point_estimate":10862.189917758147,"standard_error":2.593294166679834},"MedianAbsDev":{"confidence_interval":{"confidence_level":0.95,"lower_bound":14.838964653715477,"upper_bound":23.9132590035275},"point_estimate":20.375733832586377,"standard_error":2.3477046984217447},"Slope":{"confidence_interval":{"confidence_level":0.95,"lower_bound":10858.741211261551,"upper_bound":10865.793329266202},"point_estimate":10862.337509731291,"standard_error":1.8025680679706422},"StdDev":{"confidence_interval":{"confidence_level":0.95,"lower_bound":17.15790792123222,"upper_bound":35.08842812026004},"point_estimate":26.556623440667792,"standard_error":4.646069612105284}}