{"Mean":{"confidence_interval":{"confidence_level":0.95,"lower_bound":12001.321147084891,"upper_bound":12020.506885632794},"point_estimate":12009.371417087132,"standard_error":4.970436712013434},"Median":{"confidence_interval":{"confidence_level":0.95,"lower_bound":11996.765957446809,"upper_bound":12000.522201449476},"point_estimate":11998.653593179626,"standard_error":1.0111532740817155},"MedianAbsDev":{"confidence_interval":{"confidence_level":0.95,"lower_bound":6.91302257331625,"upper_bound":13.122532147459829},"point_estimate":10.701744271724035,"standard_error":1.61712111256374},"Slope":{"confidence_interval":{"confidence_level":0.95,"lower_bound":11995.454682343428,"upper_bound":11998.938127991465},"point_estimate":11997.11526418961,"standard_error":0.8844776973024614},"StdDev":{"confidence_interval":{"confidence_level":0.95,"lower_bound":15.965299297895815,"upper_bound":78.64360597435244},"point_estimate":49.83636743498357,"standard_error":17.355363551674664}}