{"Mean":{"confidence_interval":{"confidence_level":0.95,"lower_bound":39690.46001249262,"upper_bound":39700.88928194096},"point_estimate":39694.80530590182,"standard_error":2.709153718630114},"Median":{"confidence_interval":{"confidence_level":0.95,"lower_bound":39688.513208430915,"upper_bound":39691.458164422394},"point_estimate":39689.86183908046,"standard_error":0.8037421402879963},"MedianAbsDev":{"confidence_interval":{"confidence_level":0.95,"lower_bound":3.7542873083432684,"upper_bound":6.627694533896615},"point_estimate":5.059750223171377,"standard_error":0.755048019529897},"Slope":{"confidence_interval":{"confidence_level":0.95,"lower_bound":39688.428250804165,"upper_bound":39694.34560055495},"point_estimate":39690.65503567312,"standard_error":1.5832777256869417},"StdDev":{"confidence_interval":{"confidence_level":0.95,"lower_bound":8.902806361391937,"upper_bound":43.474836111606436},"point_estimate":27.303481186431355,"standard_error":10.117353623169336}}