{"Mean":{"confidence_interval":{"confidence_level":0.95,"lower_bound":3128374.5150099066,"upper_bound":3138756.82249787},"point_estimate":3133463.9924098556,"standard_error":2653.203715388382},"Median":{"confidence_interval":{"confidence_level":0.95,"lower_bound":3116391.365449805,"upper_bound":3119463.346590909},"point_estimate":3117859.05,"standard_error":796.7617188980266},"MedianAbsDev":{"confidence_interval":{"confidence_level":0.95,"lower_bound":3660.5816021169185,"upper_bound":9568.762005120285},"point_estimate":6058.946514537153,"standard_error":1612.9603117454008},"Slope":{"confidence_interval":{"confidence_level":0.95,"lower_bound":3145597.8806938133,"upper_bound":3159563.3137925905},"point_estimate":3153216.0905512045,"standard_error":3571.620165894774},"StdDev":{"confidence_interval":{"confidence_level":0.95,"lower_bound":23579.97919671756,"upper_bound":28783.390954302493},"point_estimate":26724.415726617844,"standard_error":1337.7938892111251}}