{"Mean":{"confidence_interval":{"confidence_level":0.95,"lower_bound":1253194.5986865198,"upper_bound":1253788.3014719367},"point_estimate":1253468.4993807361,"standard_error":152.09417933957926},"Median":{"confidence_interval":{"confidence_level":0.95,"lower_bound":1253148.4327301336,"upper_bound":1253510.414893617},"point_estimate":1253371.3444444444,"standard_error":89.66309334194034},"MedianAbsDev":{"confidence_interval":{"confidence_level":0.95,"lower_bound":553.3725041806515,"upper_bound":920.0390310053315},"point_estimate":722.124855582371,"standard_error":94.9195621735117},"Slope":{"confidence_interval":{"confidence_level":0.95,"lower_bound":1253213.1484524154,"upper_bound":1253613.4416604505},"point_estimate":1253396.1085503178,"standard_error":102.27577956284686},"StdDev":{"confidence_interval":{"confidence_level":0.95,"lower_bound":861.8598124066198,"upper_bound":2143.0448109182526},"point_estimate":1527.192570951014,"standard_error":336.0336764341189}}