{"Mean":{"confidence_interval":{"confidence_level":0.95,"lower_bound":1254045.8318824281,"upper_bound":1254531.8292922801},"point_estimate":1254283.0991276468,"standard_error":124.04284584734162},"Median":{"confidence_interval":{"confidence_level":0.95,"lower_bound":1253856.8636363635,"upper_bound":1254548.96875},"point_estimate":1254179.053030303,"standard_error":166.70521924616625},"MedianAbsDev":{"confidence_interval":{"confidence_level":0.95,"lower_bound":847.2121976645911,"upper_bound":1306.246607578501},"point_estimate":1058.5996925267405,"standard_error":115.13455176782735},"Slope":{"confidence_interval":{"confidence_level":0.95,"lower_bound":1254241.4384414754,"upper_bound":1254679.5613013885},"point_estimate":1254457.477218856,"standard_error":111.20019831497562},"StdDev":{"confidence_interval":{"confidence_level":0.95,"lower_bound":992.0536342166197,"upper_bound":1488.39731510852},"point_estimate":1245.6903859574911,"standard_error":127.51074242298311}}