{"Mean":{"confidence_interval":{"confidence_level":0.95,"lower_bound":2179.920029538457,"upper_bound":2180.299949171278},"point_estimate":2180.102473560009,"standard_error":0.09706847297334747},"Median":{"confidence_interval":{"confidence_level":0.95,"lower_bound":2179.588937836515,"upper_bound":2179.8905803396},"point_estimate":2179.7295996213943,"standard_error":0.07129170229492858},"MedianAbsDev":{"confidence_interval":{"confidence_level":0.95,"lower_bound":0.3238276191888588,"upper_bound":0.7059741549545038},"point_estimate":0.49660241133662564,"standard_error":0.09502433289401749},"Slope":{"confidence_interval":{"confidence_level":0.95,"lower_bound":2179.7254226808673,"upper_bound":2180.2058913099195},"point_estimate":2179.9494166299396,"standard_error":0.12321616066724486},"StdDev":{"confidence_interval":{"confidence_level":0.95,"lower_bound":0.7576832561122151,"upper_bound":1.1644751996504383},"point_estimate":0.9753480877201965,"standard_error":0.1038783600995357}}