{"Mean":{"confidence_interval":{"confidence_level":0.95,"lower_bound":86122.41642984594,"upper_bound":87296.00150805003},"point_estimate":86602.81632665246,"standard_error":307.79170863533824},"Median":{"confidence_interval":{"confidence_level":0.95,"lower_bound":85854.28031517094,"upper_bound":86096.18406593407},"point_estimate":85978.12856240981,"standard_error":68.47004701186484},"MedianAbsDev":{"confidence_interval":{"confidence_level":0.95,"lower_bound":285.60286822499575,"upper_bound":470.3908088310391},"point_estimate":380.10332550957696,"standard_error":47.999698874341256},"Slope":{"confidence_interval":{"confidence_level":0.95,"lower_bound":85848.0910421543,"upper_bound":86657.58373318567},"point_estimate":86144.2262363923,"standard_error":216.86902112473257},"StdDev":{"confidence_interval":{"confidence_level":0.95,"lower_bound":739.523632632089,"upper_bound":5003.016498107385},"point_estimate":3099.7850225925854,"standard_error":1211.083950160001}}