{"Mean":{"confidence_interval":{"confidence_level":0.95,"lower_bound":23047.669492973226,"upper_bound":23095.51447967618},"point_estimate":23068.418747828513,"standard_error":12.364877787021225},"Median":{"confidence_interval":{"confidence_level":0.95,"lower_bound":23035.874008886836,"upper_bound":23047.606440071555},"point_estimate":23040.835771007212,"standard_error":3.111081192925034},"MedianAbsDev":{"confidence_interval":{"confidence_level":0.95,"lower_bound":13.836733399746981,"upper_bound":25.711041869118805},"point_estimate":18.547009612585107,"standard_error":3.0000410087533136},"Slope":{"confidence_interval":{"confidence_level":0.95,"lower_bound":23041.560246245634,"upper_bound":23052.465037451766},"point_estimate":23046.781939645545,"standard_error":2.7843986606595563},"StdDev":{"confidence_interval":{"confidence_level":0.95,"lower_bound":36.92057877112594,"upper_bound":186.6164946210888},"point_estimate":124.04912828063327,"standard_error":37.990614619858704}}