{"Mean":{"confidence_interval":{"confidence_level":0.95,"lower_bound":109486.13206399855,"upper_bound":112616.58474653574},"point_estimate":110646.77838702964,"standard_error":868.5732252467939},"Median":{"confidence_interval":{"confidence_level":0.95,"lower_bound":109176.80215311004,"upper_bound":109482.4956043956},"point_estimate":109351.90171717171,"standard_error":77.17214639056438},"MedianAbsDev":{"confidence_interval":{"confidence_level":0.95,"lower_bound":453.77649399855716,"upper_bound":799.7188299962697},"point_estimate":618.314098471484,"standard_error":87.84456680758244},"Slope":{"confidence_interval":{"confidence_level":0.95,"lower_bound":109427.3261125353,"upper_bound":109857.050495969},"point_estimate":109617.14486980937,"standard_error":109.89203099452405},"StdDev":{"confidence_interval":{"confidence_level":0.95,"lower_bound":1255.2042091081987,"upper_bound":14662.865832993855},"point_estimate":8711.150417086525,"standard_error":4422.218749459142}}