{"Mean":{"confidence_interval":{"confidence_level":0.95,"lower_bound":110922.98342475297,"upper_bound":112792.75109765904},"point_estimate":111647.9092072406,"standard_error":497.39548606900456},"Median":{"confidence_interval":{"confidence_level":0.95,"lower_bound":110743.23947811447,"upper_bound":111009.37402190923},"point_estimate":110842.42969101164,"standard_error":60.52640890000703},"MedianAbsDev":{"confidence_interval":{"confidence_level":0.95,"lower_bound":404.5900930022676,"upper_bound":707.2317862876276},"point_estimate":533.729487892834,"standard_error":79.22620786941272},"Slope":{"confidence_interval":{"confidence_level":0.95,"lower_bound":110796.10694536079,"upper_bound":111294.10760507155},"point_estimate":111016.96959361607,"standard_error":127.84416126781333},"StdDev":{"confidence_interval":{"confidence_level":0.95,"lower_bound":900.3874842477915,"upper_bound":8253.978442126949},"point_estimate":4994.259302861743,"standard_error":2251.289036763545}}