{"Mean":{"confidence_interval":{"confidence_level":0.95,"lower_bound":11374.56466771925,"upper_bound":11381.448295321994},"point_estimate":11377.593460302101,"standard_error":1.7728069038914336},"Median":{"confidence_interval":{"confidence_level":0.95,"lower_bound":11372.666132050254,"upper_bound":11373.899274047188},"point_estimate":11372.970188551044,"standard_error":0.2894465494963493},"MedianAbsDev":{"confidence_interval":{"confidence_level":0.95,"lower_bound":1.945247159514382,"upper_bound":3.948163328259248},"point_estimate":2.4214956573744133,"standard_error":0.5195726991307309},"Slope":{"confidence_interval":{"confidence_level":0.95,"lower_bound":11372.572661437729,"upper_bound":11374.181949680455},"point_estimate":11373.307580159972,"standard_error":0.4123025605714845},"StdDev":{"confidence_interval":{"confidence_level":0.95,"lower_bound":6.89028938028136,"upper_bound":25.747714609221145},"point_estimate":17.855354462075688,"standard_error":4.699800765302527}}