{"Mean":{"confidence_interval":{"confidence_level":0.95,"lower_bound":11475.702008279926,"upper_bound":11495.76098587496},"point_estimate":11483.1159007762,"standard_error":5.567736154990528},"Median":{"confidence_interval":{"confidence_level":0.95,"lower_bound":11474.136058052974,"upper_bound":11476.884168157423},"point_estimate":11475.119463710957,"standard_error":0.6345477203395106},"MedianAbsDev":{"confidence_interval":{"confidence_level":0.95,"lower_bound":3.4009420022046024,"upper_bound":5.701929718726202},"point_estimate":4.211336302322166,"standard_error":0.59354201703575},"Slope":{"confidence_interval":{"confidence_level":0.95,"lower_bound":11474.475551975633,"upper_bound":11476.011234561454},"point_estimate":11475.230560655164,"standard_error":0.3932975312564129},"StdDev":{"confidence_interval":{"confidence_level":0.95,"lower_bound":5.648286652577691,"upper_bound":94.23791036471509},"point_estimate":55.93750104233744,"standard_error":28.406375557673602}}