{"Mean":{"confidence_interval":{"confidence_level":0.95,"lower_bound":3075.33816244887,"upper_bound":3078.1332391673104},"point_estimate":3076.659543028266,"standard_error":0.7127138506231261},"Median":{"confidence_interval":{"confidence_level":0.95,"lower_bound":3073.501811594203,"upper_bound":3074.1417829341344},"point_estimate":3073.797984450024,"standard_error":0.17103227549186287},"MedianAbsDev":{"confidence_interval":{"confidence_level":0.95,"lower_bound":0.9151430493106116,"upper_bound":1.7899812013551721},"point_estimate":1.3339341604868595,"standard_error":0.23373399055522112},"Slope":{"confidence_interval":{"confidence_level":0.95,"lower_bound":3075.0258935443726,"upper_bound":3077.775360121389},"point_estimate":3076.321610822341,"standard_error":0.7001499050489337},"StdDev":{"confidence_interval":{"confidence_level":0.95,"lower_bound":5.116741825850817,"upper_bound":8.95689858641913},"point_estimate":7.159228475901567,"standard_error":0.9827253293902671}}