{"Mean":{"confidence_interval":{"confidence_level":0.95,"lower_bound":18239.390444376986,"upper_bound":18251.185862371534},"point_estimate":18244.50481368048,"standard_error":3.0482432282027374},"Median":{"confidence_interval":{"confidence_level":0.95,"lower_bound":18236.247785829306,"upper_bound":18240.181590413944},"point_estimate":18238.52002957819,"standard_error":1.0289952313570572},"MedianAbsDev":{"confidence_interval":{"confidence_level":0.95,"lower_bound":5.000098067525066,"upper_bound":8.966737889241493},"point_estimate":6.662335576165154,"standard_error":1.0729636791765504},"Slope":{"confidence_interval":{"confidence_level":0.95,"lower_bound":18238.136068856948,"upper_bound":18244.214960710782},"point_estimate":18240.617484962426,"standard_error":1.580928182026174},"StdDev":{"confidence_interval":{"confidence_level":0.95,"lower_bound":9.935024683455191,"upper_bound":46.79717450168928},"point_estimate":30.71971185180176,"standard_error":9.45747911154571}}