{"Mean":{"confidence_interval":{"confidence_level":0.95,"lower_bound":16371.29395471742,"upper_bound":16400.76219194623},"point_estimate":16384.56766424518,"standard_error":7.528390066212608},"Median":{"confidence_interval":{"confidence_level":0.95,"lower_bound":16366.180102162034,"upper_bound":16372.655629853321},"point_estimate":16368.904965935704,"standard_error":1.7107836037652064},"MedianAbsDev":{"confidence_interval":{"confidence_level":0.95,"lower_bound":9.747630361821592,"upper_bound":18.555086031702444},"point_estimate":13.447680920136763,"standard_error":2.271172830289439},"Slope":{"confidence_interval":{"confidence_level":0.95,"lower_bound":16361.682052739556,"upper_bound":16397.03999303228},"point_estimate":16378.367377509467,"standard_error":8.957344362665348},"StdDev":{"confidence_interval":{"confidence_level":0.95,"lower_bound":36.76762388955619,"upper_bound":114.41707609401115},"point_estimate":75.62564307361096,"standard_error":21.83053856000061}}