{"Mean":{"confidence_interval":{"confidence_level":0.95,"lower_bound":16379.576459687964,"upper_bound":16383.201197016666},"point_estimate":16381.323457816832,"standard_error":0.9263106310369491},"Median":{"confidence_interval":{"confidence_level":0.95,"lower_bound":16377.340898224043,"upper_bound":16381.364923685698},"point_estimate":16378.724746622738,"standard_error":1.0584960245125117},"MedianAbsDev":{"confidence_interval":{"confidence_level":0.95,"lower_bound":5.249909751459272,"upper_bound":8.61720359736658},"point_estimate":7.33608840896339,"standard_error":0.8289450879052446},"Slope":{"confidence_interval":{"confidence_level":0.95,"lower_bound":16375.144020584505,"upper_bound":16377.153612388085},"point_estimate":16376.11756649313,"standard_error":0.5127133543963881},"StdDev":{"confidence_interval":{"confidence_level":0.95,"lower_bound":7.0344046311112916,"upper_bound":11.38118645532406},"point_estimate":9.289281416858929,"standard_error":1.1095042890125844}}