{"Mean":{"confidence_interval":{"confidence_level":0.95,"lower_bound":6711.436530926422,"upper_bound":6724.639368738047},"point_estimate":6717.207057270196,"standard_error":3.4092814845613004},"Median":{"confidence_interval":{"confidence_level":0.95,"lower_bound":6706.651629072681,"upper_bound":6714.9613827981175},"point_estimate":6711.750072079232,"standard_error":2.1852434752691683},"MedianAbsDev":{"confidence_interval":{"confidence_level":0.95,"lower_bound":9.810133975495223,"upper_bound":15.72107953119295},"point_estimate":11.920040315689768,"standard_error":1.4917442805087944},"Slope":{"confidence_interval":{"confidence_level":0.95,"lower_bound":6708.104024897856,"upper_bound":6713.440320691467},"point_estimate":6710.681496377478,"standard_error":1.362087928710616},"StdDev":{"confidence_interval":{"confidence_level":0.95,"lower_bound":14.444718538946377,"upper_bound":52.20340088048823},"point_estimate":34.3309100051458,"standard_error":10.329882400671893}}