{"Mean":{"confidence_interval":{"confidence_level":0.95,"lower_bound":7102.286974323994,"upper_bound":7205.801614440862},"point_estimate":7150.58059872373,"standard_error":26.462966433088752},"Median":{"confidence_interval":{"confidence_level":0.95,"lower_bound":7021.054442932141,"upper_bound":7103.103348090758},"point_estimate":7054.306596658157,"standard_error":20.399340362736677},"MedianAbsDev":{"confidence_interval":{"confidence_level":0.95,"lower_bound":84.23384130614427,"upper_bound":184.5182835988419},"point_estimate":131.5866688078077,"standard_error":26.919716330884942},"Slope":{"confidence_interval":{"confidence_level":0.95,"lower_bound":7095.239440130417,"upper_bound":7183.079108504807},"point_estimate":7136.752819895111,"standard_error":22.483574387910227},"StdDev":{"confidence_interval":{"confidence_level":0.95,"lower_bound":173.68119761537403,"upper_bound":354.28454562564184},"point_estimate":267.1736024709609,"standard_error":46.801838839606596}}