{"Mean":{"confidence_interval":{"confidence_level":0.95,"lower_bound":9845.810906725777,"upper_bound":9853.40034218995},"point_estimate":9849.244843050124,"standard_error":1.9397260906556388},"Median":{"confidence_interval":{"confidence_level":0.95,"lower_bound":9841.28445765469,"upper_bound":9843.707139134965},"point_estimate":9842.396361744071,"standard_error":0.5466204108893484},"MedianAbsDev":{"confidence_interval":{"confidence_level":0.95,"lower_bound":2.8751572540432804,"upper_bound":6.109692750251009},"point_estimate":4.006298267103919,"standard_error":0.7794011085461787},"Slope":{"confidence_interval":{"confidence_level":0.95,"lower_bound":9843.473656445984,"upper_bound":9847.720129105652},"point_estimate":9845.479159081566,"standard_error":1.0846900797041439},"StdDev":{"confidence_interval":{"confidence_level":0.95,"lower_bound":10.852863624227219,"upper_bound":27.58562340074975},"point_estimate":19.510640368562015,"standard_error":4.381407588906579}}