{"Mean":{"confidence_interval":{"confidence_level":0.95,"lower_bound":1235.724873590895,"upper_bound":1236.209118918475},"point_estimate":1235.9024272997863,"standard_error":0.1355919703060984},"Median":{"confidence_interval":{"confidence_level":0.95,"lower_bound":1235.6803635671786,"upper_bound":1235.7368071840988},"point_estimate":1235.7058701438234,"standard_error":0.014429683751103562},"MedianAbsDev":{"confidence_interval":{"confidence_level":0.95,"lower_bound":0.0891588227889447,"upper_bound":0.18401743133159126},"point_estimate":0.12740169712396204,"standard_error":0.023887193691106413},"Slope":{"confidence_interval":{"confidence_level":0.95,"lower_bound":1235.6963108280415,"upper_bound":1235.9041378456145},"point_estimate":1235.7702831428103,"standard_error":0.05676932594802095},"StdDev":{"confidence_interval":{"confidence_level":0.95,"lower_bound":0.18069842216764712,"upper_bound":2.303907124277451},"point_estimate":1.3638243493972044,"standard_error":0.7064485452203683}}