{"Mean":{"confidence_interval":{"confidence_level":0.95,"lower_bound":63547.228316182096,"upper_bound":63906.448443806126},"point_estimate":63715.9684218656,"standard_error":91.9564213299842},"Median":{"confidence_interval":{"confidence_level":0.95,"lower_bound":63339.33050847457,"upper_bound":63957.298295454544},"point_estimate":63892.27743736384,"standard_error":151.82706505715834},"MedianAbsDev":{"confidence_interval":{"confidence_level":0.95,"lower_bound":362.6330896826659,"upper_bound":1081.1758188981664},"point_estimate":728.9702586490998,"standard_error":199.5121800309708},"Slope":{"confidence_interval":{"confidence_level":0.95,"lower_bound":63094.35447940434,"upper_bound":63273.67519356656},"point_estimate":63172.600765848976,"standard_error":45.839262485862676},"StdDev":{"confidence_interval":{"confidence_level":0.95,"lower_bound":615.7872451653747,"upper_bound":1256.0822123516664},"point_estimate":928.0383534071005,"standard_error":170.13183430038126}}