{"Mean":{"confidence_interval":{"confidence_level":0.95,"lower_bound":7036471.0811143145,"upper_bound":7065396.400445239},"point_estimate":7048702.086822212,"standard_error":7494.238025946057},"Median":{"confidence_interval":{"confidence_level":0.95,"lower_bound":7034783.719864177,"upper_bound":7048413.714285715},"point_estimate":7041178.305288462,"standard_error":3594.8674814627702},"MedianAbsDev":{"confidence_interval":{"confidence_level":0.95,"lower_bound":21268.394258413333,"upper_bound":40551.902539334435},"point_estimate":33607.600132672706,"standard_error":4755.1417492217815},"Slope":{"confidence_interval":{"confidence_level":0.95,"lower_bound":7015039.7302663755,"upper_bound":7024305.494051095},"point_estimate":7019307.539834491,"standard_error":2362.9126462956046},"StdDev":{"confidence_interval":{"confidence_level":0.95,"lower_bound":28815.223654524594,"upper_bound":118293.36773112163},"point_estimate":75426.34839073423,"standard_error":26401.390107089534}}