{"Mean":{"confidence_interval":{"confidence_level":0.95,"lower_bound":773471.6296068301,"upper_bound":774527.5447921475},"point_estimate":773976.6248121285,"standard_error":269.27988051073737},"Median":{"confidence_interval":{"confidence_level":0.95,"lower_bound":772686.0979166667,"upper_bound":773987.8720930233},"point_estimate":773379.3061351217,"standard_error":299.90151984270426},"MedianAbsDev":{"confidence_interval":{"confidence_level":0.95,"lower_bound":1485.8373004159907,"upper_bound":2742.434849059775},"point_estimate":2273.069841258179,"standard_error":309.7587502914806},"Slope":{"confidence_interval":{"confidence_level":0.95,"lower_bound":774183.9977182971,"upper_bound":775291.2778098297},"point_estimate":774746.2023422491,"standard_error":281.81902045508207},"StdDev":{"confidence_interval":{"confidence_level":0.95,"lower_bound":2033.4226365396148,"upper_bound":3358.793706228684},"point_estimate":2707.2836012555367,"standard_error":343.3866488831714}}