{"Mean":{"confidence_interval":{"confidence_level":0.95,"lower_bound":776355.4481527866,"upper_bound":782545.1096598222},"point_estimate":779139.3954823982,"standard_error":1588.0877777531614},"Median":{"confidence_interval":{"confidence_level":0.95,"lower_bound":773426.5692956832,"upper_bound":775415.0236842106},"point_estimate":774356.3261278195,"standard_error":501.0613585661552},"MedianAbsDev":{"confidence_interval":{"confidence_level":0.95,"lower_bound":2841.4426546243612,"upper_bound":5031.775100885568},"point_estimate":3850.062477042429,"standard_error":540.5907715163819},"Slope":{"confidence_interval":{"confidence_level":0.95,"lower_bound":774805.4256134063,"upper_bound":778475.8554214358},"point_estimate":776478.6780744791,"standard_error":942.8902493697009},"StdDev":{"confidence_interval":{"confidence_level":0.95,"lower_bound":7466.867038236879,"upper_bound":22888.295327869575},"point_estimate":15958.516973057753,"standard_error":3961.164516171537}}