{"Mean":{"confidence_interval":{"confidence_level":0.95,"lower_bound":6993737.318928854,"upper_bound":7014054.651747226},"point_estimate":7002082.784960133,"standard_error":5313.245980968727},"Median":{"confidence_interval":{"confidence_level":0.95,"lower_bound":6989252.059595959,"upper_bound":6993451.252631579},"point_estimate":6990530.968390805,"standard_error":898.7417820059666},"MedianAbsDev":{"confidence_interval":{"confidence_level":0.95,"lower_bound":5097.3662420058945,"upper_bound":9309.982145983768},"point_estimate":7057.228483096473,"standard_error":1147.7852803067294},"Slope":{"confidence_interval":{"confidence_level":0.95,"lower_bound":6988278.048785036,"upper_bound":6990640.342352622},"point_estimate":6989402.631074332,"standard_error":604.0047515139038},"StdDev":{"confidence_interval":{"confidence_level":0.95,"lower_bound":11659.377023659947,"upper_bound":85305.66504232911},"point_estimate":53263.38611277594,"standard_error":20323.524535753277}}