{"Mean":{"confidence_interval":{"confidence_level":0.95,"lower_bound":28343.491048209868,"upper_bound":28351.329042352634},"point_estimate":28347.238011690304,"standard_error":2.0036082668630923},"Median":{"confidence_interval":{"confidence_level":0.95,"lower_bound":28340.13544973545,"upper_bound":28344.645184389545},"point_estimate":28342.615529336734,"standard_error":1.0997930815864265},"MedianAbsDev":{"confidence_interval":{"confidence_level":0.95,"lower_bound":10.260831311046621,"upper_bound":19.795046593057098},"point_estimate":16.180645407375938,"standard_error":2.706156107349098},"Slope":{"confidence_interval":{"confidence_level":0.95,"lower_bound":28334.12474374719,"upper_bound":28341.809727406267},"point_estimate":28337.32898587684,"standard_error":1.9782273659734866},"StdDev":{"confidence_interval":{"confidence_level":0.95,"lower_bound":15.39096855741449,"upper_bound":24.619757977426218},"point_estimate":20.16869577009706,"standard_error":2.368406327627658}}