{"Mean":{"confidence_interval":{"confidence_level":0.95,"lower_bound":12142.61419021888,"upper_bound":12177.140500552992},"point_estimate":12157.730254423815,"standard_error":8.8881404399715},"Median":{"confidence_interval":{"confidence_level":0.95,"lower_bound":12132.336552406065,"upper_bound":12137.21872541306},"point_estimate":12133.759179480381,"standard_error":1.310953977624129},"MedianAbsDev":{"confidence_interval":{"confidence_level":0.95,"lower_bound":10.076229430744966,"upper_bound":23.7654738712266},"point_estimate":17.199455279754787,"standard_error":3.432675255625876},"Slope":{"confidence_interval":{"confidence_level":0.95,"lower_bound":12131.840602780521,"upper_bound":12138.43017839392},"point_estimate":12134.929724956479,"standard_error":1.6787742238317267},"StdDev":{"confidence_interval":{"confidence_level":0.95,"lower_bound":32.04205198141692,"upper_bound":131.30920268504266},"point_estimate":89.34367463967641,"standard_error":24.997221250202188}}