{"Mean":{"confidence_interval":{"confidence_level":0.95,"lower_bound":389533.20953962725,"upper_bound":405643.19521058403},"point_estimate":397218.3444988789,"standard_error":4118.505868565503},"Median":{"confidence_interval":{"confidence_level":0.95,"lower_bound":375527.4074074074,"upper_bound":391272.7521367521},"point_estimate":378814.09380032204,"standard_error":4613.970810338033},"MedianAbsDev":{"confidence_interval":{"confidence_level":0.95,"lower_bound":17341.228628308705,"upper_bound":34533.55841959234},"point_estimate":22755.44486051715,"standard_error":4269.041902213449},"Slope":{"confidence_interval":{"confidence_level":0.95,"lower_bound":382313.33724770334,"upper_bound":392010.82712122553},"point_estimate":386971.0722053101,"standard_error":2467.9944876452223},"StdDev":{"confidence_interval":{"confidence_level":0.95,"lower_bound":30914.110418071465,"upper_bound":51513.10074394147},"point_estimate":41362.160785403925,"standard_error":5294.324752107251}}