{"Mean":{"confidence_interval":{"confidence_level":0.95,"lower_bound":215187.56663489452,"upper_bound":215657.07700506455},"point_estimate":215364.62524357717,"standard_error":126.82765287310595},"Median":{"confidence_interval":{"confidence_level":0.95,"lower_bound":215150.66666666666,"upper_bound":215211.35783014237},"point_estimate":215188.48363636364,"standard_error":15.807202895998513},"MedianAbsDev":{"confidence_interval":{"confidence_level":0.95,"lower_bound":84.88338089790817,"upper_bound":181.3384333532555},"point_estimate":106.41653338346723,"standard_error":24.95868774156355},"Slope":{"confidence_interval":{"confidence_level":0.95,"lower_bound":215154.9922023631,"upper_bound":215215.10904600174},"point_estimate":215183.13738022756,"standard_error":15.347483950047},"StdDev":{"confidence_interval":{"confidence_level":0.95,"lower_bound":199.10513062068438,"upper_bound":2127.2397585967215},"point_estimate":1272.9731774649993,"standard_error":609.7801065757096}}