{"Mean":{"confidence_interval":{"confidence_level":0.95,"lower_bound":181022.7236639583,"upper_bound":181215.7326928334},"point_estimate":181104.2768318934,"standard_error":49.84655950668593},"Median":{"confidence_interval":{"confidence_level":0.95,"lower_bound":180973.28304293548,"upper_bound":181016.29559576022},"point_estimate":180992.6775,"standard_error":12.816520339955893},"MedianAbsDev":{"confidence_interval":{"confidence_level":0.95,"lower_bound":54.07985158347977,"upper_bound":100.96537437803121},"point_estimate":70.28380073261704,"standard_error":12.32343730415955},"Slope":{"confidence_interval":{"confidence_level":0.95,"lower_bound":180975.1471385918,"upper_bound":181009.81197109728},"point_estimate":180991.05324959362,"standard_error":8.869220526814647},"StdDev":{"confidence_interval":{"confidence_level":0.95,"lower_bound":132.76894133367813,"upper_bound":786.7391339122013},"point_estimate":500.8813403639063,"standard_error":168.6091028751014}}