{"Mean":{"confidence_interval":{"confidence_level":0.95,"lower_bound":829704.0073214622,"upper_bound":830179.3263314627},"point_estimate":829912.8730512351,"standard_error":122.45437092953497},"Median":{"confidence_interval":{"confidence_level":0.95,"lower_bound":829558.0401234569,"upper_bound":829741.1736842105},"point_estimate":829637.6315789474,"standard_error":46.38223020184782},"MedianAbsDev":{"confidence_interval":{"confidence_level":0.95,"lower_bound":240.58808706205554,"upper_bound":442.27521061952893},"point_estimate":336.8019009697264,"standard_error":50.13792883243605},"Slope":{"confidence_interval":{"confidence_level":0.95,"lower_bound":829613.003637127,"upper_bound":829750.144544022},"point_estimate":829680.5366366189,"standard_error":34.86365157514838},"StdDev":{"confidence_interval":{"confidence_level":0.95,"lower_bound":489.489048861324,"upper_bound":1813.9164816443092},"point_estimate":1230.4529087220765,"standard_error":341.5209995332574}}