{"Mean":{"confidence_interval":{"confidence_level":0.95,"lower_bound":829986.9072970728,"upper_bound":830824.5508655016},"point_estimate":830293.9660412056,"standard_error":233.0926470772574},"Median":{"confidence_interval":{"confidence_level":0.95,"lower_bound":829939.6666666666,"upper_bound":830086.6162790698},"point_estimate":830012.9752613241,"standard_error":34.9822524420746},"MedianAbsDev":{"confidence_interval":{"confidence_level":0.95,"lower_bound":243.34029340153813,"upper_bound":435.3642143874128},"point_estimate":354.7690667784799,"standard_error":46.951446066750464},"Slope":{"confidence_interval":{"confidence_level":0.95,"lower_bound":829926.8474405673,"upper_bound":830051.9894667835},"point_estimate":829989.0423319049,"standard_error":31.967318707295576},"StdDev":{"confidence_interval":{"confidence_level":0.95,"lower_bound":373.8130675921686,"upper_bound":3933.90885437681},"point_estimate":2331.6875129924088,"standard_error":1199.8008110612475}}