{"Mean":{"confidence_interval":{"confidence_level":0.95,"lower_bound":79035.45655257748,"upper_bound":79249.81895394689},"point_estimate":79135.6056018992,"standard_error":54.943604480316566},"Median":{"confidence_interval":{"confidence_level":0.95,"lower_bound":78953.73175039247,"upper_bound":79105.55299145299},"point_estimate":79045.5076923077,"standard_error":44.53034330004663},"MedianAbsDev":{"confidence_interval":{"confidence_level":0.95,"lower_bound":216.2549708477587,"upper_bound":328.72898448048045},"point_estimate":274.14454108378084,"standard_error":28.524474895967813},"Slope":{"confidence_interval":{"confidence_level":0.95,"lower_bound":78906.52329252743,"upper_bound":79091.11639686616},"point_estimate":78988.70234577304,"standard_error":47.58136656756694},"StdDev":{"confidence_interval":{"confidence_level":0.95,"lower_bound":350.148518515676,"upper_bound":739.4958998510106},"point_estimate":551.195673921924,"standard_error":100.94663216017818}}