{"Mean":{"confidence_interval":{"confidence_level":0.95,"lower_bound":30163.710333829986,"upper_bound":30206.477704399444},"point_estimate":30183.64501731612,"standard_error":10.948098927175554},"Median":{"confidence_interval":{"confidence_level":0.95,"lower_bound":30128.535555932107,"upper_bound":30157.320606060606},"point_estimate":30135.79971760617,"standard_error":7.221408245975986},"MedianAbsDev":{"confidence_interval":{"confidence_level":0.95,"lower_bound":30.305689200955996,"upper_bound":74.52253632264956},"point_estimate":46.208859424834586,"standard_error":10.939428744794695},"Slope":{"confidence_interval":{"confidence_level":0.95,"lower_bound":30169.958398577703,"upper_bound":30203.6634492056},"point_estimate":30186.525404928554,"standard_error":8.600320504877883},"StdDev":{"confidence_interval":{"confidence_level":0.95,"lower_bound":75.42447670124201,"upper_bound":142.52033358679074},"point_estimate":109.61966318615497,"standard_error":17.335102938337364}}