{"Mean":{"confidence_interval":{"confidence_level":0.95,"lower_bound":30133.19818596175,"upper_bound":30148.25512622008},"point_estimate":30140.637884245156,"standard_error":3.8295377577715652},"Median":{"confidence_interval":{"confidence_level":0.95,"lower_bound":30134.295983086682,"upper_bound":30137.707596801345},"point_estimate":30136.14624477534,"standard_error":0.8730408151709783},"MedianAbsDev":{"confidence_interval":{"confidence_level":0.95,"lower_bound":4.818543190180384,"upper_bound":10.05190501524574},"point_estimate":6.694326068295815,"standard_error":1.3785541841298783},"Slope":{"confidence_interval":{"confidence_level":0.95,"lower_bound":30116.70485967047,"upper_bound":30134.402631347384},"point_estimate":30126.663505066925,"standard_error":4.5678343752612784},"StdDev":{"confidence_interval":{"confidence_level":0.95,"lower_bound":23.368818266663542,"upper_bound":51.07996432528766},"point_estimate":38.475128515167356,"standard_error":7.028476681493912}}