{"Mean":{"confidence_interval":{"confidence_level":0.95,"lower_bound":3186.8147594922907,"upper_bound":3188.371185224691},"point_estimate":3187.5113953166046,"standard_error":0.39953329359819106},"Median":{"confidence_interval":{"confidence_level":0.95,"lower_bound":3186.3153425896926,"upper_bound":3186.9615299338066},"point_estimate":3186.56972450419,"standard_error":0.15950682847541237},"MedianAbsDev":{"confidence_interval":{"confidence_level":0.95,"lower_bound":0.8892162988492115,"upper_bound":1.4703781084231564},"point_estimate":1.080777182418107,"standard_error":0.1421623197844831},"Slope":{"confidence_interval":{"confidence_level":0.95,"lower_bound":3186.4603916725846,"upper_bound":3186.916954079901},"point_estimate":3186.6819748034795,"standard_error":0.11657508250110242},"StdDev":{"confidence_interval":{"confidence_level":0.95,"lower_bound":1.9027830634822391,"upper_bound":5.766041088007747},"point_estimate":4.017414340947364,"standard_error":0.9840121856229829}}