{"Mean":{"confidence_interval":{"confidence_level":0.95,"lower_bound":1068576.3721534836,"upper_bound":1069806.425648832},"point_estimate":1069072.743424103,"standard_error":323.639601880572},"Median":{"confidence_interval":{"confidence_level":0.95,"lower_bound":1068490.8358208956,"upper_bound":1068761.2875494072},"point_estimate":1068615.1806220096,"standard_error":70.6392449677712},"MedianAbsDev":{"confidence_interval":{"confidence_level":0.95,"lower_bound":423.635990107477,"upper_bound":692.4264252745562},"point_estimate":607.2275490281817,"standard_error":69.59566306767738},"Slope":{"confidence_interval":{"confidence_level":0.95,"lower_bound":1068570.1136076495,"upper_bound":1068765.5953383397},"point_estimate":1068666.724255948,"standard_error":50.009774468675396},"StdDev":{"confidence_interval":{"confidence_level":0.95,"lower_bound":610.6794787764238,"upper_bound":5220.881366705541},"point_estimate":3238.9286704739225,"standard_error":1291.1406031411525}}