{"Mean":{"confidence_interval":{"confidence_level":0.95,"lower_bound":48957.09672004471,"upper_bound":49134.39030973342},"point_estimate":49035.42244288721,"standard_error":45.4125378094474},"Median":{"confidence_interval":{"confidence_level":0.95,"lower_bound":48893.05,"upper_bound":48986.195821930305},"point_estimate":48944.896460017975,"standard_error":26.445873483753328},"MedianAbsDev":{"confidence_interval":{"confidence_level":0.95,"lower_bound":162.78380793173707,"upper_bound":278.64821639439504},"point_estimate":223.05249033827076,"standard_error":31.398277513472085},"Slope":{"confidence_interval":{"confidence_level":0.95,"lower_bound":48946.151381716525,"upper_bound":49064.46568477743},"point_estimate":49000.26389087096,"standard_error":30.25005774463979},"StdDev":{"confidence_interval":{"confidence_level":0.95,"lower_bound":223.36920110218472,"upper_bound":678.3095147060945},"point_estimate":456.05373435212954,"standard_error":124.76332014041338}}