{"Mean":{"confidence_interval":{"confidence_level":0.95,"lower_bound":16783023.57702854,"upper_bound":16806497.957189377},"point_estimate":16794165.284301985,"standard_error":5976.582421133605},"Median":{"confidence_interval":{"confidence_level":0.95,"lower_bound":16762521.642857144,"upper_bound":16771742.787878787},"point_estimate":16765452.226190478,"standard_error":2302.9392228347156},"MedianAbsDev":{"confidence_interval":{"confidence_level":0.95,"lower_bound":12431.618572020567,"upper_bound":25247.912503881224},"point_estimate":16867.0292272171,"standard_error":3193.189123741737},"Slope":{"confidence_interval":{"confidence_level":0.95,"lower_bound":16776326.199767357,"upper_bound":16800847.850774597},"point_estimate":16787337.684105217,"standard_error":6283.148667476737},"StdDev":{"confidence_interval":{"confidence_level":0.95,"lower_bound":45798.6362785962,"upper_bound":75019.82741206433},"point_estimate":60047.77744652294,"standard_error":7627.823857365383}}