{"Mean":{"confidence_interval":{"confidence_level":0.95,"lower_bound":8311.631826829509,"upper_bound":8312.503225702229},"point_estimate":8312.03036780301,"standard_error":0.2231204855179381},"Median":{"confidence_interval":{"confidence_level":0.95,"lower_bound":8311.441764705882,"upper_bound":8311.970408163264},"point_estimate":8311.739454301074,"standard_error":0.1286368740478121},"MedianAbsDev":{"confidence_interval":{"confidence_level":0.95,"lower_bound":0.7778268754203713,"upper_bound":1.414710891248638},"point_estimate":1.0671143363186089,"standard_error":0.16738036932545958},"Slope":{"confidence_interval":{"confidence_level":0.95,"lower_bound":8311.589140094338,"upper_bound":8312.023795879753},"point_estimate":8311.806818260184,"standard_error":0.11067517360630552},"StdDev":{"confidence_interval":{"confidence_level":0.95,"lower_bound":1.1321936724535748,"upper_bound":3.0860280987287045},"point_estimate":2.2372803346487196,"standard_error":0.4857079930682181}}