{"Mean":{"confidence_interval":{"confidence_level":0.95,"lower_bound":386513.19038485223,"upper_bound":387859.0923351139},"point_estimate":387134.04289893614,"standard_error":343.7568830031976},"Median":{"confidence_interval":{"confidence_level":0.95,"lower_bound":385881.3676975945,"upper_bound":386402.67619047617},"point_estimate":386183.8317964481,"standard_error":127.47837055769702},"MedianAbsDev":{"confidence_interval":{"confidence_level":0.95,"lower_bound":901.0889989872968,"upper_bound":1573.9546501055042},"point_estimate":1369.854984771098,"standard_error":179.72033447825564},"Slope":{"confidence_interval":{"confidence_level":0.95,"lower_bound":386076.57479075494,"upper_bound":387486.0991110335},"point_estimate":386705.7118614847,"standard_error":363.35537605908223},"StdDev":{"confidence_interval":{"confidence_level":0.95,"lower_bound":2179.85945335183,"upper_bound":4476.337145233159},"point_estimate":3443.7500388556846,"standard_error":586.1244503064522}}