{"Mean":{"confidence_interval":{"confidence_level":0.95,"lower_bound":390264.06529931497,"upper_bound":392532.7358320699},"point_estimate":391357.30203364015,"standard_error":578.4928495247733},"Median":{"confidence_interval":{"confidence_level":0.95,"lower_bound":387098.3795698925,"upper_bound":393431.7160493827},"point_estimate":387370.42114175134,"standard_error":1992.0270794203616},"MedianAbsDev":{"confidence_interval":{"confidence_level":0.95,"lower_bound":782.7263011038074,"upper_bound":8804.70216437769},"point_estimate":1239.9605155190102,"standard_error":2490.096298192813},"Slope":{"confidence_interval":{"confidence_level":0.95,"lower_bound":387374.48140799854,"upper_bound":388205.5530399322},"point_estimate":387726.1482656027,"standard_error":212.7438632744843},"StdDev":{"confidence_interval":{"confidence_level":0.95,"lower_bound":4570.650503375008,"upper_bound":7242.845863280695},"point_estimate":5820.305337103478,"standard_error":708.5715951622191}}