{"Mean":{"confidence_interval":{"confidence_level":0.95,"lower_bound":4781.266585059465,"upper_bound":4783.137880893445},"point_estimate":4782.093822031869,"standard_error":0.4821503598062896},"Median":{"confidence_interval":{"confidence_level":0.95,"lower_bound":4780.882447665056,"upper_bound":4781.172426607209},"point_estimate":4781.064329986848,"standard_error":0.07430450274494323},"MedianAbsDev":{"confidence_interval":{"confidence_level":0.95,"lower_bound":0.47389905909698804,"upper_bound":0.7949767747744655},"point_estimate":0.6281322408469772,"standard_error":0.08274249890701527},"Slope":{"confidence_interval":{"confidence_level":0.95,"lower_bound":4780.851531068318,"upper_bound":4782.922235800755},"point_estimate":4781.6951104571845,"standard_error":0.5424610413798204},"StdDev":{"confidence_interval":{"confidence_level":0.95,"lower_bound":1.9373643133455347,"upper_bound":6.9082077918715346},"point_estimate":4.84680685167232,"standard_error":1.23815121541982}}