{"Mean":{"confidence_interval":{"confidence_level":0.95,"lower_bound":195777.24683837182,"upper_bound":196844.8334272487},"point_estimate":196306.09578242767,"standard_error":272.6625314996901},"Median":{"confidence_interval":{"confidence_level":0.95,"lower_bound":194517.82368421054,"upper_bound":197691.36428571428},"point_estimate":195956.82836734696,"standard_error":1072.0967374839818},"MedianAbsDev":{"confidence_interval":{"confidence_level":0.95,"lower_bound":2106.279294662717,"upper_bound":4024.8238677975696},"point_estimate":3307.3450943441535,"standard_error":492.33415706938814},"Slope":{"confidence_interval":{"confidence_level":0.95,"lower_bound":194193.72138793222,"upper_bound":194766.37150020708},"point_estimate":194455.49799438452,"standard_error":146.25257689042547},"StdDev":{"confidence_interval":{"confidence_level":0.95,"lower_bound":2409.6578972937878,"upper_bound":3033.3738451051295},"point_estimate":2733.1796054264696,"standard_error":159.97688192965128}}