{"Mean":{"confidence_interval":{"confidence_level":0.95,"lower_bound":3211.9645258684573,"upper_bound":3212.8164230428088},"point_estimate":3212.334645419563,"standard_error":0.21991056889334887},"Median":{"confidence_interval":{"confidence_level":0.95,"lower_bound":3211.8559549438614,"upper_bound":3212.0141719122303},"point_estimate":3211.924433656958,"standard_error":0.04240646632013754},"MedianAbsDev":{"confidence_interval":{"confidence_level":0.95,"lower_bound":0.2098018621847808,"upper_bound":0.37880885988178165},"point_estimate":0.2915391533999018,"standard_error":0.04192009083854146},"Slope":{"confidence_interval":{"confidence_level":0.95,"lower_bound":3211.924483916787,"upper_bound":3213.0374576760296},"point_estimate":3212.293091009434,"standard_error":0.3195965617437442},"StdDev":{"confidence_interval":{"confidence_level":0.95,"lower_bound":0.650050089066097,"upper_bound":3.3313776240556963},"point_estimate":2.2214621525880602,"standard_error":0.6839674113379453}}