{"Mean":{"confidence_interval":{"confidence_level":0.95,"lower_bound":843.5767265233936,"upper_bound":844.9543123602335},"point_estimate":844.170311910762,"standard_error":0.3559073239180726},"Median":{"confidence_interval":{"confidence_level":0.95,"lower_bound":843.1920220338167,"upper_bound":843.2750733489013},"point_estimate":843.2367421949466,"standard_error":0.023045335234204687},"MedianAbsDev":{"confidence_interval":{"confidence_level":0.95,"lower_bound":0.14077897517379348,"upper_bound":0.2687822541582301},"point_estimate":0.19527643449808646,"standard_error":0.032409643077800865},"Slope":{"confidence_interval":{"confidence_level":0.95,"lower_bound":843.4307370601792,"upper_bound":843.9304159323832},"point_estimate":843.651530411841,"standard_error":0.12745049921800433},"StdDev":{"confidence_interval":{"confidence_level":0.95,"lower_bound":1.484121171232081,"upper_bound":5.47686542203268},"point_estimate":3.57814193997495,"standard_error":1.1182784196274818}}