{"Mean":{"confidence_interval":{"confidence_level":0.95,"lower_bound":2112478.8136617085,"upper_bound":2113113.384162851},"point_estimate":2112810.9694775995,"standard_error":162.0260009636686},"Median":{"confidence_interval":{"confidence_level":0.95,"lower_bound":2112665.7073170734,"upper_bound":2113124.709677419},"point_estimate":2112933.2586206896,"standard_error":93.11506551450688},"MedianAbsDev":{"confidence_interval":{"confidence_level":0.95,"lower_bound":570.6485782907243,"upper_bound":909.8709782766949},"point_estimate":728.0421216901328,"standard_error":87.08669842957785},"Slope":{"confidence_interval":{"confidence_level":0.95,"lower_bound":2112551.324949073,"upper_bound":2113130.337762907},"point_estimate":2112867.9783596867,"standard_error":148.47671173829937},"StdDev":{"confidence_interval":{"confidence_level":0.95,"lower_bound":1043.9167384360665,"upper_bound":2160.7736151559193},"point_estimate":1640.2877155623196,"standard_error":286.45440067354286}}