{"Mean":{"confidence_interval":{"confidence_level":0.95,"lower_bound":2131417.757189765,"upper_bound":2132308.6442007525},"point_estimate":2131810.7187404647,"standard_error":229.749860898033},"Median":{"confidence_interval":{"confidence_level":0.95,"lower_bound":2131284.7647058824,"upper_bound":2131502.200738916},"point_estimate":2131408.77931882,"standard_error":56.12692287336605},"MedianAbsDev":{"confidence_interval":{"confidence_level":0.95,"lower_bound":559.7697400620184,"upper_bound":967.315192774458},"point_estimate":717.6107339499209,"standard_error":102.83223611916937},"Slope":{"confidence_interval":{"confidence_level":0.95,"lower_bound":2131153.060877694,"upper_bound":2131421.229509896},"point_estimate":2131287.4089995567,"standard_error":68.47882791683791},"StdDev":{"confidence_interval":{"confidence_level":0.95,"lower_bound":1024.9286956592273,"upper_bound":3462.999602662831},"point_estimate":2311.1646333688545,"standard_error":649.2071777872883}}