{"Mean":{"confidence_interval":{"confidence_level":0.95,"lower_bound":209732.81647379667,"upper_bound":209757.9458900742},"point_estimate":209745.00463759628,"standard_error":6.4001418659625005},"Median":{"confidence_interval":{"confidence_level":0.95,"lower_bound":209726.86857142858,"upper_bound":209746.46315789473},"point_estimate":209734.14741026805,"standard_error":4.19869414249611},"MedianAbsDev":{"confidence_interval":{"confidence_level":0.95,"lower_bound":38.000492350805466,"upper_bound":63.38538382252879},"point_estimate":49.751968514450425,"standard_error":6.333004546654034},"Slope":{"confidence_interval":{"confidence_level":0.95,"lower_bound":209716.8708559205,"upper_bound":209734.2097541114},"point_estimate":209725.17292271316,"standard_error":4.4180426766243635},"StdDev":{"confidence_interval":{"confidence_level":0.95,"lower_bound":49.73072991410206,"upper_bound":77.8231607023753},"point_estimate":64.32287338342067,"standard_error":7.2071960822644066}}