{"Mean":{"confidence_interval":{"confidence_level":0.95,"lower_bound":13746.764572767845,"upper_bound":13762.21680628741},"point_estimate":13753.876027663455,"standard_error":3.945961187355505},"Median":{"confidence_interval":{"confidence_level":0.95,"lower_bound":13741.349599888053,"upper_bound":13749.624167017395},"point_estimate":13745.659715512615,"standard_error":2.17038811890042},"MedianAbsDev":{"confidence_interval":{"confidence_level":0.95,"lower_bound":12.844599214855656,"upper_bound":21.624754580623804},"point_estimate":18.032173494716652,"standard_error":2.1973732905912406},"Slope":{"confidence_interval":{"confidence_level":0.95,"lower_bound":13745.65837765008,"upper_bound":13751.5438056663},"point_estimate":13748.508310469106,"standard_error":1.4974481602431111},"StdDev":{"confidence_interval":{"confidence_level":0.95,"lower_bound":22.17331322277902,"upper_bound":53.80527937736519},"point_estimate":39.659463899586406,"standard_error":8.007971651405459}}