{"Mean":{"confidence_interval":{"confidence_level":0.95,"lower_bound":14115.526233639732,"upper_bound":14157.980724878074},"point_estimate":14131.979377043412,"standard_error":11.208292334943115},"Median":{"confidence_interval":{"confidence_level":0.95,"lower_bound":14109.472824302135,"upper_bound":14117.602551020409},"point_estimate":14113.749702750665,"standard_error":2.4086606710534455},"MedianAbsDev":{"confidence_interval":{"confidence_level":0.95,"lower_bound":8.99582662600652,"upper_bound":16.55309867681488},"point_estimate":13.51319276009202,"standard_error":1.90600225374758},"Slope":{"confidence_interval":{"confidence_level":0.95,"lower_bound":14113.20000608198,"upper_bound":14119.469378414737},"point_estimate":14116.134090650003,"standard_error":1.6046263836367243},"StdDev":{"confidence_interval":{"confidence_level":0.95,"lower_bound":24.283247907145658,"upper_bound":186.04207107609588},"point_estimate":112.64210775561376,"standard_error":49.99006619825143}}