{"Mean":{"confidence_interval":{"confidence_level":0.95,"lower_bound":4665572.7373347515,"upper_bound":4671783.382440911},"point_estimate":4668666.911470304,"standard_error":1588.7414298575432},"Median":{"confidence_interval":{"confidence_level":0.95,"lower_bound":4672656.6525,"upper_bound":4673426.338028169},"point_estimate":4672977.372683596,"standard_error":179.64575566419896},"MedianAbsDev":{"confidence_interval":{"confidence_level":0.95,"lower_bound":1648.581259512715,"upper_bound":5134.897213857569},"point_estimate":2689.4455609486204,"standard_error":897.2444062653034},"Slope":{"confidence_interval":{"confidence_level":0.95,"lower_bound":4653854.837380243,"upper_bound":4661213.506393591},"point_estimate":4657230.470134476,"standard_error":1873.325172129765},"StdDev":{"confidence_interval":{"confidence_level":0.95,"lower_bound":12680.666624624151,"upper_bound":19686.371736023593},"point_estimate":16010.347250913172,"standard_error":1826.0365691671059}}