{"Mean":{"confidence_interval":{"confidence_level":0.95,"lower_bound":1745184.0032627361,"upper_bound":1747644.0464999655},"point_estimate":1746193.8574250918,"standard_error":642.6340256264431},"Median":{"confidence_interval":{"confidence_level":0.95,"lower_bound":1744846.65625,"upper_bound":1745447.7301587302},"point_estimate":1745000.1642720308,"standard_error":172.5941167614558},"MedianAbsDev":{"confidence_interval":{"confidence_level":0.95,"lower_bound":778.6501015607331,"upper_bound":1314.4319432492546},"point_estimate":946.6421446509985,"standard_error":134.60718074320218},"Slope":{"confidence_interval":{"confidence_level":0.95,"lower_bound":1744809.9268723878,"upper_bound":1745360.6233370146},"point_estimate":1745069.4606472587,"standard_error":140.17649268802245},"StdDev":{"confidence_interval":{"confidence_level":0.95,"lower_bound":1915.7354109111893,"upper_bound":10320.317234013732},"point_estimate":6435.050978560349,"standard_error":2459.691658911683}}