{"Mean":{"confidence_interval":{"confidence_level":0.95,"lower_bound":4188.238112460776,"upper_bound":4189.6190406344695},"point_estimate":4188.816539123384,"standard_error":0.35938761594725877},"Median":{"confidence_interval":{"confidence_level":0.95,"lower_bound":4188.243484735666,"upper_bound":4188.54560797852},"point_estimate":4188.425648317638,"standard_error":0.07447400128199047},"MedianAbsDev":{"confidence_interval":{"confidence_level":0.95,"lower_bound":0.587946476345266,"upper_bound":0.9229715878594079},"point_estimate":0.718733235004952,"standard_error":0.08390702056488272},"Slope":{"confidence_interval":{"confidence_level":0.95,"lower_bound":4188.288517309836,"upper_bound":4189.373895592853},"point_estimate":4188.665978292521,"standard_error":0.2985884159427636},"StdDev":{"confidence_interval":{"confidence_level":0.95,"lower_bound":0.9552102545253237,"upper_bound":5.770511500997661},"point_estimate":3.6125288451187063,"standard_error":1.3168818557381974}}