{"Mean":{"confidence_interval":{"confidence_level":0.95,"lower_bound":4181.128050842484,"upper_bound":4185.184438893084},"point_estimate":4182.551993548248,"standard_error":1.2294331507414746},"Median":{"confidence_interval":{"confidence_level":0.95,"lower_bound":4180.906207248998,"upper_bound":4181.1083268750535},"point_estimate":4180.958074174168,"standard_error":0.06163657487140777},"MedianAbsDev":{"confidence_interval":{"confidence_level":0.95,"lower_bound":0.2509883995794101,"upper_bound":0.4769923505632221},"point_estimate":0.3536896804437535,"standard_error":0.05927419714455294},"Slope":{"confidence_interval":{"confidence_level":0.95,"lower_bound":4180.935424876321,"upper_bound":4181.117258291774},"point_estimate":4181.020154111009,"standard_error":0.04631886133193873},"StdDev":{"confidence_interval":{"confidence_level":0.95,"lower_bound":0.9650472977462877,"upper_bound":21.054511708537802},"point_estimate":12.324517624335439,"standard_error":7.096109796687252}}