{"Mean":{"confidence_interval":{"confidence_level":0.95,"lower_bound":62964.251762987464,"upper_bound":63298.138108619365},"point_estimate":63080.419106967485,"standard_error":102.55497434503758},"Median":{"confidence_interval":{"confidence_level":0.95,"lower_bound":62957.57638888889,"upper_bound":62975.91125},"point_estimate":62969.73011363637,"standard_error":4.112950112119735},"MedianAbsDev":{"confidence_interval":{"confidence_level":0.95,"lower_bound":28.55335033040419,"upper_bound":53.378469773497514},"point_estimate":39.43647100856179,"standard_error":6.496116143410794},"Slope":{"confidence_interval":{"confidence_level":0.95,"lower_bound":62957.26167964103,"upper_bound":62975.36122827206},"point_estimate":62966.19459823408,"standard_error":4.616888938453695},"StdDev":{"confidence_interval":{"confidence_level":0.95,"lower_bound":63.08791643380091,"upper_bound":1756.07479778142},"point_estimate":1026.6321756405398,"standard_error":600.9237949957998}}