{"Mean":{"confidence_interval":{"confidence_level":0.95,"lower_bound":78742.01964796144,"upper_bound":79658.96975134173},"point_estimate":79068.7947224886,"standard_error":271.79539468279086},"Median":{"confidence_interval":{"confidence_level":0.95,"lower_bound":78665.89940828402,"upper_bound":78826.82624434389},"point_estimate":78759.2071981002,"standard_error":47.38194227897431},"MedianAbsDev":{"confidence_interval":{"confidence_level":0.95,"lower_bound":189.47219219253878,"upper_bound":317.1108081275527},"point_estimate":244.40282728090932,"standard_error":33.78231845497504},"Slope":{"confidence_interval":{"confidence_level":0.95,"lower_bound":78690.35864422587,"upper_bound":78811.01143061122},"point_estimate":78749.29129644997,"standard_error":30.76345263369359},"StdDev":{"confidence_interval":{"confidence_level":0.95,"lower_bound":296.31188825660905,"upper_bound":4643.980195356263},"point_estimate":2723.158355040449,"standard_error":1529.3034113036108}}