{"Mean":{"confidence_interval":{"confidence_level":0.95,"lower_bound":325.52133110112607,"upper_bound":325.5845662605632},"point_estimate":325.55375917732414,"standard_error":0.016134044005638486},"Median":{"confidence_interval":{"confidence_level":0.95,"lower_bound":325.57177233925694,"upper_bound":325.60808548138357},"point_estimate":325.5901421123765,"standard_error":0.008283705701903602},"MedianAbsDev":{"confidence_interval":{"confidence_level":0.95,"lower_bound":0.07775929540249786,"upper_bound":0.17166340121197898},"point_estimate":0.13038902935645888,"standard_error":0.02363535910026653},"Slope":{"confidence_interval":{"confidence_level":0.95,"lower_bound":325.4811964378157,"upper_bound":325.54124071623636},"point_estimate":325.50935498572005,"standard_error":0.015312988058216438},"StdDev":{"confidence_interval":{"confidence_level":0.95,"lower_bound":0.1264809632166529,"upper_bound":0.19457515799059688},"point_estimate":0.16197663002138232,"standard_error":0.017411718755343326}}