{"Mean":{"confidence_interval":{"confidence_level":0.95,"lower_bound":32121.57227973033,"upper_bound":32126.35712423867},"point_estimate":32123.67584886477,"standard_error":1.237699211779699},"Median":{"confidence_interval":{"confidence_level":0.95,"lower_bound":32119.7034457478,"upper_bound":32122.1770609319},"point_estimate":32120.9294044665,"standard_error":0.6134605868844568},"MedianAbsDev":{"confidence_interval":{"confidence_level":0.95,"lower_bound":2.8448002400539707,"upper_bound":5.051593803449788},"point_estimate":3.9624983241520275,"standard_error":0.541179370526288},"Slope":{"confidence_interval":{"confidence_level":0.95,"lower_bound":32119.778467214393,"upper_bound":32123.16852311124},"point_estimate":32121.08545588887,"standard_error":0.9085281619220383},"StdDev":{"confidence_interval":{"confidence_level":0.95,"lower_bound":4.926225147788997,"upper_bound":18.602738764830317},"point_estimate":12.43006114945078,"standard_error":3.6351778290701047}}