{"Mean":{"confidence_interval":{"confidence_level":0.95,"lower_bound":33057.6599779009,"upper_bound":33062.12899103531},"point_estimate":33059.61908175153,"standard_error":1.1495755221550612},"Median":{"confidence_interval":{"confidence_level":0.95,"lower_bound":33056.79206663369,"upper_bound":33058.34116285403},"point_estimate":33057.79246181491,"standard_error":0.3478465408095055},"MedianAbsDev":{"confidence_interval":{"confidence_level":0.95,"lower_bound":2.3522897980406086,"upper_bound":4.258727957914069},"point_estimate":3.1285961565763754,"standard_error":0.47136822440961806},"Slope":{"confidence_interval":{"confidence_level":0.95,"lower_bound":33056.59079814278,"upper_bound":33057.97697861921},"point_estimate":33057.2687015418,"standard_error":0.353490467949245},"StdDev":{"confidence_interval":{"confidence_level":0.95,"lower_bound":4.7533650694471525,"upper_bound":17.132615046037447},"point_estimate":11.5370952749473,"standard_error":3.1940519554250066}}