{"Mean":{"confidence_interval":{"confidence_level":0.95,"lower_bound":2935968.3302111193,"upper_bound":2954713.5823665513},"point_estimate":2942734.794620758,"standard_error":5381.815960083365},"Median":{"confidence_interval":{"confidence_level":0.95,"lower_bound":2934542.435483871,"upper_bound":2935341.323899371},"point_estimate":2935085.611660079,"standard_error":182.65814642795686},"MedianAbsDev":{"confidence_interval":{"confidence_level":0.95,"lower_bound":1758.8277502325243,"upper_bound":3478.913516755817},"point_estimate":2521.7262156846714,"standard_error":459.207212090833},"Slope":{"confidence_interval":{"confidence_level":0.95,"lower_bound":2934748.7075900007,"upper_bound":2936845.9198697046},"point_estimate":2935685.3568907934,"standard_error":536.8589483345196},"StdDev":{"confidence_interval":{"confidence_level":0.95,"lower_bound":5561.712829127135,"upper_bound":91920.99329451969},"point_estimate":54154.11808123893,"standard_error":29230.510556698875}}