{"Mean":{"confidence_interval":{"confidence_level":0.95,"lower_bound":2936194.36805683,"upper_bound":2955996.9328201097},"point_estimate":2943380.30847108,"standard_error":5641.577791758327},"Median":{"confidence_interval":{"confidence_level":0.95,"lower_bound":2934563.1770094563,"upper_bound":2936071.7916666665},"point_estimate":2935254.1018867926,"standard_error":317.8425041822266},"MedianAbsDev":{"confidence_interval":{"confidence_level":0.95,"lower_bound":1970.0664900244433,"upper_bound":4260.11121826875},"point_estimate":2872.4881088938096,"standard_error":577.5139885341918},"Slope":{"confidence_interval":{"confidence_level":0.95,"lower_bound":2934607.9748405926,"upper_bound":2936397.533058948},"point_estimate":2935431.5783833307,"standard_error":457.84751795089494},"StdDev":{"confidence_interval":{"confidence_level":0.95,"lower_bound":4894.468755570979,"upper_bound":96206.63777828992},"point_estimate":56751.199620484265,"standard_error":30243.851370706416}}