{"Mean":{"confidence_interval":{"confidence_level":0.95,"lower_bound":12917.289477407567,"upper_bound":12932.529602862189},"point_estimate":12924.052963279137,"standard_error":3.9039081031787766},"Median":{"confidence_interval":{"confidence_level":0.95,"lower_bound":12912.54423245294,"upper_bound":12916.883244206772},"point_estimate":12914.248501939403,"standard_error":1.1001156308123767},"MedianAbsDev":{"confidence_interval":{"confidence_level":0.95,"lower_bound":7.439961513726848,"upper_bound":18.133937905554134},"point_estimate":10.730420334138756,"standard_error":2.772707986010076},"Slope":{"confidence_interval":{"confidence_level":0.95,"lower_bound":12914.728697812227,"upper_bound":12920.492152318791},"point_estimate":12917.564037393078,"standard_error":1.4743297558407906},"StdDev":{"confidence_interval":{"confidence_level":0.95,"lower_bound":19.086982265427796,"upper_bound":57.28966948466362},"point_estimate":39.33624037720522,"standard_error":10.11183367880872}}