{"Mean":{"confidence_interval":{"confidence_level":0.95,"lower_bound":126107.42248652267,"upper_bound":126253.66571882249},"point_estimate":126187.83503463032,"standard_error":37.25661014845049},"Median":{"confidence_interval":{"confidence_level":0.95,"lower_bound":126253.5625,"upper_bound":126264.245},"point_estimate":126257.8114287825,"standard_error":3.1765203644809596},"MedianAbsDev":{"confidence_interval":{"confidence_level":0.95,"lower_bound":20.08445111797252,"upper_bound":44.67724752059033},"point_estimate":29.99223294713723,"standard_error":6.462334557632423},"Slope":{"confidence_interval":{"confidence_level":0.95,"lower_bound":126234.28318437179,"upper_bound":126258.3386774667},"point_estimate":126247.47665730752,"standard_error":6.139319965917296},"StdDev":{"confidence_interval":{"confidence_level":0.95,"lower_bound":182.36479773730497,"upper_bound":505.53976824476734},"point_estimate":373.20270128028,"standard_error":80.36092382777272}}