{"Mean":{"confidence_interval":{"confidence_level":0.95,"lower_bound":125761.93869040872,"upper_bound":125974.74589476438},"point_estimate":125846.37973836475,"standard_error":56.715682700286116},"Median":{"confidence_interval":{"confidence_level":0.95,"lower_bound":125799.78125,"upper_bound":125807.38851508661},"point_estimate":125803.25327797202,"standard_error":1.9741932671813487},"MedianAbsDev":{"confidence_interval":{"confidence_level":0.95,"lower_bound":12.528767364887168,"upper_bound":23.744137270759268},"point_estimate":17.518874897308013,"standard_error":3.044784953354895},"Slope":{"confidence_interval":{"confidence_level":0.95,"lower_bound":125685.97007511872,"upper_bound":125808.62441649137},"point_estimate":125757.80816536132,"standard_error":32.16342702697201},"StdDev":{"confidence_interval":{"confidence_level":0.95,"lower_bound":115.90171030885037,"upper_bound":951.295578868745},"point_estimate":569.3526034936533,"standard_error":264.5215370720713}}