{"Mean":{"confidence_interval":{"confidence_level":0.95,"lower_bound":824.9050095455956,"upper_bound":825.8013123338981},"point_estimate":825.3269686012952,"standard_error":0.2293780913783931},"Median":{"confidence_interval":{"confidence_level":0.95,"lower_bound":824.1741885964913,"upper_bound":824.2780787037037},"point_estimate":824.224938568376,"standard_error":0.031938300450986626},"MedianAbsDev":{"confidence_interval":{"confidence_level":0.95,"lower_bound":0.11706156434784887,"upper_bound":0.31544004834861183},"point_estimate":0.17315676448154174,"standard_error":0.05195717754167756},"Slope":{"confidence_interval":{"confidence_level":0.95,"lower_bound":825.0579001756158,"upper_bound":825.9002923838167},"point_estimate":825.4708683069799,"standard_error":0.21542537169284312},"StdDev":{"confidence_interval":{"confidence_level":0.95,"lower_bound":1.6341547566800327,"upper_bound":2.949373341624517},"point_estimate":2.3103835381770192,"standard_error":0.33854936679519554}}