{"Mean":{"confidence_interval":{"confidence_level":0.95,"lower_bound":157604.82597428368,"upper_bound":157630.81271360783},"point_estimate":157617.66022014525,"standard_error":6.589147289922139},"Median":{"confidence_interval":{"confidence_level":0.95,"lower_bound":157609.6447368421,"upper_bound":157629.47569955818},"point_estimate":157617.46163003665,"standard_error":5.203786275771007},"MedianAbsDev":{"confidence_interval":{"confidence_level":0.95,"lower_bound":25.10564635351023,"upper_bound":43.07563715485551},"point_estimate":35.32387414967274,"standard_error":4.4436854451624805},"Slope":{"confidence_interval":{"confidence_level":0.95,"lower_bound":157619.2885092343,"upper_bound":157631.70127674923},"point_estimate":157625.60604361503,"standard_error":3.1686010157783233},"StdDev":{"confidence_interval":{"confidence_level":0.95,"lower_bound":41.89992328720482,"upper_bound":87.71246248242166},"point_estimate":65.97748028931746,"standard_error":11.71720497075569}}