{"Mean":{"confidence_interval":{"confidence_level":0.95,"lower_bound":813486.9414125881,"upper_bound":814085.9058978708},"point_estimate":813771.3874211089,"standard_error":152.39516111694067},"Median":{"confidence_interval":{"confidence_level":0.95,"lower_bound":812762.3653846154,"upper_bound":814126.57},"point_estimate":812875.4199999999,"standard_error":290.42947005207765},"MedianAbsDev":{"confidence_interval":{"confidence_level":0.95,"lower_bound":188.3350252712134,"upper_bound":1942.9590495218777},"point_estimate":402.2219598590223,"standard_error":403.11026277229075},"Slope":{"confidence_interval":{"confidence_level":0.95,"lower_bound":813731.8042700249,"upper_bound":814187.1325136203},"point_estimate":813961.9856805083,"standard_error":116.01736955227898},"StdDev":{"confidence_interval":{"confidence_level":0.95,"lower_bound":1163.6484611810133,"upper_bound":1899.436223096783},"point_estimate":1530.3217777068496,"standard_error":190.52102489578755}}