{"Mean":{"confidence_interval":{"confidence_level":0.95,"lower_bound":812684.6891327763,"upper_bound":812837.334506399},"point_estimate":812752.9423810652,"standard_error":39.06572680407161},"Median":{"confidence_interval":{"confidence_level":0.95,"lower_bound":812644.2814814814,"upper_bound":812706.075},"point_estimate":812679.8271721312,"standard_error":17.726114727942274},"MedianAbsDev":{"confidence_interval":{"confidence_level":0.95,"lower_bound":71.23828968361482,"upper_bound":130.18847415924742},"point_estimate":100.04803477929745,"standard_error":15.632523160071216},"Slope":{"confidence_interval":{"confidence_level":0.95,"lower_bound":812659.784625584,"upper_bound":812825.1160388223},"point_estimate":812718.8780390129,"standard_error":45.680739447906106},"StdDev":{"confidence_interval":{"confidence_level":0.95,"lower_bound":178.35119659589301,"upper_bound":565.2660947304985},"point_estimate":391.61264267581925,"standard_error":98.93782110538889}}