{"Mean":{"confidence_interval":{"confidence_level":0.95,"lower_bound":12970.298087150677,"upper_bound":12984.794147089988},"point_estimate":12976.661670959316,"standard_error":3.7279355764064377},"Median":{"confidence_interval":{"confidence_level":0.95,"lower_bound":12967.205159279778,"upper_bound":12974.630980861244},"point_estimate":12969.442631889031,"standard_error":1.6055822045728976},"MedianAbsDev":{"confidence_interval":{"confidence_level":0.95,"lower_bound":7.880576073739625,"upper_bound":12.870205223517543},"point_estimate":10.94029082232897,"standard_error":1.229926903338658},"Slope":{"confidence_interval":{"confidence_level":0.95,"lower_bound":12968.219650253046,"upper_bound":12972.655913427176},"point_estimate":12970.355979482472,"standard_error":1.1334506063796796},"StdDev":{"confidence_interval":{"confidence_level":0.95,"lower_bound":12.865540156549901,"upper_bound":55.13236979588357},"point_estimate":37.476864940729065,"standard_error":10.394725803387175}}