{"Mean":{"confidence_interval":{"confidence_level":0.95,"lower_bound":27971445.508353528,"upper_bound":28022191.87928774},"point_estimate":27994460.961151764,"standard_error":13022.350887298142},"Median":{"confidence_interval":{"confidence_level":0.95,"lower_bound":27955126.842105262,"upper_bound":27965614.314285714},"point_estimate":27961303.922514617,"standard_error":3002.586012588703},"MedianAbsDev":{"confidence_interval":{"confidence_level":0.95,"lower_bound":15551.29273961737,"upper_bound":27678.543752474547},"point_estimate":20169.509724464155,"standard_error":3030.036563047959},"Slope":{"confidence_interval":{"confidence_level":0.95,"lower_bound":27977242.56942627,"upper_bound":28104315.03998703},"point_estimate":28036438.28748633,"standard_error":32708.664323113895},"StdDev":{"confidence_interval":{"confidence_level":0.95,"lower_bound":73900.03806118827,"upper_bound":174940.21366180145},"point_estimate":130532.00839457773,"standard_error":26539.985318278206}}