{"Mean":{"confidence_interval":{"confidence_level":0.95,"lower_bound":28243423.435092628,"upper_bound":28321996.462079093},"point_estimate":28281647.37954073,"standard_error":20016.028078684034},"Median":{"confidence_interval":{"confidence_level":0.95,"lower_bound":28136251.336842105,"upper_bound":28324840.490199573},"point_estimate":28205244.57142857,"standard_error":71501.84490825217},"MedianAbsDev":{"confidence_interval":{"confidence_level":0.95,"lower_bound":55609.59723784643,"upper_bound":291469.01490039297},"point_estimate":164255.42021630573,"standard_error":78559.83730947194},"Slope":{"confidence_interval":{"confidence_level":0.95,"lower_bound":28269153.432831377,"upper_bound":28402327.491008837},"point_estimate":28334686.326070637,"standard_error":33977.88985415252},"StdDev":{"confidence_interval":{"confidence_level":0.95,"lower_bound":171814.22860138136,"upper_bound":223272.5530431187},"point_estimate":200827.5261934839,"standard_error":13124.877769304923}}