{"Mean":{"confidence_interval":{"confidence_level":0.95,"lower_bound":3109541.5763431867,"upper_bound":3114380.9097063816},"point_estimate":3111690.4661306916,"standard_error":1242.8238297544428},"Median":{"confidence_interval":{"confidence_level":0.95,"lower_bound":3107910.8720930233,"upper_bound":3111376.8387096776},"point_estimate":3109199.4935122645,"standard_error":855.6816071390613},"MedianAbsDev":{"confidence_interval":{"confidence_level":0.95,"lower_bound":4360.460603875576,"upper_bound":7203.41274086363},"point_estimate":5735.79237573029,"standard_error":708.9100070555919},"Slope":{"confidence_interval":{"confidence_level":0.95,"lower_bound":3108762.5206867275,"upper_bound":3110933.2942442787},"point_estimate":3109798.3854145114,"standard_error":553.7373729132912},"StdDev":{"confidence_interval":{"confidence_level":0.95,"lower_bound":6171.5905446348415,"upper_bound":18675.9581908197},"point_estimate":12496.445909757302,"standard_error":3498.6133399971513}}