{"Mean":{"confidence_interval":{"confidence_level":0.95,"lower_bound":18755871.200626887,"upper_bound":18762646.992055163},"point_estimate":18759000.2583985,"standard_error":1733.73242959968},"Median":{"confidence_interval":{"confidence_level":0.95,"lower_bound":18753549.083333332,"upper_bound":18758107.83076923},"point_estimate":18755031.045918368,"standard_error":1129.9329424803539},"MedianAbsDev":{"confidence_interval":{"confidence_level":0.95,"lower_bound":6235.021351251902,"upper_bound":10457.99835251603},"point_estimate":8515.91707033078,"standard_error":1056.5476792808067},"Slope":{"confidence_interval":{"confidence_level":0.95,"lower_bound":18751978.67726621,"upper_bound":18754465.28704948},"point_estimate":18753197.03795478,"standard_error":633.73803555505},"StdDev":{"confidence_interval":{"confidence_level":0.95,"lower_bound":10408.718966789773,"upper_bound":23325.53662521917},"point_estimate":17320.682963011674,"standard_error":3312.873817581485}}