{"Mean":{"confidence_interval":{"confidence_level":0.95,"lower_bound":4721.581682882443,"upper_bound":4728.044462487515},"point_estimate":4723.9631098991795,"standard_error":1.7861037658537384},"Median":{"confidence_interval":{"confidence_level":0.95,"lower_bound":4721.007326555024,"upper_bound":4721.662253084502},"point_estimate":4721.317149549753,"standard_error":0.1489797789272442},"MedianAbsDev":{"confidence_interval":{"confidence_level":0.95,"lower_bound":0.8645054947540167,"upper_bound":1.5848502735066123},"point_estimate":1.0965700097765512,"standard_error":0.18570977094547425},"Slope":{"confidence_interval":{"confidence_level":0.95,"lower_bound":4721.164992059163,"upper_bound":4721.873019647472},"point_estimate":4721.490421571615,"standard_error":0.18188355714089705},"StdDev":{"confidence_interval":{"confidence_level":0.95,"lower_bound":2.1802742768615273,"upper_bound":30.362279815442673},"point_estimate":18.007405797798807,"standard_error":9.149338249607457}}