{"Mean":{"confidence_interval":{"confidence_level":0.95,"lower_bound":15661.152837541287,"upper_bound":15670.077067258153},"point_estimate":15665.014662050724,"standard_error":2.309096046601227},"Median":{"confidence_interval":{"confidence_level":0.95,"lower_bound":15658.894859937704,"upper_bound":15661.550635588505},"point_estimate":15659.567586723102,"standard_error":0.7255698916318919},"MedianAbsDev":{"confidence_interval":{"confidence_level":0.95,"lower_bound":4.212283112778722,"upper_bound":7.237505069772893},"point_estimate":5.584777204220595,"standard_error":0.7498884333527019},"Slope":{"confidence_interval":{"confidence_level":0.95,"lower_bound":15658.926940036281,"upper_bound":15661.375970294868},"point_estimate":15660.07382676434,"standard_error":0.6234480266115547},"StdDev":{"confidence_interval":{"confidence_level":0.95,"lower_bound":9.047958775041666,"upper_bound":35.80838998257024},"point_estimate":23.237320380629946,"standard_error":7.452105662827454}}