{"Mean":{"confidence_interval":{"confidence_level":0.95,"lower_bound":1345.8428286673611,"upper_bound":1346.2290889201277},"point_estimate":1346.0201834537124,"standard_error":0.09910924161165013},"Median":{"confidence_interval":{"confidence_level":0.95,"lower_bound":1345.711053924042,"upper_bound":1345.8692873234374},"point_estimate":1345.7799226896077,"standard_error":0.040258170480676654},"MedianAbsDev":{"confidence_interval":{"confidence_level":0.95,"lower_bound":0.25777656218117545,"upper_bound":0.43891811290672395},"point_estimate":0.34189117584930184,"standard_error":0.04485884627425043},"Slope":{"confidence_interval":{"confidence_level":0.95,"lower_bound":1345.7492242213566,"upper_bound":1345.9551586072937},"point_estimate":1345.8442809048076,"standard_error":0.052944101137592826},"StdDev":{"confidence_interval":{"confidence_level":0.95,"lower_bound":0.5853385548990898,"upper_bound":1.374686208989195},"point_estimate":0.9952653149120023,"standard_error":0.2055888214100748}}