{"Mean":{"confidence_interval":{"confidence_level":0.95,"lower_bound":1416.3724647064582,"upper_bound":1417.0247994296833},"point_estimate":1416.6435975865115,"standard_error":0.17034617462650173},"Median":{"confidence_interval":{"confidence_level":0.95,"lower_bound":1416.22684117619,"upper_bound":1416.3700457025466},"point_estimate":1416.2832574274282,"standard_error":0.03413791719279154},"MedianAbsDev":{"confidence_interval":{"confidence_level":0.95,"lower_bound":0.2291596549199501,"upper_bound":0.45560667226661666},"point_estimate":0.3249851828903594,"standard_error":0.056424007959333417},"Slope":{"confidence_interval":{"confidence_level":0.95,"lower_bound":1416.24746779282,"upper_bound":1416.4356246344448},"point_estimate":1416.3311019575076,"standard_error":0.04842570510359045},"StdDev":{"confidence_interval":{"confidence_level":0.95,"lower_bound":0.6279241165733939,"upper_bound":2.7144920229860166},"point_estimate":1.7103294050246731,"standard_error":0.633103700517502}}