{"Mean":{"confidence_interval":{"confidence_level":0.95,"lower_bound":7494.429071251849,"upper_bound":7502.719414081145},"point_estimate":7498.106901318738,"standard_error":2.131600675634038},"Median":{"confidence_interval":{"confidence_level":0.95,"lower_bound":7492.26828631139,"upper_bound":7496.384997516145},"point_estimate":7494.34179061961,"standard_error":1.0910437279437406},"MedianAbsDev":{"confidence_interval":{"confidence_level":0.95,"lower_bound":5.5319483988925455,"upper_bound":9.246629170280091},"point_estimate":7.320771347396657,"standard_error":0.9604293365448302},"Slope":{"confidence_interval":{"confidence_level":0.95,"lower_bound":7493.29461845167,"upper_bound":7495.561751615316},"point_estimate":7494.4371918535135,"standard_error":0.5799062132910695},"StdDev":{"confidence_interval":{"confidence_level":0.95,"lower_bound":9.575869809343043,"upper_bound":31.07218213152328},"point_estimate":21.476963607537073,"standard_error":5.657830906345631}}