{"Mean":{"confidence_interval":{"confidence_level":0.95,"lower_bound":1047231.7664994724,"upper_bound":1048662.9595750677},"point_estimate":1047944.5955962527,"standard_error":365.31344968653667},"Median":{"confidence_interval":{"confidence_level":0.95,"lower_bound":1048111.27625,"upper_bound":1048784.25},"point_estimate":1048341.2210183042,"standard_error":167.77169834520245},"MedianAbsDev":{"confidence_interval":{"confidence_level":0.95,"lower_bound":989.612327495763,"upper_bound":1708.0796479561916},"point_estimate":1283.2302125717229,"standard_error":175.33318785201968},"Slope":{"confidence_interval":{"confidence_level":0.95,"lower_bound":1048498.675593114,"upper_bound":1049049.0740075104},"point_estimate":1048769.484409635,"standard_error":140.35041290996315},"StdDev":{"confidence_interval":{"confidence_level":0.95,"lower_bound":2695.3954043514204,"upper_bound":4649.56856073477},"point_estimate":3659.026788462479,"standard_error":505.0254521018791}}