{"Mean":{"confidence_interval":{"confidence_level":0.95,"lower_bound":1047604.5305247878,"upper_bound":1051042.6656308435},"point_estimate":1049295.1991776174,"standard_error":875.0292126370731},"Median":{"confidence_interval":{"confidence_level":0.95,"lower_bound":1041825.7818181819,"upper_bound":1055380.720918866},"point_estimate":1042718.8592105263,"standard_error":5374.307399347525},"MedianAbsDev":{"confidence_interval":{"confidence_level":0.95,"lower_bound":1172.5953789303237,"upper_bound":16648.774037758587},"point_estimate":3339.528538269616,"standard_error":4786.504527149615},"Slope":{"confidence_interval":{"confidence_level":0.95,"lower_bound":1042538.2690712814,"upper_bound":1044025.421348023},"point_estimate":1043181.5188325698,"standard_error":381.1246453830636},"StdDev":{"confidence_interval":{"confidence_level":0.95,"lower_bound":7675.334982904735,"upper_bound":10032.738987713916},"point_estimate":8799.600527583756,"standard_error":611.929665768136}}