{"Mean":{"confidence_interval":{"confidence_level":0.95,"lower_bound":27097.124719610536,"upper_bound":27124.76412709748},"point_estimate":27109.70689393063,"standard_error":7.06948909860706},"Median":{"confidence_interval":{"confidence_level":0.95,"lower_bound":27086.415315315317,"upper_bound":27098.1096027846},"point_estimate":27090.407764183103,"standard_error":3.183402262292427},"MedianAbsDev":{"confidence_interval":{"confidence_level":0.95,"lower_bound":19.600790771411646,"upper_bound":37.73350642973094},"point_estimate":26.93160979214045,"standard_error":4.630105904138715},"Slope":{"confidence_interval":{"confidence_level":0.95,"lower_bound":27093.0503168148,"upper_bound":27106.490066693827},"point_estimate":27099.521439897115,"standard_error":3.4282150459669625},"StdDev":{"confidence_interval":{"confidence_level":0.95,"lower_bound":41.688216003296056,"upper_bound":99.51883259940041},"point_estimate":70.88982006719414,"standard_error":15.262764041433803}}