{"Mean":{"confidence_interval":{"confidence_level":0.95,"lower_bound":17091592.578903567,"upper_bound":17098167.790239725},"point_estimate":17094781.15453606,"standard_error":1675.997077093414},"Median":{"confidence_interval":{"confidence_level":0.95,"lower_bound":17090555.022638146,"upper_bound":17095742.0},"point_estimate":17091777.167657048,"standard_error":1430.5906409280205},"MedianAbsDev":{"confidence_interval":{"confidence_level":0.95,"lower_bound":8358.596750451587,"upper_bound":15833.888976564665},"point_estimate":11890.713881481823,"standard_error":2053.308434088176},"Slope":{"confidence_interval":{"confidence_level":0.95,"lower_bound":17090079.126384966,"upper_bound":17095945.08128838},"point_estimate":17092886.809948277,"standard_error":1497.4956958599637},"StdDev":{"confidence_interval":{"confidence_level":0.95,"lower_bound":12946.497173222733,"upper_bound":21033.375657060114},"point_estimate":16894.985187216585,"standard_error":2104.4113769185665}}