{"Mean":{"confidence_interval":{"confidence_level":0.95,"lower_bound":17087146.997182406,"upper_bound":17109074.04826823},"point_estimate":17095553.717806455,"standard_error":5945.816700874401},"Median":{"confidence_interval":{"confidence_level":0.95,"lower_bound":17086413.92982456,"upper_bound":17091404.260869566},"point_estimate":17089008.677655675,"standard_error":1205.9974897142395},"MedianAbsDev":{"confidence_interval":{"confidence_level":0.95,"lower_bound":9635.976627043678,"upper_bound":15206.008039586408},"point_estimate":12063.250988137628,"standard_error":1366.9311668122248},"Slope":{"confidence_interval":{"confidence_level":0.95,"lower_bound":17086811.811192587,"upper_bound":17092373.011178657},"point_estimate":17089490.331863455,"standard_error":1423.4447311092488},"StdDev":{"confidence_interval":{"confidence_level":0.95,"lower_bound":14474.24781265751,"upper_bound":100014.52969713068},"point_estimate":59943.64591009376,"standard_error":28743.967707000294}}