{"Mean":{"confidence_interval":{"confidence_level":0.95,"lower_bound":36162.94863654013,"upper_bound":36201.31986059596},"point_estimate":36178.463432889985,"standard_error":10.060362553583069},"Median":{"confidence_interval":{"confidence_level":0.95,"lower_bound":36155.519521791764,"upper_bound":36162.26022054391},"point_estimate":36158.32142857143,"standard_error":1.8346570563128988},"MedianAbsDev":{"confidence_interval":{"confidence_level":0.95,"lower_bound":9.50828887488027,"upper_bound":17.199902275086057},"point_estimate":12.607997459089715,"standard_error":2.0943252682478195},"Slope":{"confidence_interval":{"confidence_level":0.95,"lower_bound":36156.397840934296,"upper_bound":36165.02895191696},"point_estimate":36160.13257045747,"standard_error":2.2171597486154275},"StdDev":{"confidence_interval":{"confidence_level":0.95,"lower_bound":27.27440380724498,"upper_bound":163.76732212229064},"point_estimate":101.23125462075203,"standard_error":40.39456580638165}}