{"Mean":{"confidence_interval":{"confidence_level":0.95,"lower_bound":36124.28488406156,"upper_bound":36140.41130407121},"point_estimate":36131.353785135834,"standard_error":4.143720996137904},"Median":{"confidence_interval":{"confidence_level":0.95,"lower_bound":36118.49888392857,"upper_bound":36125.5439986124},"point_estimate":36121.41214763497,"standard_error":1.6751309946675195},"MedianAbsDev":{"confidence_interval":{"confidence_level":0.95,"lower_bound":8.904687688576399,"upper_bound":16.45194581665701},"point_estimate":13.029830534099943,"standard_error":1.848893956910179},"Slope":{"confidence_interval":{"confidence_level":0.95,"lower_bound":36120.855436783124,"upper_bound":36125.3996428286},"point_estimate":36123.04515432034,"standard_error":1.1591015431281286},"StdDev":{"confidence_interval":{"confidence_level":0.95,"lower_bound":18.548730757884638,"upper_bound":62.65093139264905},"point_estimate":41.52358693900846,"standard_error":11.900135538586191}}