{"Mean":{"confidence_interval":{"confidence_level":0.95,"lower_bound":1816.697230076668,"upper_bound":1816.9807369340501},"point_estimate":1816.8281222508056,"standard_error":0.07269058130852943},"Median":{"confidence_interval":{"confidence_level":0.95,"lower_bound":1816.549652138326,"upper_bound":1816.7293106371446},"point_estimate":1816.6515960712095,"standard_error":0.049386346012962906},"MedianAbsDev":{"confidence_interval":{"confidence_level":0.95,"lower_bound":0.23192484642791933,"upper_bound":0.4576121721561751},"point_estimate":0.3317428753438538,"standard_error":0.05824580769865931},"Slope":{"confidence_interval":{"confidence_level":0.95,"lower_bound":1816.6096074068575,"upper_bound":1816.7500664655029},"point_estimate":1816.6765482907654,"standard_error":0.03579313197251365},"StdDev":{"confidence_interval":{"confidence_level":0.95,"lower_bound":0.43599110429401294,"upper_bound":0.9795258631890482},"point_estimate":0.7262684205769971,"standard_error":0.1382740492332977}}