{"Mean":{"confidence_interval":{"confidence_level":0.95,"lower_bound":364584.2377145157,"upper_bound":365026.55051273125},"point_estimate":364773.231593014,"standard_error":114.20152156360312},"Median":{"confidence_interval":{"confidence_level":0.95,"lower_bound":364499.69915640674,"upper_bound":364618.4549707603},"point_estimate":364543.69692633813,"standard_error":28.90739299372707},"MedianAbsDev":{"confidence_interval":{"confidence_level":0.95,"lower_bound":185.8783509424349,"upper_bound":291.58581965665275},"point_estimate":242.24997181029778,"standard_error":26.69386882534264},"Slope":{"confidence_interval":{"confidence_level":0.95,"lower_bound":364492.75274014013,"upper_bound":364580.2376101189},"point_estimate":364535.04261366435,"standard_error":22.39013708750847},"StdDev":{"confidence_interval":{"confidence_level":0.95,"lower_bound":318.9528077246108,"upper_bound":1754.6861116916791},"point_estimate":1144.1032972969037,"standard_error":376.46304584436837}}