{"Mean":{"confidence_interval":{"confidence_level":0.95,"lower_bound":361244.1757845265,"upper_bound":361506.7900793727},"point_estimate":361355.46555439534,"standard_error":68.05551158989877},"Median":{"confidence_interval":{"confidence_level":0.95,"lower_bound":361207.0763888889,"upper_bound":361274.6666666667},"point_estimate":361240.99411764706,"standard_error":16.208398254597686},"MedianAbsDev":{"confidence_interval":{"confidence_level":0.95,"lower_bound":118.34888609329974,"upper_bound":193.29973723492049},"point_estimate":160.65915065785228,"standard_error":20.257189964341542},"Slope":{"confidence_interval":{"confidence_level":0.95,"lower_bound":361195.0965706522,"upper_bound":361260.7768438023},"point_estimate":361227.0010561056,"standard_error":16.780269844954248},"StdDev":{"confidence_interval":{"confidence_level":0.95,"lower_bound":244.32979339633445,"upper_bound":1065.8453828168415},"point_estimate":681.2768923992456,"standard_error":229.2675511164914}}