{"Mean":{"confidence_interval":{"confidence_level":0.95,"lower_bound":1386.3051872626604,"upper_bound":1386.9602873634633},"point_estimate":1386.5995624032385,"standard_error":0.1681066030519785},"Median":{"confidence_interval":{"confidence_level":0.95,"lower_bound":1386.0926283066117,"upper_bound":1386.290226845322},"point_estimate":1386.190941942633,"standard_error":0.045011504644630496},"MedianAbsDev":{"confidence_interval":{"confidence_level":0.95,"lower_bound":0.3588923946132843,"upper_bound":0.605807812639156},"point_estimate":0.4707777004001935,"standard_error":0.061955275699012456},"Slope":{"confidence_interval":{"confidence_level":0.95,"lower_bound":1386.1631941743215,"upper_bound":1386.3608094753656},"point_estimate":1386.2579637221454,"standard_error":0.05060655419027385},"StdDev":{"confidence_interval":{"confidence_level":0.95,"lower_bound":0.7454836924170049,"upper_bound":2.3626178329390113},"point_estimate":1.6875073450168807,"standard_error":0.39045912459411736}}