{"Mean":{"confidence_interval":{"confidence_level":0.95,"lower_bound":1449.4526865951161,"upper_bound":1451.355506804134},"point_estimate":1450.3489822953825,"standard_error":0.4840820700654044},"Median":{"confidence_interval":{"confidence_level":0.95,"lower_bound":1447.79074347612,"upper_bound":1448.8485967503693},"point_estimate":1448.1904078196544,"standard_error":0.2978647495246798},"MedianAbsDev":{"confidence_interval":{"confidence_level":0.95,"lower_bound":0.773294470450442,"upper_bound":2.2423400218434497},"point_estimate":1.3399957235999664,"standard_error":0.4137462813205207},"Slope":{"confidence_interval":{"confidence_level":0.95,"lower_bound":1448.8474020440701,"upper_bound":1450.0882510599376},"point_estimate":1449.4346517409297,"standard_error":0.3169370229757531},"StdDev":{"confidence_interval":{"confidence_level":0.95,"lower_bound":3.408772616445788,"upper_bound":6.264784044984154},"point_estimate":4.865726674828994,"standard_error":0.7385847158560709}}