{"Mean":{"confidence_interval":{"confidence_level":0.95,"lower_bound":13922.836851362581,"upper_bound":13924.285967439151},"point_estimate":13923.524213027977,"standard_error":0.37178317295878627},"Median":{"confidence_interval":{"confidence_level":0.95,"lower_bound":13922.547138047137,"upper_bound":13923.489635708567},"point_estimate":13922.938769600856,"standard_error":0.2693755503435458},"MedianAbsDev":{"confidence_interval":{"confidence_level":0.95,"lower_bound":1.5460472654816717,"upper_bound":2.5148512933823155},"point_estimate":1.9654739183392265,"standard_error":0.24398521372061005},"Slope":{"confidence_interval":{"confidence_level":0.95,"lower_bound":13923.296183840743,"upper_bound":13924.178376092239},"point_estimate":13923.725049751243,"standard_error":0.2249009906032621},"StdDev":{"confidence_interval":{"confidence_level":0.95,"lower_bound":2.4825958901454483,"upper_bound":4.804043630962109},"point_estimate":3.7187622508243705,"standard_error":0.5955122343852657}}