{"Mean":{"confidence_interval":{"confidence_level":0.95,"lower_bound":13627.460244197531,"upper_bound":13640.241750763396},"point_estimate":13633.317220874042,"standard_error":3.2757309734957896},"Median":{"confidence_interval":{"confidence_level":0.95,"lower_bound":13620.823353253341,"upper_bound":13629.172211350293},"point_estimate":13624.760322037971,"standard_error":2.1021934179098243},"MedianAbsDev":{"confidence_interval":{"confidence_level":0.95,"lower_bound":10.707973852180567,"upper_bound":22.010126163509085},"point_estimate":15.582469831065149,"standard_error":2.8941544695385035},"Slope":{"confidence_interval":{"confidence_level":0.95,"lower_bound":13624.910540698185,"upper_bound":13632.13453130875},"point_estimate":13628.363887601192,"standard_error":1.8542491037513618},"StdDev":{"confidence_interval":{"confidence_level":0.95,"lower_bound":18.98171769976986,"upper_bound":47.169504181377285},"point_estimate":33.10408420973069,"standard_error":7.542242688604666}}