{"Mean":{"confidence_interval":{"confidence_level":0.95,"lower_bound":1566399.4201425316,"upper_bound":1574500.9657209136},"point_estimate":1570318.7902192364,"standard_error":2060.511995350603},"Median":{"confidence_interval":{"confidence_level":0.95,"lower_bound":1561400.7777777778,"upper_bound":1571003.830634278},"point_estimate":1564742.1801857585,"standard_error":2474.4141567638826},"MedianAbsDev":{"confidence_interval":{"confidence_level":0.95,"lower_bound":14169.654140438406,"upper_bound":24082.184307843938},"point_estimate":17985.81597568706,"standard_error":2671.384835423095},"Slope":{"confidence_interval":{"confidence_level":0.95,"lower_bound":1567152.8384423442,"upper_bound":1575321.005517001},"point_estimate":1571184.7278971479,"standard_error":2082.836625939217},"StdDev":{"confidence_interval":{"confidence_level":0.95,"lower_bound":16895.01482532387,"upper_bound":24421.444317674734},"point_estimate":20721.12671596647,"standard_error":1931.9254390941128}}