{"Mean":{"confidence_interval":{"confidence_level":0.95,"lower_bound":29511.209662690217,"upper_bound":29524.46896919849},"point_estimate":29518.153166903754,"standard_error":3.3797433931277676},"Median":{"confidence_interval":{"confidence_level":0.95,"lower_bound":29518.723981900454,"upper_bound":29523.544705882352},"point_estimate":29521.589865447644,"standard_error":1.0460003614654174},"MedianAbsDev":{"confidence_interval":{"confidence_level":0.95,"lower_bound":7.279328020500858,"upper_bound":13.433787397456435},"point_estimate":10.283697694265186,"standard_error":1.5615794998542105},"Slope":{"confidence_interval":{"confidence_level":0.95,"lower_bound":29495.32881111572,"upper_bound":29518.28100592037},"point_estimate":29507.326030041986,"standard_error":5.8456613259031975},"StdDev":{"confidence_interval":{"confidence_level":0.95,"lower_bound":23.852853707203757,"upper_bound":42.710829383532875},"point_estimate":34.02358428977882,"standard_error":4.818929217752398}}