{"Mean":{"confidence_interval":{"confidence_level":0.95,"lower_bound":25590.281132527994,"upper_bound":25731.86090794436},"point_estimate":25642.227840608422,"standard_error":40.10585584206476},"Median":{"confidence_interval":{"confidence_level":0.95,"lower_bound":25580.653333333332,"upper_bound":25589.949849170436},"point_estimate":25586.28062073362,"standard_error":2.4100150326898193},"MedianAbsDev":{"confidence_interval":{"confidence_level":0.95,"lower_bound":13.952440376036767,"upper_bound":23.010651663524467},"point_estimate":17.490198565654907,"standard_error":2.297377668475854},"Slope":{"confidence_interval":{"confidence_level":0.95,"lower_bound":25583.440272335727,"upper_bound":25670.632822796957},"point_estimate":25611.17334621637,"standard_error":25.324859079779014},"StdDev":{"confidence_interval":{"confidence_level":0.95,"lower_bound":36.25117724299881,"upper_bound":682.3645107219407},"point_estimate":403.521539078693,"standard_error":212.2532165934801}}