{"Mean":{"confidence_interval":{"confidence_level":0.95,"lower_bound":25825.839607161175,"upper_bound":25871.515781807884},"point_estimate":25845.024504139965,"standard_error":11.85787336122064},"Median":{"confidence_interval":{"confidence_level":0.95,"lower_bound":25813.23304843305,"upper_bound":25824.84692790175},"point_estimate":25817.697587650444,"standard_error":3.024901533446851},"MedianAbsDev":{"confidence_interval":{"confidence_level":0.95,"lower_bound":17.2152243949169,"upper_bound":34.566770534787736},"point_estimate":24.362278873730148,"standard_error":4.529365239781297},"Slope":{"confidence_interval":{"confidence_level":0.95,"lower_bound":25818.145358612222,"upper_bound":25830.71291842618},"point_estimate":25823.967736034225,"standard_error":3.2093024237889947},"StdDev":{"confidence_interval":{"confidence_level":0.95,"lower_bound":48.75962599561451,"upper_bound":186.23086700868282},"point_estimate":119.12946201054777,"standard_error":41.77224331309763}}