{"Mean":{"confidence_interval":{"confidence_level":0.95,"lower_bound":23011.44253407214,"upper_bound":23037.06008246481},"point_estimate":23023.022356898946,"standard_error":6.553837034157562},"Median":{"confidence_interval":{"confidence_level":0.95,"lower_bound":23001.459848065897,"upper_bound":23008.894454382826},"point_estimate":23004.34742054786,"standard_error":1.6899938787628515},"MedianAbsDev":{"confidence_interval":{"confidence_level":0.95,"lower_bound":12.680483616763432,"upper_bound":24.74481509801546},"point_estimate":17.00360199089548,"standard_error":3.161619218591943},"Slope":{"confidence_interval":{"confidence_level":0.95,"lower_bound":23003.75926902534,"upper_bound":23012.245919457542},"point_estimate":23007.812663163575,"standard_error":2.165196958585784},"StdDev":{"confidence_interval":{"confidence_level":0.95,"lower_bound":37.188889571773004,"upper_bound":93.84842978388946},"point_estimate":65.96927277558655,"standard_error":15.133108902486775}}