{"Mean":{"confidence_interval":{"confidence_level":0.95,"lower_bound":22940.85778596549,"upper_bound":22982.473773661266},"point_estimate":22960.03392553903,"standard_error":10.613097788378505},"Median":{"confidence_interval":{"confidence_level":0.95,"lower_bound":22972.32441860465,"upper_bound":22985.29242571059},"point_estimate":22980.118085106384,"standard_error":3.586988846825701},"MedianAbsDev":{"confidence_interval":{"confidence_level":0.95,"lower_bound":23.72694312135628,"upper_bound":68.31788771922766},"point_estimate":34.17337388236926,"standard_error":11.752630846680631},"Slope":{"confidence_interval":{"confidence_level":0.95,"lower_bound":22883.509395904493,"upper_bound":22915.5170650157},"point_estimate":22897.903822173957,"standard_error":8.171491665294687},"StdDev":{"confidence_interval":{"confidence_level":0.95,"lower_bound":67.3990173917472,"upper_bound":151.71781927214917},"point_estimate":106.32660471794563,"standard_error":24.937297289114536}}