{"Mean":{"confidence_interval":{"confidence_level":0.95,"lower_bound":6300700.365590955,"upper_bound":6325224.531893652},"point_estimate":6312845.68873936,"standard_error":6260.415841607404},"Median":{"confidence_interval":{"confidence_level":0.95,"lower_bound":6303217.138703704,"upper_bound":6316398.35632184},"point_estimate":6309582.8095030505,"standard_error":3343.905846937747},"MedianAbsDev":{"confidence_interval":{"confidence_level":0.95,"lower_bound":32100.05621829023,"upper_bound":58639.91449984274},"point_estimate":41012.90676317976,"standard_error":7063.860904792099},"Slope":{"confidence_interval":{"confidence_level":0.95,"lower_bound":6311148.477886026,"upper_bound":6331169.315388623},"point_estimate":6320715.640443328,"standard_error":5114.446274601131},"StdDev":{"confidence_interval":{"confidence_level":0.95,"lower_bound":50663.1680282625,"upper_bound":73569.34228022996},"point_estimate":62817.24575345715,"standard_error":5867.6744492560565}}