{"Mean":{"confidence_interval":{"confidence_level":0.95,"lower_bound":1361.6443846861223,"upper_bound":1363.082175200051},"point_estimate":1362.3290499481702,"standard_error":0.3683894637313319},"Median":{"confidence_interval":{"confidence_level":0.95,"lower_bound":1360.373460931334,"upper_bound":1360.729415433969},"point_estimate":1360.5450297824586,"standard_error":0.09054468971454332},"MedianAbsDev":{"confidence_interval":{"confidence_level":0.95,"lower_bound":0.48354150364446097,"upper_bound":1.2380118470664982},"point_estimate":0.8055919789314192,"standard_error":0.19577816034181428},"Slope":{"confidence_interval":{"confidence_level":0.95,"lower_bound":1361.9743768307724,"upper_bound":1363.4087726454627},"point_estimate":1362.680338325331,"standard_error":0.3660427688334279},"StdDev":{"confidence_interval":{"confidence_level":0.95,"lower_bound":2.812911653757907,"upper_bound":4.488155844399349},"point_estimate":3.693095981012854,"standard_error":0.42914762321279326}}