{"Mean":{"confidence_interval":{"confidence_level":0.95,"lower_bound":1352.930907034862,"upper_bound":1353.2336194777158},"point_estimate":1353.061588160889,"standard_error":0.07784410940723738},"Median":{"confidence_interval":{"confidence_level":0.95,"lower_bound":1352.9639269406393,"upper_bound":1353.138580155498},"point_estimate":1353.0444866629477,"standard_error":0.04834816815290173},"MedianAbsDev":{"confidence_interval":{"confidence_level":0.95,"lower_bound":0.2436405588816952,"upper_bound":0.4144013242823786},"point_estimate":0.3306973994851777,"standard_error":0.04575770450954713},"Slope":{"confidence_interval":{"confidence_level":0.95,"lower_bound":1352.992943067485,"upper_bound":1353.1489369263345},"point_estimate":1353.0737598863136,"standard_error":0.03981024433081961},"StdDev":{"confidence_interval":{"confidence_level":0.95,"lower_bound":0.3095383158958339,"upper_bound":1.2442206234575366},"point_estimate":0.782542227402705,"standard_error":0.27976202835586983}}