{"Mean":{"confidence_interval":{"confidence_level":0.95,"lower_bound":398724.39333227725,"upper_bound":399362.00570376986},"point_estimate":399001.0301155711,"standard_error":164.10707054610202},"Median":{"confidence_interval":{"confidence_level":0.95,"lower_bound":398507.40880503145,"upper_bound":398752.07981220656},"point_estimate":398594.46113916946,"standard_error":71.85191181180882},"MedianAbsDev":{"confidence_interval":{"confidence_level":0.95,"lower_bound":346.0861500098071,"upper_bound":639.6756247046482},"point_estimate":474.5953964129775,"standard_error":72.99178243887893},"Slope":{"confidence_interval":{"confidence_level":0.95,"lower_bound":398569.1409495315,"upper_bound":398794.5701188075},"point_estimate":398679.1121501404,"standard_error":57.70234545456543},"StdDev":{"confidence_interval":{"confidence_level":0.95,"lower_bound":616.8841332139843,"upper_bound":2506.4534286325943},"point_estimate":1654.287920987655,"standard_error":507.4298505576617}}