{"Mean":{"confidence_interval":{"confidence_level":0.95,"lower_bound":18267.767128248877,"upper_bound":18274.686326757295},"point_estimate":18270.91265174211,"standard_error":1.7780288809618106},"Median":{"confidence_interval":{"confidence_level":0.95,"lower_bound":18264.64479053094,"upper_bound":18267.48672257163},"point_estimate":18265.77745505193,"standard_error":0.6808288281831452},"MedianAbsDev":{"confidence_interval":{"confidence_level":0.95,"lower_bound":3.7069718374130765,"upper_bound":7.224228324634526},"point_estimate":5.037918817526416,"standard_error":0.939642702463725},"Slope":{"confidence_interval":{"confidence_level":0.95,"lower_bound":18265.457444135947,"upper_bound":18268.541293491067},"point_estimate":18266.886773722148,"standard_error":0.7871843641169601},"StdDev":{"confidence_interval":{"confidence_level":0.95,"lower_bound":9.589575347973437,"upper_bound":24.73435876636055},"point_estimate":17.854024163064338,"standard_error":3.876556890862611}}