{"Mean":{"confidence_interval":{"confidence_level":0.95,"lower_bound":398281.95031152014,"upper_bound":399004.1641064197},"point_estimate":398586.63452984707,"standard_error":188.13766976147403},"Median":{"confidence_interval":{"confidence_level":0.95,"lower_bound":398168.6703703704,"upper_bound":398348.64705882355},"point_estimate":398242.65914141416,"standard_error":55.02108151177589},"MedianAbsDev":{"confidence_interval":{"confidence_level":0.95,"lower_bound":322.53727591240465,"upper_bound":513.0603908007005},"point_estimate":439.1190744504403,"standard_error":49.37927341548255},"Slope":{"confidence_interval":{"confidence_level":0.95,"lower_bound":398188.8395602057,"upper_bound":398353.6635126879},"point_estimate":398270.3700300478,"standard_error":42.047743962297126},"StdDev":{"confidence_interval":{"confidence_level":0.95,"lower_bound":464.1557338747871,"upper_bound":2943.2796525229855},"point_estimate":1893.549361023977,"standard_error":666.8789045112999}}