{"Mean":{"confidence_interval":{"confidence_level":0.95,"lower_bound":416533.7874376291,"upper_bound":417186.25809734856},"point_estimate":416782.9989103856,"standard_error":174.54855659431476},"Median":{"confidence_interval":{"confidence_level":0.95,"lower_bound":416475.9739583333,"upper_bound":416565.3417721519},"point_estimate":416503.25453200145,"standard_error":22.760663200372758},"MedianAbsDev":{"confidence_interval":{"confidence_level":0.95,"lower_bound":134.07590683953023,"upper_bound":230.70009620275957},"point_estimate":180.6883357991669,"standard_error":24.55179636726596},"Slope":{"confidence_interval":{"confidence_level":0.95,"lower_bound":416481.1579341275,"upper_bound":416543.71385667636},"point_estimate":416511.318048372,"standard_error":15.989420163021036},"StdDev":{"confidence_interval":{"confidence_level":0.95,"lower_bound":236.98786923012253,"upper_bound":2933.280276867482},"point_estimate":1761.9706182058774,"standard_error":825.3761513723274}}