{"Mean":{"confidence_interval":{"confidence_level":0.95,"lower_bound":2296285.776063236,"upper_bound":2297544.25048468},"point_estimate":2296958.3140157773,"standard_error":320.75087473808406},"Median":{"confidence_interval":{"confidence_level":0.95,"lower_bound":2296823.222222222,"upper_bound":2297566.708333333},"point_estimate":2297228.451010101,"standard_error":195.26511710140025},"MedianAbsDev":{"confidence_interval":{"confidence_level":0.95,"lower_bound":1163.4516905982277,"upper_bound":2167.9688765107203},"point_estimate":1488.7795396221732,"standard_error":258.7903744980599},"Slope":{"confidence_interval":{"confidence_level":0.95,"lower_bound":2296863.18200213,"upper_bound":2297558.2742925542},"point_estimate":2297209.6590335453,"standard_error":176.7495579594218},"StdDev":{"confidence_interval":{"confidence_level":0.95,"lower_bound":2020.4843666793977,"upper_bound":4515.097224777097},"point_estimate":3217.916702113268,"standard_error":680.5601537416213}}