{"Mean":{"confidence_interval":{"confidence_level":0.95,"lower_bound":2296303.356665409,"upper_bound":2297161.3026968422},"point_estimate":2296726.777259476,"standard_error":218.8960394822026},"Median":{"confidence_interval":{"confidence_level":0.95,"lower_bound":2296272.1215396933,"upper_bound":2296945.406976744},"point_estimate":2296689.8442479596,"standard_error":169.53115801040963},"MedianAbsDev":{"confidence_interval":{"confidence_level":0.95,"lower_bound":1144.933436941163,"upper_bound":1967.1218705789083},"point_estimate":1508.4282267914602,"standard_error":206.73556979216053},"Slope":{"confidence_interval":{"confidence_level":0.95,"lower_bound":2296420.99504335,"upper_bound":2296949.508155029},"point_estimate":2296690.771762967,"standard_error":135.09535426934764},"StdDev":{"confidence_interval":{"confidence_level":0.95,"lower_bound":1576.1803785289144,"upper_bound":2777.588768568728},"point_estimate":2194.0227646850294,"standard_error":308.2366304586968}}