{"Mean":{"confidence_interval":{"confidence_level":0.95,"lower_bound":25799268.07618106,"upper_bound":26091624.85547077},"point_estimate":25945301.225778595,"standard_error":74597.2114036319},"Median":{"confidence_interval":{"confidence_level":0.95,"lower_bound":25531127.87671233,"upper_bound":26391744.0875},"point_estimate":25765461.833333336,"standard_error":322816.5338407898},"MedianAbsDev":{"confidence_interval":{"confidence_level":0.95,"lower_bound":808668.3589777123,"upper_bound":1161415.9175171123},"point_estimate":1154796.2157112958,"standard_error":98411.1192530052},"Slope":{"confidence_interval":{"confidence_level":0.95,"lower_bound":26269951.0865425,"upper_bound":26537465.93458598},"point_estimate":26415825.151050687,"standard_error":68192.90108240102},"StdDev":{"confidence_interval":{"confidence_level":0.95,"lower_bound":687311.9418943758,"upper_bound":799382.7683718735},"point_estimate":748076.7799979653,"standard_error":28619.190196694886}}