{"Mean":{"confidence_interval":{"confidence_level":0.95,"lower_bound":50835.73145551473,"upper_bound":50860.70397441094},"point_estimate":50846.29526645887,"standard_error":6.462295899379195},"Median":{"confidence_interval":{"confidence_level":0.95,"lower_bound":50822.13062770563,"upper_bound":50844.95250209673},"point_estimate":50839.01205959734,"standard_error":7.346900798800385},"MedianAbsDev":{"confidence_interval":{"confidence_level":0.95,"lower_bound":21.24747774871064,"upper_bound":40.5002350940474},"point_estimate":36.592746839218876,"standard_error":5.605149430419843},"Slope":{"confidence_interval":{"confidence_level":0.95,"lower_bound":50837.980919772825,"upper_bound":50852.836473853706},"point_estimate":50844.69419122211,"standard_error":3.7890456943629367},"StdDev":{"confidence_interval":{"confidence_level":0.95,"lower_bound":27.730650017663077,"upper_bound":101.40550353601411},"point_estimate":64.88381776475784,"standard_error":22.615004833665502}}