{"Mean":{"confidence_interval":{"confidence_level":0.95,"lower_bound":50795.76396900882,"upper_bound":50809.50109829745},"point_estimate":50801.14137864044,"standard_error":3.6626397658227052},"Median":{"confidence_interval":{"confidence_level":0.95,"lower_bound":50793.81705685619,"upper_bound":50795.72327586207},"point_estimate":50794.5037397541,"standard_error":0.4539693916242504},"MedianAbsDev":{"confidence_interval":{"confidence_level":0.95,"lower_bound":3.5099353196299568,"upper_bound":6.36811988694769},"point_estimate":4.619027548853538,"standard_error":0.7480566771490456},"Slope":{"confidence_interval":{"confidence_level":0.95,"lower_bound":50793.61578901145,"upper_bound":50805.751143453395},"point_estimate":50797.721878675926,"standard_error":3.396517383880802},"StdDev":{"confidence_interval":{"confidence_level":0.95,"lower_bound":9.117087011709064,"upper_bound":60.76343131822488},"point_estimate":36.729723163811,"standard_error":16.630961737944123}}