{"Mean":{"confidence_interval":{"confidence_level":0.95,"lower_bound":13233.064798428471,"upper_bound":13376.533305475024},"point_estimate":13299.255069124452,"standard_error":36.737791608418334},"Median":{"confidence_interval":{"confidence_level":0.95,"lower_bound":13145.10712121212,"upper_bound":13216.5392},"point_estimate":13169.428852657005,"standard_error":18.473158205307598},"MedianAbsDev":{"confidence_interval":{"confidence_level":0.95,"lower_bound":119.93649732524476,"upper_bound":281.08662807868114},"point_estimate":170.8915611037498,"standard_error":42.31550324671291},"Slope":{"confidence_interval":{"confidence_level":0.95,"lower_bound":13252.705770822111,"upper_bound":13430.702653218505},"point_estimate":13337.998898694646,"standard_error":45.61124353582171},"StdDev":{"confidence_interval":{"confidence_level":0.95,"lower_bound":246.28693197493274,"upper_bound":506.4037185898147},"point_estimate":369.46047630878036,"standard_error":72.54041784556455}}