{"Mean":{"confidence_interval":{"confidence_level":0.95,"lower_bound":4753021.605433998,"upper_bound":4778927.355706304},"point_estimate":4762131.96113692,"standard_error":7896.404994870568},"Median":{"confidence_interval":{"confidence_level":0.95,"lower_bound":4751241.418181818,"upper_bound":4754012.714285715},"point_estimate":4752902.723108018,"standard_error":761.1072501012422},"MedianAbsDev":{"confidence_interval":{"confidence_level":0.95,"lower_bound":3986.0166844782916,"upper_bound":6867.403813699703},"point_estimate":5261.9880384757025,"standard_error":725.6835087003209},"Slope":{"confidence_interval":{"confidence_level":0.95,"lower_bound":4751144.9084122265,"upper_bound":4754325.672473329},"point_estimate":4752671.705934683,"standard_error":812.8690462318735},"StdDev":{"confidence_interval":{"confidence_level":0.95,"lower_bound":6446.500647449558,"upper_bound":135652.96493040866},"point_estimate":79349.46272488918,"standard_error":45992.713065742595}}