{"Mean":{"confidence_interval":{"confidence_level":0.95,"lower_bound":1149437.2106984255,"upper_bound":1150525.6793214101},"point_estimate":1149901.346570041,"standard_error":281.5500131126859},"Median":{"confidence_interval":{"confidence_level":0.95,"lower_bound":1149404.64,"upper_bound":1149802.3939487496},"point_estimate":1149642.4385256926,"standard_error":107.82373725877065},"MedianAbsDev":{"confidence_interval":{"confidence_level":0.95,"lower_bound":669.5121709220065,"upper_bound":1074.9572353664332},"point_estimate":850.47561102397,"standard_error":103.09084661827782},"Slope":{"confidence_interval":{"confidence_level":0.95,"lower_bound":1149385.623565786,"upper_bound":1149687.6207862773},"point_estimate":1149536.9428491208,"standard_error":76.9555919130972},"StdDev":{"confidence_interval":{"confidence_level":0.95,"lower_bound":1044.1984992656871,"upper_bound":4473.268937317264},"point_estimate":2839.1906108436156,"standard_error":994.1159486082654}}