{"Mean":{"confidence_interval":{"confidence_level":0.95,"lower_bound":1149178.8933778568,"upper_bound":1150128.7164363405},"point_estimate":1149577.499229948,"standard_error":246.42899561949847},"Median":{"confidence_interval":{"confidence_level":0.95,"lower_bound":1148974.5866666667,"upper_bound":1149402.8425963488},"point_estimate":1149239.1166666667,"standard_error":88.91927049057132},"MedianAbsDev":{"confidence_interval":{"confidence_level":0.95,"lower_bound":524.8952429393122,"upper_bound":910.16680009125},"point_estimate":712.9532556089995,"standard_error":98.98564853023227},"Slope":{"confidence_interval":{"confidence_level":0.95,"lower_bound":1149027.548857264,"upper_bound":1149431.3326507355},"point_estimate":1149222.8660558593,"standard_error":102.89402936459231},"StdDev":{"confidence_interval":{"confidence_level":0.95,"lower_bound":948.4398802210926,"upper_bound":3904.302412100122},"point_estimate":2478.458252597204,"standard_error":879.648642411131}}