{"Mean":{"confidence_interval":{"confidence_level":0.95,"lower_bound":137617.6453272183,"upper_bound":137754.8011839702},"point_estimate":137676.67847889627,"standard_error":35.34890675441039},"Median":{"confidence_interval":{"confidence_level":0.95,"lower_bound":137591.54965753425,"upper_bound":137612.08480355353},"point_estimate":137603.34177714644,"standard_error":4.254729820484879},"MedianAbsDev":{"confidence_interval":{"confidence_level":0.95,"lower_bound":30.045246281512476,"upper_bound":57.789190722958786},"point_estimate":42.608875300470615,"standard_error":7.228463062727005},"Slope":{"confidence_interval":{"confidence_level":0.95,"lower_bound":137593.87838289913,"upper_bound":137615.92554505376},"point_estimate":137604.0916155608,"standard_error":5.632108495180053},"StdDev":{"confidence_interval":{"confidence_level":0.95,"lower_bound":75.99028796585472,"upper_bound":540.3665511944591},"point_estimate":357.13333853876367,"standard_error":113.99379376287767}}