{"Mean":{"confidence_interval":{"confidence_level":0.95,"lower_bound":4630.746641205602,"upper_bound":4634.725130704179},"point_estimate":4632.572093403829,"standard_error":1.019530308028598},"Median":{"confidence_interval":{"confidence_level":0.95,"lower_bound":4628.774745696401,"upper_bound":4633.33767306476},"point_estimate":4631.250496933212,"standard_error":1.2434497391264787},"MedianAbsDev":{"confidence_interval":{"confidence_level":0.95,"lower_bound":5.3833453234049555,"upper_bound":8.569845481656879},"point_estimate":7.039234291945384,"standard_error":0.812511167931203},"Slope":{"confidence_interval":{"confidence_level":0.95,"lower_bound":4630.77486538922,"upper_bound":4633.512399060892},"point_estimate":4632.142856682977,"standard_error":0.6994741704325572},"StdDev":{"confidence_interval":{"confidence_level":0.95,"lower_bound":6.325819315508376,"upper_bound":14.373902309618693},"point_estimate":10.234217402160303,"standard_error":2.2140148871069254}}