{"Mean":{"confidence_interval":{"confidence_level":0.95,"lower_bound":36130.03083592967,"upper_bound":36165.09773046374},"point_estimate":36146.187866624845,"standard_error":8.950343494944706},"Median":{"confidence_interval":{"confidence_level":0.95,"lower_bound":36118.904017857145,"upper_bound":36128.31707855705},"point_estimate":36124.5850085034,"standard_error":2.6610453530659735},"MedianAbsDev":{"confidence_interval":{"confidence_level":0.95,"lower_bound":18.170737213098164,"upper_bound":37.278381155440215},"point_estimate":26.32467487056194,"standard_error":4.650636152515556},"Slope":{"confidence_interval":{"confidence_level":0.95,"lower_bound":36123.49197401503,"upper_bound":36138.03620617355},"point_estimate":36130.20517648673,"standard_error":3.7229920391361127},"StdDev":{"confidence_interval":{"confidence_level":0.95,"lower_bound":54.527379087068674,"upper_bound":119.62042435068439},"point_estimate":90.29356726400553,"standard_error":16.59268076257767}}