{"Mean":{"confidence_interval":{"confidence_level":0.95,"lower_bound":15904.212409412004,"upper_bound":15919.084667139574},"point_estimate":15910.647473156077,"standard_error":3.8418605231137017},"Median":{"confidence_interval":{"confidence_level":0.95,"lower_bound":15900.393604207064,"upper_bound":15903.717993951614},"point_estimate":15902.180447085455,"standard_error":0.9104380081489212},"MedianAbsDev":{"confidence_interval":{"confidence_level":0.95,"lower_bound":4.369741374034099,"upper_bound":8.409654424973892},"point_estimate":6.166235654534534,"standard_error":1.0732844178746506},"Slope":{"confidence_interval":{"confidence_level":0.95,"lower_bound":15901.376015087093,"upper_bound":15903.971701475937},"point_estimate":15902.627707804002,"standard_error":0.6630548955224049},"StdDev":{"confidence_interval":{"confidence_level":0.95,"lower_bound":9.879953440624034,"upper_bound":58.73452186892236},"point_estimate":38.70092660327881,"standard_error":12.171035707229565}}