{"Mean":{"confidence_interval":{"confidence_level":0.95,"lower_bound":13923.16235680087,"upper_bound":13927.890538122563},"point_estimate":13925.289798167825,"standard_error":1.2067519772231614},"Median":{"confidence_interval":{"confidence_level":0.95,"lower_bound":13922.148322851153,"upper_bound":13926.542565737236},"point_estimate":13923.765724150802,"standard_error":1.3653574153499934},"MedianAbsDev":{"confidence_interval":{"confidence_level":0.95,"lower_bound":4.473780963415808,"upper_bound":6.676429746255177},"point_estimate":5.395740159160177,"standard_error":0.5659858196155078},"Slope":{"confidence_interval":{"confidence_level":0.95,"lower_bound":13920.876223093985,"upper_bound":13925.35725501326},"point_estimate":13923.255707025926,"standard_error":1.1453209651120622},"StdDev":{"confidence_interval":{"confidence_level":0.95,"lower_bound":6.109987681031076,"upper_bound":17.929539594034996},"point_estimate":12.111231714542091,"standard_error":3.187976630032105}}