{"Mean":{"confidence_interval":{"confidence_level":0.95,"lower_bound":441106.2786623253,"upper_bound":441394.04297422874},"point_estimate":441243.97462577536,"standard_error":73.39857518937752},"Median":{"confidence_interval":{"confidence_level":0.95,"lower_bound":440902.3232323232,"upper_bound":441136.1228070175},"point_estimate":440975.9217266367,"standard_error":61.4687424805077},"MedianAbsDev":{"confidence_interval":{"confidence_level":0.95,"lower_bound":295.42731363609823,"upper_bound":599.320990545188},"point_estimate":422.4851607348875,"standard_error":77.30621556890252},"Slope":{"confidence_interval":{"confidence_level":0.95,"lower_bound":441012.1117129637,"upper_bound":441218.51786376955},"point_estimate":441114.0124703217,"standard_error":52.74752656429442},"StdDev":{"confidence_interval":{"confidence_level":0.95,"lower_bound":569.6884430238105,"upper_bound":881.149307800265},"point_estimate":736.3559378065547,"standard_error":79.3080036723925}}