{"Mean":{"confidence_interval":{"confidence_level":0.95,"lower_bound":444985.4924116034,"upper_bound":445511.17642430746},"point_estimate":445272.33922124555,"standard_error":134.71601243536816},"Median":{"confidence_interval":{"confidence_level":0.95,"lower_bound":445322.0100653595,"upper_bound":445482.7698412698},"point_estimate":445383.83464755083,"standard_error":40.39678284280797},"MedianAbsDev":{"confidence_interval":{"confidence_level":0.95,"lower_bound":248.26466827830393,"upper_bound":419.3714830424982},"point_estimate":315.470388323216,"standard_error":44.378137977112864},"Slope":{"confidence_interval":{"confidence_level":0.95,"lower_bound":445368.50571071025,"upper_bound":445551.55392906046},"point_estimate":445453.87126249936,"standard_error":46.6027040154089},"StdDev":{"confidence_interval":{"confidence_level":0.95,"lower_bound":692.9197003009431,"upper_bound":1876.3071882651213},"point_estimate":1350.965267861663,"standard_error":299.3623331956954}}