{"Mean":{"confidence_interval":{"confidence_level":0.95,"lower_bound":313.5373416322797,"upper_bound":313.86898846438766},"point_estimate":313.6935818462068,"standard_error":0.08462766622812418},"Median":{"confidence_interval":{"confidence_level":0.95,"lower_bound":313.3143514048225,"upper_bound":313.4764945619005},"point_estimate":313.4153582176739,"standard_error":0.04472606913838586},"MedianAbsDev":{"confidence_interval":{"confidence_level":0.95,"lower_bound":0.24644845568096763,"upper_bound":0.45043905180958715},"point_estimate":0.3524366598051531,"standard_error":0.05313199208801303},"Slope":{"confidence_interval":{"confidence_level":0.95,"lower_bound":313.51160954509993,"upper_bound":313.7775432771955},"point_estimate":313.6326527831665,"standard_error":0.06815161169382694},"StdDev":{"confidence_interval":{"confidence_level":0.95,"lower_bound":0.6159680250826528,"upper_bound":1.075687420793012},"point_estimate":0.8532435873852205,"standard_error":0.11848372767540269}}