{"Mean":{"confidence_interval":{"confidence_level":0.95,"lower_bound":206825.93400537432,"upper_bound":207144.29160507108},"point_estimate":206966.09032877893,"standard_error":81.66176944428453},"Median":{"confidence_interval":{"confidence_level":0.95,"lower_bound":206707.99124423962,"upper_bound":206809.8958974359},"point_estimate":206755.57077540935,"standard_error":24.027124676031466},"MedianAbsDev":{"confidence_interval":{"confidence_level":0.95,"lower_bound":136.77233534328005,"upper_bound":279.5857729968493},"point_estimate":194.39336867094562,"standard_error":35.977768487319395},"Slope":{"confidence_interval":{"confidence_level":0.95,"lower_bound":206714.52769036498,"upper_bound":206823.90135824814},"point_estimate":206766.08212974732,"standard_error":27.957401230833522},"StdDev":{"confidence_interval":{"confidence_level":0.95,"lower_bound":371.417257093366,"upper_bound":1226.2017392626908},"point_estimate":822.0355880356711,"standard_error":227.71832356195605}}