{"Mean":{"confidence_interval":{"confidence_level":0.95,"lower_bound":206760.06514216345,"upper_bound":207232.06496401428},"point_estimate":206969.21186988178,"standard_error":121.53396806610426},"Median":{"confidence_interval":{"confidence_level":0.95,"lower_bound":206626.7317948718,"upper_bound":206737.7894736842},"point_estimate":206670.46764514025,"standard_error":26.774113631982686},"MedianAbsDev":{"confidence_interval":{"confidence_level":0.95,"lower_bound":137.13756249138044,"upper_bound":256.520474154846},"point_estimate":196.8107650824353,"standard_error":31.474196707892844},"Slope":{"confidence_interval":{"confidence_level":0.95,"lower_bound":206633.99449413392,"upper_bound":206708.4675011113},"point_estimate":206669.3716199202,"standard_error":18.999395126383643},"StdDev":{"confidence_interval":{"confidence_level":0.95,"lower_bound":516.4072119806483,"upper_bound":1717.5135897574298},"point_estimate":1217.5729789290315,"standard_error":306.6297709148108}}