{"Mean":{"confidence_interval":{"confidence_level":0.95,"lower_bound":13205263.679346275,"upper_bound":13208900.391719164},"point_estimate":13207034.503717382,"standard_error":924.6163997915978},"Median":{"confidence_interval":{"confidence_level":0.95,"lower_bound":13205832.032051282,"upper_bound":13207966.108695652},"point_estimate":13206686.507017544,"standard_error":633.2146037839625},"MedianAbsDev":{"confidence_interval":{"confidence_level":0.95,"lower_bound":4496.475591203525,"upper_bound":8444.523991258653},"point_estimate":6893.4660149481315,"standard_error":1084.2601016708193},"Slope":{"confidence_interval":{"confidence_level":0.95,"lower_bound":13204418.261240585,"upper_bound":13206886.682932135},"point_estimate":13205647.711683169,"standard_error":628.7661976688903},"StdDev":{"confidence_interval":{"confidence_level":0.95,"lower_bound":6897.268661864852,"upper_bound":11532.743339999673},"point_estimate":9289.154393494,"standard_error":1190.764709719319}}