{"Mean":{"confidence_interval":{"confidence_level":0.95,"lower_bound":22799.53137420093,"upper_bound":22814.487231745752},"point_estimate":22806.17495012599,"standard_error":3.83108978250205},"Median":{"confidence_interval":{"confidence_level":0.95,"lower_bound":22800.11432506887,"upper_bound":22806.046436567165},"point_estimate":22803.0027732684,"standard_error":1.5763262320063054},"MedianAbsDev":{"confidence_interval":{"confidence_level":0.95,"lower_bound":11.218319877429929,"upper_bound":19.09489760330668},"point_estimate":14.41931872576563,"standard_error":1.9992975040713592},"Slope":{"confidence_interval":{"confidence_level":0.95,"lower_bound":22800.091805295677,"upper_bound":22805.397633452245},"point_estimate":22802.75942286766,"standard_error":1.353118134265779},"StdDev":{"confidence_interval":{"confidence_level":0.95,"lower_bound":20.031205518139927,"upper_bound":57.93672954499677},"point_estimate":38.60652981789374,"standard_error":11.140323138875283}}