{"Mean":{"confidence_interval":{"confidence_level":0.95,"lower_bound":22840.846556346354,"upper_bound":22857.331582193376},"point_estimate":22848.580631171655,"standard_error":4.204911147767631},"Median":{"confidence_interval":{"confidence_level":0.95,"lower_bound":22834.901307596512,"upper_bound":22842.131733386886},"point_estimate":22839.899813286163,"standard_error":1.8720683656633084},"MedianAbsDev":{"confidence_interval":{"confidence_level":0.95,"lower_bound":14.344800206099102,"upper_bound":25.199528286043595},"point_estimate":19.896137066097896,"standard_error":2.7108896495306856},"Slope":{"confidence_interval":{"confidence_level":0.95,"lower_bound":22841.347886610645,"upper_bound":22853.803048086258},"point_estimate":22847.364676639307,"standard_error":3.1795534274254447},"StdDev":{"confidence_interval":{"confidence_level":0.95,"lower_bound":27.864912355622494,"upper_bound":55.66912103544539},"point_estimate":42.353645529835724,"standard_error":7.132606923824458}}