{"Mean":{"confidence_interval":{"confidence_level":0.95,"lower_bound":199385.12979041063,"upper_bound":210980.24972564605},"point_estimate":205083.4254560199,"standard_error":2965.3846042050923},"Median":{"confidence_interval":{"confidence_level":0.95,"lower_bound":193247.01278538813,"upper_bound":202674.30366161617},"point_estimate":196155.78086419753,"standard_error":2027.3793992584801},"MedianAbsDev":{"confidence_interval":{"confidence_level":0.95,"lower_bound":17826.451859803987,"upper_bound":31016.480158236296},"point_estimate":21787.175811609337,"standard_error":3243.496659215029},"Slope":{"confidence_interval":{"confidence_level":0.95,"lower_bound":186252.97868691248,"upper_bound":193430.0928762043},"point_estimate":189672.83171567903,"standard_error":1826.1810120329394},"StdDev":{"confidence_interval":{"confidence_level":0.95,"lower_bound":25424.34545189495,"upper_bound":33266.4236848271},"point_estimate":29739.184119945672,"standard_error":2006.1260300879567}}