{"Mean":{"confidence_interval":{"confidence_level":0.95,"lower_bound":202591.99846749665,"upper_bound":214256.0049641374},"point_estimate":208280.96498346058,"standard_error":2978.8255798435507},"Median":{"confidence_interval":{"confidence_level":0.95,"lower_bound":192890.98484848486,"upper_bound":206774.45333333334},"point_estimate":200043.12127057614,"standard_error":3483.374442207096},"MedianAbsDev":{"confidence_interval":{"confidence_level":0.95,"lower_bound":15529.314907039936,"upper_bound":31296.096930819214},"point_estimate":23027.099480988843,"standard_error":3738.898716491622},"Slope":{"confidence_interval":{"confidence_level":0.95,"lower_bound":189261.6502830695,"upper_bound":194755.03023750507},"point_estimate":191842.2902832373,"standard_error":1404.3547326151129},"StdDev":{"confidence_interval":{"confidence_level":0.95,"lower_bound":25461.38815554842,"upper_bound":33680.81383930281},"point_estimate":29963.89353962877,"standard_error":2096.382003591504}}