{"Mean":{"confidence_interval":{"confidence_level":0.95,"lower_bound":626583.5593366825,"upper_bound":627165.4666736823},"point_estimate":626796.6805381395,"standard_error":165.3011817934452},"Median":{"confidence_interval":{"confidence_level":0.95,"lower_bound":626513.1428571428,"upper_bound":626639.8879882093},"point_estimate":626570.9928611421,"standard_error":34.90785347865703},"MedianAbsDev":{"confidence_interval":{"confidence_level":0.95,"lower_bound":192.0981704286594,"upper_bound":310.9990686915327},"point_estimate":268.80010693006363,"standard_error":30.903324516657314},"Slope":{"confidence_interval":{"confidence_level":0.95,"lower_bound":626473.9026425234,"upper_bound":626575.5431925503},"point_estimate":626523.8391813211,"standard_error":25.882881576901337},"StdDev":{"confidence_interval":{"confidence_level":0.95,"lower_bound":272.1882779535547,"upper_bound":2815.942919183081},"point_estimate":1663.9803842717274,"standard_error":879.2679653478358}}