{"Mean":{"confidence_interval":{"confidence_level":0.95,"lower_bound":5515.167767831427,"upper_bound":5521.001744463815},"point_estimate":5517.932157619146,"standard_error":1.490683858258163},"Median":{"confidence_interval":{"confidence_level":0.95,"lower_bound":5510.722222222223,"upper_bound":5511.692165242165},"point_estimate":5511.097140822141,"standard_error":0.2415987517215256},"MedianAbsDev":{"confidence_interval":{"confidence_level":0.95,"lower_bound":1.8155705129942945,"upper_bound":3.567197311669525},"point_estimate":2.500531271846436,"standard_error":0.4771642585747263},"Slope":{"confidence_interval":{"confidence_level":0.95,"lower_bound":5516.178119330707,"upper_bound":5522.089089156655},"point_estimate":5519.083210285207,"standard_error":1.5119355758563386},"StdDev":{"confidence_interval":{"confidence_level":0.95,"lower_bound":10.924627137262643,"upper_bound":18.979196950885083},"point_estimate":14.990161639681292,"standard_error":2.0805733155817796}}