{"Mean":{"confidence_interval":{"confidence_level":0.95,"lower_bound":5505.078127032542,"upper_bound":5506.627630598727},"point_estimate":5505.685100962404,"standard_error":0.4096257398741552},"Median":{"confidence_interval":{"confidence_level":0.95,"lower_bound":5504.968941450849,"upper_bound":5505.213316448802},"point_estimate":5505.10996579602,"standard_error":0.06698573052069394},"MedianAbsDev":{"confidence_interval":{"confidence_level":0.95,"lower_bound":0.37675263369417067,"upper_bound":0.7060546722942594},"point_estimate":0.5359207320025108,"standard_error":0.08568764543760217},"Slope":{"confidence_interval":{"confidence_level":0.95,"lower_bound":5505.027945520043,"upper_bound":5505.4239743186445},"point_estimate":5505.210204045778,"standard_error":0.10160564658896074},"StdDev":{"confidence_interval":{"confidence_level":0.95,"lower_bound":1.0910581892880558,"upper_bound":6.766493278822103},"point_estimate":4.102566900654232,"standard_error":1.8257134667946417}}