{"Mean":{"confidence_interval":{"confidence_level":0.95,"lower_bound":707725.6673228198,"upper_bound":708284.0542101151},"point_estimate":707966.7019492852,"standard_error":143.39699943028302},"Median":{"confidence_interval":{"confidence_level":0.95,"lower_bound":707724.4553571428,"upper_bound":707958.71875},"point_estimate":707870.5209059233,"standard_error":66.84641292542578},"MedianAbsDev":{"confidence_interval":{"confidence_level":0.95,"lower_bound":323.70768813838794,"upper_bound":534.1604488054741},"point_estimate":421.98333860591924,"standard_error":59.16962723480204},"Slope":{"confidence_interval":{"confidence_level":0.95,"lower_bound":707756.154228338,"upper_bound":707914.3476273367},"point_estimate":707835.8389108911,"standard_error":40.422665566052466},"StdDev":{"confidence_interval":{"confidence_level":0.95,"lower_bound":579.6505420197362,"upper_bound":2250.3623915958965},"point_estimate":1442.294511561867,"standard_error":481.65371595428286}}