{"Mean":{"confidence_interval":{"confidence_level":0.95,"lower_bound":586010.4688703648,"upper_bound":586842.7101599049},"point_estimate":586359.4218865054,"standard_error":216.75925589229152},"Median":{"confidence_interval":{"confidence_level":0.95,"lower_bound":585885.2010309278,"upper_bound":586063.159574468},"point_estimate":585982.7829451652,"standard_error":43.987159459447014},"MedianAbsDev":{"confidence_interval":{"confidence_level":0.95,"lower_bound":281.9444883777137,"upper_bound":475.33181113054997},"point_estimate":349.256920683799,"standard_error":51.83325711502136},"Slope":{"confidence_interval":{"confidence_level":0.95,"lower_bound":585895.696511832,"upper_bound":586078.0702531507},"point_estimate":585980.8335835673,"standard_error":46.481508200870536},"StdDev":{"confidence_interval":{"confidence_level":0.95,"lower_bound":544.3074305435894,"upper_bound":3441.2876315741896},"point_estimate":2175.5634990537087,"standard_error":773.9198147457789}}