{"Mean":{"confidence_interval":{"confidence_level":0.95,"lower_bound":13875695.111691486,"upper_bound":13892924.812021729},"point_estimate":13883917.779060127,"standard_error":4415.902978090643},"Median":{"confidence_interval":{"confidence_level":0.95,"lower_bound":13860478.292682927,"upper_bound":13869909.443606883},"point_estimate":13864102.448863637,"standard_error":2532.951001579681},"MedianAbsDev":{"confidence_interval":{"confidence_level":0.95,"lower_bound":10051.716504888314,"upper_bound":22721.818354149505},"point_estimate":14481.243650597773,"standard_error":3253.7194938328203},"Slope":{"confidence_interval":{"confidence_level":0.95,"lower_bound":13870567.488723287,"upper_bound":13888887.66836888},"point_estimate":13878921.456610018,"standard_error":4679.281334017032},"StdDev":{"confidence_interval":{"confidence_level":0.95,"lower_bound":34123.14443663011,"upper_bound":55026.275785732956},"point_estimate":44546.29914289228,"standard_error":5405.773252110199}}