{"Mean":{"confidence_interval":{"confidence_level":0.95,"lower_bound":1355.1977730970377,"upper_bound":1359.7905356460758},"point_estimate":1356.779858817288,"standard_error":1.4382647608781396},"Median":{"confidence_interval":{"confidence_level":0.95,"lower_bound":1355.1393564387504,"upper_bound":1355.268384297958},"point_estimate":1355.2100404822922,"standard_error":0.034576355682128294},"MedianAbsDev":{"confidence_interval":{"confidence_level":0.95,"lower_bound":0.19629795773636077,"upper_bound":0.37298661027187363},"point_estimate":0.25688755961163634,"standard_error":0.048122437601117306},"Slope":{"confidence_interval":{"confidence_level":0.95,"lower_bound":1355.1855414604702,"upper_bound":1355.9713592024057},"point_estimate":1355.5039265071675,"standard_error":0.20801017623621842},"StdDev":{"confidence_interval":{"confidence_level":0.95,"lower_bound":0.49038581115219976,"upper_bound":24.690568911982353},"point_estimate":14.420683575463082,"standard_error":8.60960847905539}}