{"Mean":{"confidence_interval":{"confidence_level":0.95,"lower_bound":1347.879499327266,"upper_bound":1348.0333511135066},"point_estimate":1347.9527133396634,"standard_error":0.03911645844451904},"Median":{"confidence_interval":{"confidence_level":0.95,"lower_bound":1347.8887285182545,"upper_bound":1347.9984979390717},"point_estimate":1347.937900888521,"standard_error":0.026893343506755523},"MedianAbsDev":{"confidence_interval":{"confidence_level":0.95,"lower_bound":0.16642709473059755,"upper_bound":0.2641452365135862},"point_estimate":0.2127374587157901,"standard_error":0.025383301850240195},"Slope":{"confidence_interval":{"confidence_level":0.95,"lower_bound":1347.9154838090797,"upper_bound":1347.9977522077256},"point_estimate":1347.956821262136,"standard_error":0.020990499040719146},"StdDev":{"confidence_interval":{"confidence_level":0.95,"lower_bound":0.23985328357102392,"upper_bound":0.5506817656651763},"point_estimate":0.39439918870131246,"standard_error":0.0819650360363512}}