{"Mean":{"confidence_interval":{"confidence_level":0.95,"lower_bound":157548.75741893947,"upper_bound":157575.44402094308},"point_estimate":157561.13645838512,"standard_error":6.828484836258048},"Median":{"confidence_interval":{"confidence_level":0.95,"lower_bound":157539.2443537415,"upper_bound":157552.8869701727},"point_estimate":157547.25792960663,"standard_error":3.5615504156875297},"MedianAbsDev":{"confidence_interval":{"confidence_level":0.95,"lower_bound":22.151128991192575,"upper_bound":41.7516243886634},"point_estimate":29.353156488368487,"standard_error":5.090127081166347},"Slope":{"confidence_interval":{"confidence_level":0.95,"lower_bound":157536.2379453795,"upper_bound":157550.97877735883},"point_estimate":157543.1354742553,"standard_error":3.7607741616075234},"StdDev":{"confidence_interval":{"confidence_level":0.95,"lower_bound":42.736679907674976,"upper_bound":90.42538700061141},"point_estimate":68.52501475063694,"standard_error":12.163414026028331}}