{"Mean":{"confidence_interval":{"confidence_level":0.95,"lower_bound":8559.882263742706,"upper_bound":8577.366419704287},"point_estimate":8568.867705438817,"standard_error":4.456259463863693},"Median":{"confidence_interval":{"confidence_level":0.95,"lower_bound":8591.233230987245,"upper_bound":8591.810344827587},"point_estimate":8591.587686584473,"standard_error":0.13129800945833878},"MedianAbsDev":{"confidence_interval":{"confidence_level":0.95,"lower_bound":0.8625640170244462,"upper_bound":1.545562630288195},"point_estimate":1.0689230758275599,"standard_error":0.17058587734235564},"Slope":{"confidence_interval":{"confidence_level":0.95,"lower_bound":8589.951205495818,"upper_bound":8591.389985706295},"point_estimate":8590.785118959657,"standard_error":0.3677512036722066},"StdDev":{"confidence_interval":{"confidence_level":0.95,"lower_bound":37.22567916537598,"upper_bound":50.04660561303859},"point_estimate":44.70495621326083,"standard_error":3.2879102955206863}}