{"Mean":{"confidence_interval":{"confidence_level":0.95,"lower_bound":430002.157428618,"upper_bound":430927.39597336494},"point_estimate":430335.0570964071,"standard_error":269.5700442362022},"Median":{"confidence_interval":{"confidence_level":0.95,"lower_bound":429942.1494252874,"upper_bound":430064.8295046101},"point_estimate":430026.46157527034,"standard_error":31.753726785525014},"MedianAbsDev":{"confidence_interval":{"confidence_level":0.95,"lower_bound":188.8791146591388,"upper_bound":317.2557877206077},"point_estimate":255.2301668805492,"standard_error":33.39715489287854},"Slope":{"confidence_interval":{"confidence_level":0.95,"lower_bound":429955.896665183,"upper_bound":430063.3030116135},"point_estimate":430005.8658982316,"standard_error":27.452092594485528},"StdDev":{"confidence_interval":{"confidence_level":0.95,"lower_bound":354.7345773816896,"upper_bound":4603.69822021088},"point_estimate":2705.5526186219995,"standard_error":1488.4581202413615}}