{"Mean":{"confidence_interval":{"confidence_level":0.95,"lower_bound":427802.8243384074,"upper_bound":428147.95917797106},"point_estimate":427960.4557119308,"standard_error":88.45591205483413},"Median":{"confidence_interval":{"confidence_level":0.95,"lower_bound":427673.14605263155,"upper_bound":427816.8043842035},"point_estimate":427735.2643678161,"standard_error":39.436345842994236},"MedianAbsDev":{"confidence_interval":{"confidence_level":0.95,"lower_bound":196.28687975557196,"upper_bound":378.27858607539486},"point_estimate":284.62946514922135,"standard_error":47.50861323870722},"Slope":{"confidence_interval":{"confidence_level":0.95,"lower_bound":427729.2924256081,"upper_bound":427869.72350413556},"point_estimate":427797.5888350328,"standard_error":35.921962958448475},"StdDev":{"confidence_interval":{"confidence_level":0.95,"lower_bound":488.9711457553873,"upper_bound":1202.6206193059613},"point_estimate":888.7481082612276,"standard_error":177.98762924413606}}