{"Mean":{"confidence_interval":{"confidence_level":0.95,"lower_bound":78569.01094043214,"upper_bound":78694.76997018087},"point_estimate":78616.50872132028,"standard_error":33.91134695165629},"Median":{"confidence_interval":{"confidence_level":0.95,"lower_bound":78550.42857142857,"upper_bound":78569.53846153847},"point_estimate":78557.93486119143,"standard_error":4.197913894147269},"MedianAbsDev":{"confidence_interval":{"confidence_level":0.95,"lower_bound":22.73370830135745,"upper_bound":40.64414434572223},"point_estimate":28.765842479372495,"standard_error":4.56333185640237},"Slope":{"confidence_interval":{"confidence_level":0.95,"lower_bound":78553.77911097437,"upper_bound":78564.67547443812},"point_estimate":78559.14065612531,"standard_error":2.77925579802249},"StdDev":{"confidence_interval":{"confidence_level":0.95,"lower_bound":58.72334781446997,"upper_bound":566.7375915950358},"point_estimate":339.8580008957988,"standard_error":161.94482415269192}}