{"Mean":{"confidence_interval":{"confidence_level":0.95,"lower_bound":354616.13338379265,"upper_bound":354810.3682112494},"point_estimate":354702.1037459238,"standard_error":49.72627304152195},"Median":{"confidence_interval":{"confidence_level":0.95,"lower_bound":354571.9935897436,"upper_bound":354643.5825396825},"point_estimate":354600.35524691356,"standard_error":19.72855236555184},"MedianAbsDev":{"confidence_interval":{"confidence_level":0.95,"lower_bound":111.57044867458373,"upper_bound":210.10370372912237},"point_estimate":160.67421256539103,"standard_error":24.50496167885116},"Slope":{"confidence_interval":{"confidence_level":0.95,"lower_bound":354557.6168675728,"upper_bound":354656.082402661},"point_estimate":354603.1173735284,"standard_error":25.13905485474856},"StdDev":{"confidence_interval":{"confidence_level":0.95,"lower_bound":231.90303538234562,"upper_bound":750.2326696118688},"point_estimate":498.5070342710103,"standard_error":142.23936497533091}}