{"Mean":{"confidence_interval":{"confidence_level":0.95,"lower_bound":110973.58385349526,"upper_bound":111135.87947839322},"point_estimate":111045.62882874429,"standard_error":41.89914102452142},"Median":{"confidence_interval":{"confidence_level":0.95,"lower_bound":110920.34285714285,"upper_bound":110992.57654320987},"point_estimate":110943.12157654023,"standard_error":19.075425135175376},"MedianAbsDev":{"confidence_interval":{"confidence_level":0.95,"lower_bound":84.60649279745466,"upper_bound":146.67086236963465},"point_estimate":103.34956397657346,"standard_error":15.34739523000009},"Slope":{"confidence_interval":{"confidence_level":0.95,"lower_bound":110930.74112188484,"upper_bound":111003.00871834226},"point_estimate":110965.13618048372,"standard_error":18.436540332985782},"StdDev":{"confidence_interval":{"confidence_level":0.95,"lower_bound":172.91949771003516,"upper_bound":597.4948149538438},"point_estimate":419.31202619539295,"standard_error":105.40020366326652}}