{"Mean":{"confidence_interval":{"confidence_level":0.95,"lower_bound":447.22932943053866,"upper_bound":447.3045715276838},"point_estimate":447.2673298020651,"standard_error":0.0191860313604331},"Median":{"confidence_interval":{"confidence_level":0.95,"lower_bound":447.3107293550332,"upper_bound":447.37036275960327},"point_estimate":447.35313843647816,"standard_error":0.016620672461143245},"MedianAbsDev":{"confidence_interval":{"confidence_level":0.95,"lower_bound":0.075586726225621,"upper_bound":0.22294960423958193},"point_estimate":0.11490181907660305,"standard_error":0.03628701689724235},"Slope":{"confidence_interval":{"confidence_level":0.95,"lower_bound":447.2345446152076,"upper_bound":447.3226268895738},"point_estimate":447.2786321142573,"standard_error":0.022539558529162968},"StdDev":{"confidence_interval":{"confidence_level":0.95,"lower_bound":0.16703190937480583,"upper_bound":0.21801153290672842},"point_estimate":0.19261643635003772,"standard_error":0.013039567455235707}}