{"Mean":{"confidence_interval":{"confidence_level":0.95,"lower_bound":427.3119228279207,"upper_bound":427.41157078226576},"point_estimate":427.3605027402811,"standard_error":0.025371910030075277},"Median":{"confidence_interval":{"confidence_level":0.95,"lower_bound":427.26841438891785,"upper_bound":427.3997746267255},"point_estimate":427.32425820742077,"standard_error":0.032530200953627894},"MedianAbsDev":{"confidence_interval":{"confidence_level":0.95,"lower_bound":0.1488907378999561,"upper_bound":0.25190937131454405},"point_estimate":0.18511328069436694,"standard_error":0.026619332544417697},"Slope":{"confidence_interval":{"confidence_level":0.95,"lower_bound":427.31870524309403,"upper_bound":427.3883048051211},"point_estimate":427.3534348427654,"standard_error":0.017822435986250145},"StdDev":{"confidence_interval":{"confidence_level":0.95,"lower_bound":0.19382552259855615,"upper_bound":0.31878534782777784},"point_estimate":0.25525336317432773,"standard_error":0.03250059479083291}}