{"Mean":{"confidence_interval":{"confidence_level":0.95,"lower_bound":117096.67640293068,"upper_bound":117259.45486493726},"point_estimate":117168.05648707924,"standard_error":41.885715648912054},"Median":{"confidence_interval":{"confidence_level":0.95,"lower_bound":117013.27339181287,"upper_bound":117104.33146894319},"point_estimate":117047.79662698413,"standard_error":24.44016786286971},"MedianAbsDev":{"confidence_interval":{"confidence_level":0.95,"lower_bound":102.37871831015883,"upper_bound":210.26102722286666},"point_estimate":144.1311708497892,"standard_error":27.813440880375634},"Slope":{"confidence_interval":{"confidence_level":0.95,"lower_bound":117044.977330771,"upper_bound":117115.39546060858},"point_estimate":117077.85905127827,"standard_error":18.011588060855907},"StdDev":{"confidence_interval":{"confidence_level":0.95,"lower_bound":197.11899800480873,"upper_bound":632.670226127908},"point_estimate":421.05461338173325,"standard_error":121.69323754312401}}