{"Mean":{"confidence_interval":{"confidence_level":0.95,"lower_bound":116578.52978704675,"upper_bound":116660.29541894488},"point_estimate":116616.34704562995,"standard_error":20.919438393601492},"Median":{"confidence_interval":{"confidence_level":0.95,"lower_bound":116557.92575866189,"upper_bound":116594.03373015873},"point_estimate":116577.55534681218,"standard_error":10.686969788381889},"MedianAbsDev":{"confidence_interval":{"confidence_level":0.95,"lower_bound":55.93419715597612,"upper_bound":101.55308534550065},"point_estimate":81.17116145618499,"standard_error":11.332203722552602},"Slope":{"confidence_interval":{"confidence_level":0.95,"lower_bound":116558.50241110381,"upper_bound":116596.14746232746},"point_estimate":116575.9154622925,"standard_error":9.593573339322164},"StdDev":{"confidence_interval":{"confidence_level":0.95,"lower_bound":123.51504434470795,"upper_bound":286.130873691872},"point_estimate":210.18130216305343,"standard_error":41.72839171721595}}