{"Mean":{"confidence_interval":{"confidence_level":0.95,"lower_bound":114357.63486177109,"upper_bound":114588.1909766335},"point_estimate":114442.84682016126,"standard_error":65.07977275176012},"Median":{"confidence_interval":{"confidence_level":0.95,"lower_bound":114370.11433172303,"upper_bound":114394.00823045267},"point_estimate":114379.24283990421,"standard_error":8.176814861297865},"MedianAbsDev":{"confidence_interval":{"confidence_level":0.95,"lower_bound":42.225464685637476,"upper_bound":72.32155184938992},"point_estimate":57.297203034062065,"standard_error":7.5642584879947865},"Slope":{"confidence_interval":{"confidence_level":0.95,"lower_bound":114355.85752549936,"upper_bound":114397.40103510694},"point_estimate":114376.01470338079,"standard_error":10.524845451588432},"StdDev":{"confidence_interval":{"confidence_level":0.95,"lower_bound":103.77641968213365,"upper_bound":1109.2555574690268},"point_estimate":655.0732557502557,"standard_error":342.10736887602724}}