{"Mean":{"confidence_interval":{"confidence_level":0.95,"lower_bound":113907.05519863401,"upper_bound":113932.44735521544},"point_estimate":113918.19184541423,"standard_error":6.4973067344448765},"Median":{"confidence_interval":{"confidence_level":0.95,"lower_bound":113900.4051731716,"upper_bound":113916.6033058952},"point_estimate":113910.20246913581,"standard_error":4.815988262169893},"MedianAbsDev":{"confidence_interval":{"confidence_level":0.95,"lower_bound":23.304241659440983,"upper_bound":39.95606391773199},"point_estimate":29.591484014492487,"standard_error":4.244096420659417},"Slope":{"confidence_interval":{"confidence_level":0.95,"lower_bound":113904.69024303979,"upper_bound":113918.42012936738},"point_estimate":113911.04145510073,"standard_error":3.503648422010697},"StdDev":{"confidence_interval":{"confidence_level":0.95,"lower_bound":33.30160931871565,"upper_bound":98.98012628425317},"point_estimate":65.30718567834252,"standard_error":19.720672763781074}}