{"Mean":{"confidence_interval":{"confidence_level":0.95,"lower_bound":101640.35054149595,"upper_bound":102684.6724265172},"point_estimate":101991.67658425748,"standard_error":340.4083964609463},"Median":{"confidence_interval":{"confidence_level":0.95,"lower_bound":101635.80164835165,"upper_bound":101640.875},"point_estimate":101638.24943019943,"standard_error":1.2910524655309241},"MedianAbsDev":{"confidence_interval":{"confidence_level":0.95,"lower_bound":6.755315122373499,"upper_bound":12.725937769406615},"point_estimate":9.996820480419897,"standard_error":1.6124793835974933},"Slope":{"confidence_interval":{"confidence_level":0.95,"lower_bound":101635.68147639387,"upper_bound":101646.57327840877},"point_estimate":101639.78644657899,"standard_error":2.8818658668494286},"StdDev":{"confidence_interval":{"confidence_level":0.95,"lower_bound":23.964455963745447,"upper_bound":5869.977539351824},"point_estimate":3423.608767741613,"standard_error":2122.7438861774053}}