{"Mean":{"confidence_interval":{"confidence_level":0.95,"lower_bound":101605.43045214497,"upper_bound":101625.57589431763},"point_estimate":101614.69449516288,"standard_error":5.16997193535791},"Median":{"confidence_interval":{"confidence_level":0.95,"lower_bound":101598.76811594203,"upper_bound":101602.29168989547},"point_estimate":101600.43371212122,"standard_error":0.8520443775835326},"MedianAbsDev":{"confidence_interval":{"confidence_level":0.95,"lower_bound":9.40176873932661,"upper_bound":17.767672332179227},"point_estimate":12.8656325302038,"standard_error":2.1513793971804778},"Slope":{"confidence_interval":{"confidence_level":0.95,"lower_bound":101601.79436032403,"upper_bound":101617.6827690962},"point_estimate":101608.6838013891,"standard_error":4.091344983243195},"StdDev":{"confidence_interval":{"confidence_level":0.95,"lower_bound":29.66026884995693,"upper_bound":69.85355547596598},"point_estimate":51.9410998261509,"standard_error":10.223066036294151}}