{"Mean":{"confidence_interval":{"confidence_level":0.95,"lower_bound":63100.59600512678,"upper_bound":63175.43366480801},"point_estimate":63135.10734167529,"standard_error":19.121706277425602},"Median":{"confidence_interval":{"confidence_level":0.95,"lower_bound":63077.66381578947,"upper_bound":63105.53595890411},"point_estimate":63090.379664419444,"standard_error":7.441915545871776},"MedianAbsDev":{"confidence_interval":{"confidence_level":0.95,"lower_bound":49.170270640542945,"upper_bound":93.06898935524252},"point_estimate":72.86683485921742,"standard_error":10.873051610066042},"Slope":{"confidence_interval":{"confidence_level":0.95,"lower_bound":63095.444531865614,"upper_bound":63125.4990584531},"point_estimate":63109.87987346682,"standard_error":7.666371534424566},"StdDev":{"confidence_interval":{"confidence_level":0.95,"lower_bound":114.01344295081151,"upper_bound":262.4726020887261},"point_estimate":192.88703580042684,"standard_error":38.17901408387299}}