{"Mean":{"confidence_interval":{"confidence_level":0.95,"lower_bound":63521.098148318066,"upper_bound":63626.86890858453},"point_estimate":63567.89919271758,"standard_error":27.223623843715597},"Median":{"confidence_interval":{"confidence_level":0.95,"lower_bound":63505.80749727634,"upper_bound":63535.420454545456},"point_estimate":63514.236493574615,"standard_error":8.009763933219954},"MedianAbsDev":{"confidence_interval":{"confidence_level":0.95,"lower_bound":58.027394843194905,"upper_bound":98.5010787571338},"point_estimate":70.74391052686126,"standard_error":9.810552638655508},"Slope":{"confidence_interval":{"confidence_level":0.95,"lower_bound":63490.505395473156,"upper_bound":63515.02160943594},"point_estimate":63502.6961620733,"standard_error":6.253018991031524},"StdDev":{"confidence_interval":{"confidence_level":0.95,"lower_bound":97.23954427157763,"upper_bound":392.13445909915174},"point_estimate":272.7307559483288,"standard_error":70.92677309947022}}