{"Mean":{"confidence_interval":{"confidence_level":0.95,"lower_bound":3773.7407077922503,"upper_bound":3777.439611670121},"point_estimate":3775.4319609762542,"standard_error":0.9499850873957831},"Median":{"confidence_interval":{"confidence_level":0.95,"lower_bound":3772.6536651678343,"upper_bound":3773.7756202290075},"point_estimate":3773.2160210140037,"standard_error":0.2595207804860521},"MedianAbsDev":{"confidence_interval":{"confidence_level":0.95,"lower_bound":1.4185929010239582,"upper_bound":2.8289328890059298},"point_estimate":1.8893707747521782,"standard_error":0.3824226815417452},"Slope":{"confidence_interval":{"confidence_level":0.95,"lower_bound":3772.871682019268,"upper_bound":3774.0360187266233},"point_estimate":3773.398520672279,"standard_error":0.29720373416205453},"StdDev":{"confidence_interval":{"confidence_level":0.95,"lower_bound":5.342297586444358,"upper_bound":12.812570225562963},"point_estimate":9.508702220468775,"standard_error":1.8956090427925683}}