{"Mean":{"confidence_interval":{"confidence_level":0.95,"lower_bound":3597.521520399643,"upper_bound":3603.6656128648183},"point_estimate":3599.918591378911,"standard_error":1.6397964244955336},"Median":{"confidence_interval":{"confidence_level":0.95,"lower_bound":3596.2123907114783,"upper_bound":3598.176496982336},"point_estimate":3597.238965242615,"standard_error":0.5642137470533249},"MedianAbsDev":{"confidence_interval":{"confidence_level":0.95,"lower_bound":2.531847697673593,"upper_bound":4.9934271505936385},"point_estimate":3.877762755803502,"standard_error":0.6140794746797259},"Slope":{"confidence_interval":{"confidence_level":0.95,"lower_bound":3597.1438411044205,"upper_bound":3598.8161375149807},"point_estimate":3597.9716355671953,"standard_error":0.42852622159362647},"StdDev":{"confidence_interval":{"confidence_level":0.95,"lower_bound":4.542873178048094,"upper_bound":27.330780596459604},"point_estimate":16.557932398979496,"standard_error":7.500346707158373}}