{"Mean":{"confidence_interval":{"confidence_level":0.95,"lower_bound":78536.3149564024,"upper_bound":78588.75264086628},"point_estimate":78558.53786214253,"standard_error":13.540884716565962},"Median":{"confidence_interval":{"confidence_level":0.95,"lower_bound":78517.4553349876,"upper_bound":78533.38006396589},"point_estimate":78525.2286245574,"standard_error":3.973701384919849},"MedianAbsDev":{"confidence_interval":{"confidence_level":0.95,"lower_bound":19.486633125301527,"upper_bound":38.3795449635373},"point_estimate":28.34027836630208,"standard_error":4.432813509812819},"Slope":{"confidence_interval":{"confidence_level":0.95,"lower_bound":78517.26293894179,"upper_bound":78533.6023646662},"point_estimate":78524.58731422856,"standard_error":4.195406510265458},"StdDev":{"confidence_interval":{"confidence_level":0.95,"lower_bound":42.80539029777585,"upper_bound":213.3999462715449},"point_estimate":136.55271235421344,"standard_error":46.02475048216757}}