{"Mean":{"confidence_interval":{"confidence_level":0.95,"lower_bound":3068.4233337253027,"upper_bound":3068.7198788675205},"point_estimate":3068.556119128854,"standard_error":0.07594485089828355},"Median":{"confidence_interval":{"confidence_level":0.95,"lower_bound":3068.3469603152266,"upper_bound":3068.5255090467017},"point_estimate":3068.4388089912372,"standard_error":0.045282852301962426},"MedianAbsDev":{"confidence_interval":{"confidence_level":0.95,"lower_bound":0.2212360482003298,"upper_bound":0.38629563581416165},"point_estimate":0.3375766523633285,"standard_error":0.04308002479284746},"Slope":{"confidence_interval":{"confidence_level":0.95,"lower_bound":3068.3846609619104,"upper_bound":3068.5004293241896},"point_estimate":3068.4410211182385,"standard_error":0.029629532218474627},"StdDev":{"confidence_interval":{"confidence_level":0.95,"lower_bound":0.4002596231270454,"upper_bound":1.1382290888288709},"point_estimate":0.7622990798309739,"standard_error":0.21545638463503775}}