{"Mean":{"confidence_interval":{"confidence_level":0.95,"lower_bound":270585.4804648238,"upper_bound":270740.6128396206},"point_estimate":270654.268930363,"standard_error":39.969802006597575},"Median":{"confidence_interval":{"confidence_level":0.95,"lower_bound":270534.09210526315,"upper_bound":270586.97222222225},"point_estimate":270557.9121534494,"standard_error":13.065684905950247},"MedianAbsDev":{"confidence_interval":{"confidence_level":0.95,"lower_bound":71.56101079849469,"upper_bound":132.6331288953036},"point_estimate":98.55894381523743,"standard_error":15.030007525567967},"Slope":{"confidence_interval":{"confidence_level":0.95,"lower_bound":270536.51766902866,"upper_bound":270577.4584147543},"point_estimate":270556.42753361905,"standard_error":10.44824857355796},"StdDev":{"confidence_interval":{"confidence_level":0.95,"lower_bound":154.11161143737783,"upper_bound":583.5561645456338},"point_estimate":402.6192215460377,"standard_error":109.04630613017382}}