{"Mean":{"confidence_interval":{"confidence_level":0.95,"lower_bound":270647.9565346773,"upper_bound":270980.52603367605},"point_estimate":270792.2175336373,"standard_error":84.75558490796593},"Median":{"confidence_interval":{"confidence_level":0.95,"lower_bound":270579.10740329744,"upper_bound":270626.78189935064},"point_estimate":270606.98094151454,"standard_error":12.376728372740335},"MedianAbsDev":{"confidence_interval":{"confidence_level":0.95,"lower_bound":53.65741572635609,"upper_bound":111.67969980585464},"point_estimate":75.58484996096287,"standard_error":14.772475779643727},"Slope":{"confidence_interval":{"confidence_level":0.95,"lower_bound":270585.6728453391,"upper_bound":270642.42722575803},"point_estimate":270610.3755933205,"standard_error":14.58451947400275},"StdDev":{"confidence_interval":{"confidence_level":0.95,"lower_bound":170.9046995937242,"upper_bound":1269.1878957886563},"point_estimate":851.4822795445086,"standard_error":253.6327157475721}}