{"Mean":{"confidence_interval":{"confidence_level":0.95,"lower_bound":1097.235311194541,"upper_bound":1098.225217537108},"point_estimate":1097.7068526288888,"standard_error":0.25383654435089675},"Median":{"confidence_interval":{"confidence_level":0.95,"lower_bound":1096.379257371299,"upper_bound":1096.5436529933481},"point_estimate":1096.4215216599928,"standard_error":0.037955470555315},"MedianAbsDev":{"confidence_interval":{"confidence_level":0.95,"lower_bound":0.16031061702196564,"upper_bound":0.3929185646012543},"point_estimate":0.22098790529938617,"standard_error":0.058488508652742195},"Slope":{"confidence_interval":{"confidence_level":0.95,"lower_bound":1097.4755781564504,"upper_bound":1098.5002455776632},"point_estimate":1097.9823793668045,"standard_error":0.2625130256429678},"StdDev":{"confidence_interval":{"confidence_level":0.95,"lower_bound":1.929221151521004,"upper_bound":3.0886910264603564},"point_estimate":2.538227046409099,"standard_error":0.2971569501712532}}