{"Mean":{"confidence_interval":{"confidence_level":0.95,"lower_bound":1186453.4176772202,"upper_bound":1187541.7130974808},"point_estimate":1186947.398206939,"standard_error":278.44153061552765},"Median":{"confidence_interval":{"confidence_level":0.95,"lower_bound":1186173.1168775158,"upper_bound":1186773.9857142856},"point_estimate":1186400.4504994126,"standard_error":144.3348821225842},"MedianAbsDev":{"confidence_interval":{"confidence_level":0.95,"lower_bound":797.2903748451145,"upper_bound":1363.1880603223433},"point_estimate":1032.9467399224832,"standard_error":136.06506335372134},"Slope":{"confidence_interval":{"confidence_level":0.95,"lower_bound":1186102.4455662777,"upper_bound":1186482.9695434545},"point_estimate":1186295.9497207033,"standard_error":96.9135235313608},"StdDev":{"confidence_interval":{"confidence_level":0.95,"lower_bound":1470.9594897456084,"upper_bound":3879.3518009912573},"point_estimate":2788.5139256277407,"standard_error":608.8670810340795}}