{"Mean":{"confidence_interval":{"confidence_level":0.95,"lower_bound":36190.49961872354,"upper_bound":36213.25013125758},"point_estimate":36200.72108279659,"standard_error":5.856501991074409},"Median":{"confidence_interval":{"confidence_level":0.95,"lower_bound":36183.87630662021,"upper_bound":36188.55952380953},"point_estimate":36186.61475975005,"standard_error":1.184603253017983},"MedianAbsDev":{"confidence_interval":{"confidence_level":0.95,"lower_bound":6.064031076499106,"upper_bound":10.843744515834102},"point_estimate":8.862129817035342,"standard_error":1.271992777231283},"Slope":{"confidence_interval":{"confidence_level":0.95,"lower_bound":36184.997208928544,"upper_bound":36196.983046895104},"point_estimate":36189.81506090481,"standard_error":3.148041048077828},"StdDev":{"confidence_interval":{"confidence_level":0.95,"lower_bound":28.709792781508316,"upper_bound":83.56880175292426},"point_estimate":59.010601621342445,"standard_error":14.040516026489389}}