{"Mean":{"confidence_interval":{"confidence_level":0.95,"lower_bound":9307750.05680167,"upper_bound":9313002.487457609},"point_estimate":9310183.80844756,"standard_error":1347.7581515490378},"Median":{"confidence_interval":{"confidence_level":0.95,"lower_bound":9304510.214285715,"upper_bound":9308352.0},"point_estimate":9306232.46067775,"standard_error":864.0768329829954},"MedianAbsDev":{"confidence_interval":{"confidence_level":0.95,"lower_bound":4536.177367746694,"upper_bound":8768.810870905134},"point_estimate":5885.326764809098,"standard_error":1092.688361013373},"Slope":{"confidence_interval":{"confidence_level":0.95,"lower_bound":9304770.155987905,"upper_bound":9307361.113131056},"point_estimate":9305983.534319492,"standard_error":662.462458681501},"StdDev":{"confidence_interval":{"confidence_level":0.95,"lower_bound":8031.336772284282,"upper_bound":18316.555115538387},"point_estimate":13551.755029069047,"standard_error":2630.032475400417}}