{"Mean":{"confidence_interval":{"confidence_level":0.95,"lower_bound":9298046.288264573,"upper_bound":9306077.407972189},"point_estimate":9301351.878728915,"standard_error":2092.472664394606},"Median":{"confidence_interval":{"confidence_level":0.95,"lower_bound":9296021.653846154,"upper_bound":9298425.595238095},"point_estimate":9296720.036764707,"standard_error":653.7775982050113},"MedianAbsDev":{"confidence_interval":{"confidence_level":0.95,"lower_bound":3519.295726285926,"upper_bound":6458.345359594791},"point_estimate":4473.065562854489,"standard_error":813.7369121781319},"Slope":{"confidence_interval":{"confidence_level":0.95,"lower_bound":9295719.90458022,"upper_bound":9297433.030985603},"point_estimate":9296544.079400029,"standard_error":437.4771980921748},"StdDev":{"confidence_interval":{"confidence_level":0.95,"lower_bound":6692.074869401055,"upper_bound":33690.118608560384},"point_estimate":21107.944943010414,"standard_error":8018.6237854363735}}