{"Mean":{"confidence_interval":{"confidence_level":0.95,"lower_bound":2510391.112236895,"upper_bound":2513613.8204934583},"point_estimate":2511767.699180423,"standard_error":834.9139636138076},"Median":{"confidence_interval":{"confidence_level":0.95,"lower_bound":2510003.916666667,"upper_bound":2511208.9958804636},"point_estimate":2510650.611639493,"standard_error":301.3709766048496},"MedianAbsDev":{"confidence_interval":{"confidence_level":0.95,"lower_bound":3259.9046111574157,"upper_bound":5031.286447040714},"point_estimate":4392.0631793429575,"standard_error":473.287696208197},"Slope":{"confidence_interval":{"confidence_level":0.95,"lower_bound":2509841.0073332824,"upper_bound":2511293.573269295},"point_estimate":2510548.6656036647,"standard_error":370.2279567829595},"StdDev":{"confidence_interval":{"confidence_level":0.95,"lower_bound":3786.47077494869,"upper_bound":13091.004852771297},"point_estimate":8412.928368532237,"standard_error":2891.662289319681}}