{"Mean":{"confidence_interval":{"confidence_level":0.95,"lower_bound":39681.43828239738,"upper_bound":39690.579498874904},"point_estimate":39685.36699286859,"standard_error":2.3524373787566994},"Median":{"confidence_interval":{"confidence_level":0.95,"lower_bound":39678.324,"upper_bound":39680.965217391305},"point_estimate":39679.36676328503,"standard_error":0.693254620420439},"MedianAbsDev":{"confidence_interval":{"confidence_level":0.95,"lower_bound":3.791546011091607,"upper_bound":7.245537612181406},"point_estimate":5.1179873802917,"standard_error":0.8681838704892288},"Slope":{"confidence_interval":{"confidence_level":0.95,"lower_bound":39679.00969450613,"upper_bound":39686.91582705794},"point_estimate":39682.001801329985,"standard_error":2.124732484085103},"StdDev":{"confidence_interval":{"confidence_level":0.95,"lower_bound":10.089768617009323,"upper_bound":36.51727311405831},"point_estimate":23.573420793566754,"standard_error":7.596407518127607}}