{"Mean":{"confidence_interval":{"confidence_level":0.95,"lower_bound":7600275.20855437,"upper_bound":7723040.827114604},"point_estimate":7644954.579691265,"standard_error":35378.75324593448},"Median":{"confidence_interval":{"confidence_level":0.95,"lower_bound":7584043.6567164175,"upper_bound":7596627.139639639},"point_estimate":7590004.15743252,"standard_error":3228.546237071665},"MedianAbsDev":{"confidence_interval":{"confidence_level":0.95,"lower_bound":18634.27998954175,"upper_bound":32079.026969370985},"point_estimate":26948.71955289372,"standard_error":3362.473302629636},"Slope":{"confidence_interval":{"confidence_level":0.95,"lower_bound":7587428.169898849,"upper_bound":7595551.462419972},"point_estimate":7591414.113932319,"standard_error":2071.9691456657424},"StdDev":{"confidence_interval":{"confidence_level":0.95,"lower_bound":47158.20669648816,"upper_bound":606441.4362820629},"point_estimate":357510.4083558309,"standard_error":193222.76085958435}}