{"Mean":{"confidence_interval":{"confidence_level":0.95,"lower_bound":1346.5821108543907,"upper_bound":1346.769071952289},"point_estimate":1346.671296294113,"standard_error":0.047647822950678494},"Median":{"confidence_interval":{"confidence_level":0.95,"lower_bound":1346.5841857785506,"upper_bound":1346.7455763726255},"point_estimate":1346.6891004536765,"standard_error":0.05233921763314355},"MedianAbsDev":{"confidence_interval":{"confidence_level":0.95,"lower_bound":0.19591660558669333,"upper_bound":0.34159586102610867},"point_estimate":0.2547848666090897,"standard_error":0.038287255321560014},"Slope":{"confidence_interval":{"confidence_level":0.95,"lower_bound":1346.5995950921952,"upper_bound":1346.717813714157},"point_estimate":1346.6623941120563,"standard_error":0.03013510268942866},"StdDev":{"confidence_interval":{"confidence_level":0.95,"lower_bound":0.31970098310078127,"upper_bound":0.6218327397244429},"point_estimate":0.4786246605896961,"standard_error":0.07752425612030206}}