{"Mean":{"confidence_interval":{"confidence_level":0.95,"lower_bound":8531945.557652444,"upper_bound":8535393.897258138},"point_estimate":8533542.860564997,"standard_error":882.3112195319991},"Median":{"confidence_interval":{"confidence_level":0.95,"lower_bound":8531172.0251938,"upper_bound":8532824.111111112},"point_estimate":8532079.913253013,"standard_error":388.84947013183273},"MedianAbsDev":{"confidence_interval":{"confidence_level":0.95,"lower_bound":2578.2225381013404,"upper_bound":4708.124720677124},"point_estimate":3309.0194380503635,"standard_error":533.985829002512},"Slope":{"confidence_interval":{"confidence_level":0.95,"lower_bound":8530871.81474763,"upper_bound":8532190.830077726},"point_estimate":8531527.959074922,"standard_error":335.5976677728847},"StdDev":{"confidence_interval":{"confidence_level":0.95,"lower_bound":5386.944726442058,"upper_bound":11984.998665663281},"point_estimate":8854.087525720453,"standard_error":1700.6448303099162}}