{"Mean":{"confidence_interval":{"confidence_level":0.95,"lower_bound":1793.6324006257553,"upper_bound":1793.9771718729594},"point_estimate":1793.794533008375,"standard_error":0.08774554635123674},"Median":{"confidence_interval":{"confidence_level":0.95,"lower_bound":1793.5598991202346,"upper_bound":1793.7944306220095},"point_estimate":1793.673256675143,"standard_error":0.05895713661854913},"MedianAbsDev":{"confidence_interval":{"confidence_level":0.95,"lower_bound":0.33000623511817306,"upper_bound":0.5821766102639776},"point_estimate":0.42253064122998457,"standard_error":0.06379226152642872},"Slope":{"confidence_interval":{"confidence_level":0.95,"lower_bound":1793.4779665898077,"upper_bound":1793.7682806865162},"point_estimate":1793.6378579201203,"standard_error":0.07447105981064328},"StdDev":{"confidence_interval":{"confidence_level":0.95,"lower_bound":0.548259572207327,"upper_bound":1.1966804392728772},"point_estimate":0.8812065516902798,"standard_error":0.16789312936937437}}