{"Mean":{"confidence_interval":{"confidence_level":0.95,"lower_bound":1737940.2367025279,"upper_bound":1740958.22027886},"point_estimate":1739286.975404416,"standard_error":773.9480990502499},"Median":{"confidence_interval":{"confidence_level":0.95,"lower_bound":1737003.4769345238,"upper_bound":1737791.2933333332},"point_estimate":1737335.007328833,"standard_error":219.41558957199732},"MedianAbsDev":{"confidence_interval":{"confidence_level":0.95,"lower_bound":1280.1206213642533,"upper_bound":2282.8639869495173},"point_estimate":1657.2333175560148,"standard_error":257.7790652526287},"Slope":{"confidence_interval":{"confidence_level":0.95,"lower_bound":1737245.4456415984,"upper_bound":1739046.7071177321},"point_estimate":1737984.3868804493,"standard_error":473.0495966344684},"StdDev":{"confidence_interval":{"confidence_level":0.95,"lower_bound":3138.8860295173986,"upper_bound":10918.62580425332},"point_estimate":7750.925069653841,"standard_error":1892.8084484276267}}