{"Mean":{"confidence_interval":{"confidence_level":0.95,"lower_bound":2087478.527831573,"upper_bound":2094152.7005453059},"point_estimate":2090694.4736755104,"standard_error":1707.8372715546393},"Median":{"confidence_interval":{"confidence_level":0.95,"lower_bound":2079774.6167714885,"upper_bound":2082714.2978723405},"point_estimate":2080195.843050193,"standard_error":886.1498519291263},"MedianAbsDev":{"confidence_interval":{"confidence_level":0.95,"lower_bound":2081.9127730387895,"upper_bound":7203.9470569367495},"point_estimate":3355.948226073481,"standard_error":1403.4812877710633},"Slope":{"confidence_interval":{"confidence_level":0.95,"lower_bound":2093865.172367923,"upper_bound":2103014.3785924045},"point_estimate":2098818.940978277,"standard_error":2340.3221867659604},"StdDev":{"confidence_interval":{"confidence_level":0.95,"lower_bound":13937.665760889442,"upper_bound":20747.323178895273},"point_estimate":17213.293857403572,"standard_error":1777.001305023701}}