{"Mean":{"confidence_interval":{"confidence_level":0.95,"lower_bound":2078526.825486863,"upper_bound":2080439.0481547033},"point_estimate":2079371.8177790695,"standard_error":492.59432104318427},"Median":{"confidence_interval":{"confidence_level":0.95,"lower_bound":2078156.2727272727,"upper_bound":2078792.0},"point_estimate":2078390.960661964,"standard_error":145.32745853543287},"MedianAbsDev":{"confidence_interval":{"confidence_level":0.95,"lower_bound":811.2539955973855,"upper_bound":1303.0571168661463},"point_estimate":1021.9361830819132,"standard_error":127.17664928795308},"Slope":{"confidence_interval":{"confidence_level":0.95,"lower_bound":2078315.6193250204,"upper_bound":2078746.2222209026},"point_estimate":2078529.8267178957,"standard_error":109.95810236251243},"StdDev":{"confidence_interval":{"confidence_level":0.95,"lower_bound":1921.2296723921208,"upper_bound":7273.991724769764},"point_estimate":4971.0759380594045,"standard_error":1365.2377221922081}}