{"Mean":{"confidence_interval":{"confidence_level":0.95,"lower_bound":7136.786381710344,"upper_bound":7142.266559788649},"point_estimate":7139.237643281984,"standard_error":1.411168597123965},"Median":{"confidence_interval":{"confidence_level":0.95,"lower_bound":7136.1664808997875,"upper_bound":7137.944244604317},"point_estimate":7137.021223021583,"standard_error":0.4524942850385793},"MedianAbsDev":{"confidence_interval":{"confidence_level":0.95,"lower_bound":2.9417025649604738,"upper_bound":5.9071061821877375},"point_estimate":4.464786811220902,"standard_error":0.7829803109830848},"Slope":{"confidence_interval":{"confidence_level":0.95,"lower_bound":7136.845474561862,"upper_bound":7138.906137335597},"point_estimate":7137.827186441183,"standard_error":0.5267512183775901},"StdDev":{"confidence_interval":{"confidence_level":0.95,"lower_bound":6.859972058524032,"upper_bound":20.763687042028916},"point_estimate":14.182996093863396,"standard_error":3.6992993563982854}}