{"Mean":{"confidence_interval":{"confidence_level":0.95,"lower_bound":31490878.32997495,"upper_bound":31582026.18185521},"point_estimate":31535167.827926755,"standard_error":23276.963487880494},"Median":{"confidence_interval":{"confidence_level":0.95,"lower_bound":31386443.04053156,"upper_bound":31596544.444444444},"point_estimate":31418100.803938355,"standard_error":50232.06707893747},"MedianAbsDev":{"confidence_interval":{"confidence_level":0.95,"lower_bound":95855.65835150529,"upper_bound":290670.8514281997},"point_estimate":173024.7729876556,"standard_error":49123.41293270433},"Slope":{"confidence_interval":{"confidence_level":0.95,"lower_bound":31496016.562245265,"upper_bound":31637729.256137386},"point_estimate":31566067.945869662,"standard_error":36172.444767523804},"StdDev":{"confidence_interval":{"confidence_level":0.95,"lower_bound":196297.22696815507,"upper_bound":265029.2235287556},"point_estimate":233429.76687320916,"standard_error":17502.38879253953}}