{"Mean":{"confidence_interval":{"confidence_level":0.95,"lower_bound":31424932.212855928,"upper_bound":31468447.875564385},"point_estimate":31445735.477438353,"standard_error":11130.28959159711},"Median":{"confidence_interval":{"confidence_level":0.95,"lower_bound":31408919.466346152,"upper_bound":31431021.023255814},"point_estimate":31420485.94047619,"standard_error":4785.27329977802},"MedianAbsDev":{"confidence_interval":{"confidence_level":0.95,"lower_bound":40302.821446092006,"upper_bound":73111.24356140342},"point_estimate":57353.30270525311,"standard_error":7937.24889664911},"Slope":{"confidence_interval":{"confidence_level":0.95,"lower_bound":31408331.15949461,"upper_bound":31430480.830998205},"point_estimate":31418789.486620363,"standard_error":5642.38078447282},"StdDev":{"confidence_interval":{"confidence_level":0.95,"lower_bound":79104.21142537311,"upper_bound":141714.7951297928},"point_estimate":111800.0048565477,"standard_error":16021.419814582678}}