{"Mean":{"confidence_interval":{"confidence_level":0.95,"lower_bound":2465.909603124528,"upper_bound":2467.4649309636375},"point_estimate":2466.591625973122,"standard_error":0.3994714157025262},"Median":{"confidence_interval":{"confidence_level":0.95,"lower_bound":2465.473853826971,"upper_bound":2465.683523022019},"point_estimate":2465.5999817659194,"standard_error":0.06023418152981894},"MedianAbsDev":{"confidence_interval":{"confidence_level":0.95,"lower_bound":0.4347982506669563,"upper_bound":0.8848059406554685},"point_estimate":0.6653998467482921,"standard_error":0.12005419799780036},"Slope":{"confidence_interval":{"confidence_level":0.95,"lower_bound":2465.4598299865524,"upper_bound":2465.837201248496},"point_estimate":2465.6318603152235,"standard_error":0.09672638766121436},"StdDev":{"confidence_interval":{"confidence_level":0.95,"lower_bound":1.764971716565805,"upper_bound":6.049918334989393},"point_estimate":4.023110436965851,"standard_error":1.159326588417669}}