{"Mean":{"confidence_interval":{"confidence_level":0.95,"lower_bound":8877.744197334852,"upper_bound":8884.468060190758},"point_estimate":8880.928879098557,"standard_error":1.7209431589207946},"Median":{"confidence_interval":{"confidence_level":0.95,"lower_bound":8874.608803986712,"upper_bound":8878.447098214287},"point_estimate":8876.855765190692,"standard_error":1.0302153385038453},"MedianAbsDev":{"confidence_interval":{"confidence_level":0.95,"lower_bound":5.696647338687022,"upper_bound":10.611033585626803},"point_estimate":7.153933428098893,"standard_error":1.3677264908333182},"Slope":{"confidence_interval":{"confidence_level":0.95,"lower_bound":8877.734916964691,"upper_bound":8882.915466122053},"point_estimate":8880.25424974667,"standard_error":1.3275470578498896},"StdDev":{"confidence_interval":{"confidence_level":0.95,"lower_bound":12.229472406573727,"upper_bound":21.829315614477075},"point_estimate":17.31041033952502,"standard_error":2.460794325045178}}