{"Mean":{"confidence_interval":{"confidence_level":0.95,"lower_bound":53064.7557082178,"upper_bound":53307.069297446345},"point_estimate":53149.014457612604,"standard_error":74.38117266551899},"Median":{"confidence_interval":{"confidence_level":0.95,"lower_bound":53053.02805927863,"upper_bound":53062.346702198534},"point_estimate":53056.814868421054,"standard_error":2.4519637740226825},"MedianAbsDev":{"confidence_interval":{"confidence_level":0.95,"lower_bound":17.58193987675356,"upper_bound":30.32749198550195},"point_estimate":23.102631824300797,"standard_error":3.4319988219425177},"Slope":{"confidence_interval":{"confidence_level":0.95,"lower_bound":53047.0303829205,"upper_bound":53072.12255922607},"point_estimate":53057.47357065636,"standard_error":6.564297521156982},"StdDev":{"confidence_interval":{"confidence_level":0.95,"lower_bound":41.45453371058915,"upper_bound":1284.9189955736522},"point_estimate":751.1364609987361,"standard_error":441.3136249970601}}