{"Mean":{"confidence_interval":{"confidence_level":0.95,"lower_bound":2507883.790625551,"upper_bound":2509593.9034166224},"point_estimate":2508705.663016029,"standard_error":436.96923181705864},"Median":{"confidence_interval":{"confidence_level":0.95,"lower_bound":2506968.511904762,"upper_bound":2508031.88872739},"point_estimate":2507563.6531311153,"standard_error":240.09947374800944},"MedianAbsDev":{"confidence_interval":{"confidence_level":0.95,"lower_bound":1480.9665281436087,"upper_bound":2558.2499046351027},"point_estimate":1789.6910575121915,"standard_error":282.5805643014975},"Slope":{"confidence_interval":{"confidence_level":0.95,"lower_bound":2507349.851536661,"upper_bound":2508171.729329435},"point_estimate":2507734.5071139354,"standard_error":208.83488896645935},"StdDev":{"confidence_interval":{"confidence_level":0.95,"lower_bound":3273.846853247623,"upper_bound":5348.875678840917},"point_estimate":4387.511332350258,"standard_error":529.1486812150017}}