{"Mean":{"confidence_interval":{"confidence_level":0.95,"lower_bound":213950.59034274772,"upper_bound":214193.08138123585},"point_estimate":214057.60018245745,"standard_error":62.2814508475763},"Median":{"confidence_interval":{"confidence_level":0.95,"lower_bound":213878.69835739175,"upper_bound":213966.73482820974},"point_estimate":213911.86275510205,"standard_error":24.07002833132027},"MedianAbsDev":{"confidence_interval":{"confidence_level":0.95,"lower_bound":117.42899613458029,"upper_bound":211.49539731795298},"point_estimate":154.52299385666612,"standard_error":23.447621132738114},"Slope":{"confidence_interval":{"confidence_level":0.95,"lower_bound":213906.1016340603,"upper_bound":213988.92991612045},"point_estimate":213945.9158794148,"standard_error":21.1587524417554},"StdDev":{"confidence_interval":{"confidence_level":0.95,"lower_bound":243.2840869897952,"upper_bound":912.2207334694302},"point_estimate":625.0232555462271,"standard_error":167.54538369554382}}