{"Mean":{"confidence_interval":{"confidence_level":0.95,"lower_bound":23344368.108420216,"upper_bound":23407225.690655358},"point_estimate":23376332.758520268,"standard_error":15999.080230630248},"Median":{"confidence_interval":{"confidence_level":0.95,"lower_bound":23353350.52,"upper_bound":23410141.473785166},"point_estimate":23382991.952576112,"standard_error":14501.637183122473},"MedianAbsDev":{"confidence_interval":{"confidence_level":0.95,"lower_bound":93753.1592977769,"upper_bound":146555.4650105858},"point_estimate":121175.73606591798,"standard_error":13129.719063227018},"Slope":{"confidence_interval":{"confidence_level":0.95,"lower_bound":23344614.87199956,"upper_bound":23392059.445105437},"point_estimate":23367851.026177034,"standard_error":12105.809914801554},"StdDev":{"confidence_interval":{"confidence_level":0.95,"lower_bound":124734.27679291078,"upper_bound":194245.62794263533},"point_estimate":160528.11055588906,"standard_error":17816.660084608036}}