{"Mean":{"confidence_interval":{"confidence_level":0.95,"lower_bound":23312130.122348122,"upper_bound":23366326.54805432},"point_estimate":23338597.256132364,"standard_error":13849.366336851885},"Median":{"confidence_interval":{"confidence_level":0.95,"lower_bound":23313379.466602027,"upper_bound":23349512.450617284},"point_estimate":23331681.27,"standard_error":9860.075010212904},"MedianAbsDev":{"confidence_interval":{"confidence_level":0.95,"lower_bound":79175.00498454706,"upper_bound":124651.3831782204},"point_estimate":106203.56723589265,"standard_error":11242.187686197973},"Slope":{"confidence_interval":{"confidence_level":0.95,"lower_bound":23312537.620757118,"upper_bound":23352315.609307628},"point_estimate":23332445.688491207,"standard_error":10109.98407852729},"StdDev":{"confidence_interval":{"confidence_level":0.95,"lower_bound":106228.4185831533,"upper_bound":171110.48460439563},"point_estimate":139210.83793536853,"standard_error":16645.05964537398}}