{"Mean":{"confidence_interval":{"confidence_level":0.95,"lower_bound":7402.747970175246,"upper_bound":7404.845686710125},"point_estimate":7403.788928664249,"standard_error":0.53243153798481},"Median":{"confidence_interval":{"confidence_level":0.95,"lower_bound":7403.328542172856,"upper_bound":7403.8515625},"point_estimate":7403.564764085508,"standard_error":0.1425540979942749},"MedianAbsDev":{"confidence_interval":{"confidence_level":0.95,"lower_bound":0.8776403970568202,"upper_bound":1.3379204506875206},"point_estimate":1.0659675382434963,"standard_error":0.11500127549786297},"Slope":{"confidence_interval":{"confidence_level":0.95,"lower_bound":7400.618993605448,"upper_bound":7404.7685465655495},"point_estimate":7402.711385829828,"standard_error":1.0524261317018706},"StdDev":{"confidence_interval":{"confidence_level":0.95,"lower_bound":3.3334337095169047,"upper_bound":7.040917772654333},"point_estimate":5.37745585740116,"standard_error":0.9440664313597914}}