{"Mean":{"confidence_interval":{"confidence_level":0.95,"lower_bound":2538.8382410966756,"upper_bound":2540.8114981050885},"point_estimate":2539.7944447185314,"standard_error":0.5048315444712878},"Median":{"confidence_interval":{"confidence_level":0.95,"lower_bound":2536.58242820324,"upper_bound":2539.616945876289},"point_estimate":2538.2431761042044,"standard_error":0.9447513486442058},"MedianAbsDev":{"confidence_interval":{"confidence_level":0.95,"lower_bound":1.7799468432780925,"upper_bound":4.98481043440101},"point_estimate":3.436605852912603,"standard_error":0.8528254337461596},"Slope":{"confidence_interval":{"confidence_level":0.95,"lower_bound":2539.410140709972,"upper_bound":2541.3105864900976},"point_estimate":2540.352062358413,"standard_error":0.48512100172458145},"StdDev":{"confidence_interval":{"confidence_level":0.95,"lower_bound":4.003918454749486,"upper_bound":6.027234756511492},"point_estimate":5.071646919079495,"standard_error":0.5201344571965163}}