{"Mean":{"confidence_interval":{"confidence_level":0.95,"lower_bound":328028.5716353054,"upper_bound":340062.42203764914},"point_estimate":333885.1490825913,"standard_error":3077.8372631480433},"Median":{"confidence_interval":{"confidence_level":0.95,"lower_bound":315900.8823529412,"upper_bound":329536.5227272727},"point_estimate":320499.54936763435,"standard_error":3530.1340274428503},"MedianAbsDev":{"confidence_interval":{"confidence_level":0.95,"lower_bound":13362.562205201342,"upper_bound":29295.105437553775},"point_estimate":19842.644981275233,"standard_error":3825.5170544501034},"Slope":{"confidence_interval":{"confidence_level":0.95,"lower_bound":313377.48710241274,"upper_bound":318854.58208608296},"point_estimate":315834.88907196687,"standard_error":1395.1619607501877},"StdDev":{"confidence_interval":{"confidence_level":0.95,"lower_bound":26514.515728560134,"upper_bound":34472.115432197956},"point_estimate":30956.9702640156,"standard_error":2030.1083737527583}}