{"Mean":{"confidence_interval":{"confidence_level":0.95,"lower_bound":321019.84710121964,"upper_bound":333453.7730438566},"point_estimate":327046.7283245496,"standard_error":3179.4899923044895},"Median":{"confidence_interval":{"confidence_level":0.95,"lower_bound":312482.71907649253,"upper_bound":323797.009765625},"point_estimate":316757.29939516133,"standard_error":2960.471316599898},"MedianAbsDev":{"confidence_interval":{"confidence_level":0.95,"lower_bound":17125.005598928125,"upper_bound":31337.901329254},"point_estimate":22817.709464499287,"standard_error":3590.00663081243},"Slope":{"confidence_interval":{"confidence_level":0.95,"lower_bound":306691.3824294946,"upper_bound":313543.86456102657},"point_estimate":309839.8102342249,"standard_error":1754.6925219868601},"StdDev":{"confidence_interval":{"confidence_level":0.95,"lower_bound":26782.458746115866,"upper_bound":36169.34493768137},"point_estimate":31938.95507524058,"standard_error":2401.7212963678576}}