{"Mean":{"confidence_interval":{"confidence_level":0.95,"lower_bound":836729.8124364173,"upper_bound":836909.5167057478},"point_estimate":836810.8059083605,"standard_error":46.008485326374206},"Median":{"confidence_interval":{"confidence_level":0.95,"lower_bound":836666.6142857143,"upper_bound":836815.390491453},"point_estimate":836718.6661899313,"standard_error":38.105556469866855},"MedianAbsDev":{"confidence_interval":{"confidence_level":0.95,"lower_bound":204.1236040682344,"upper_bound":325.36035692125574},"point_estimate":247.1487260318758,"standard_error":31.613220917218428},"Slope":{"confidence_interval":{"confidence_level":0.95,"lower_bound":836576.3971241069,"upper_bound":836744.8123794105},"point_estimate":836647.1279547806,"standard_error":43.41820453723481},"StdDev":{"confidence_interval":{"confidence_level":0.95,"lower_bound":257.0676108141372,"upper_bound":671.4875133272657},"point_estimate":463.8176506615433,"standard_error":114.3189788315186}}