{"Mean":{"confidence_interval":{"confidence_level":0.95,"lower_bound":910880.8901747768,"upper_bound":912061.2975605319},"point_estimate":911473.1305048801,"standard_error":301.93918648026994},"Median":{"confidence_interval":{"confidence_level":0.95,"lower_bound":909818.1036585366,"upper_bound":913033.005050505},"point_estimate":912534.4616168479,"standard_error":856.0855808315333},"MedianAbsDev":{"confidence_interval":{"confidence_level":0.95,"lower_bound":1562.115524440767,"upper_bound":4910.504370321118},"point_estimate":4124.796332381248,"standard_error":839.9786429724214},"Slope":{"confidence_interval":{"confidence_level":0.95,"lower_bound":911259.8680655288,"upper_bound":912410.7069639432},"point_estimate":911857.4626895227,"standard_error":293.8278831973223},"StdDev":{"confidence_interval":{"confidence_level":0.95,"lower_bound":2586.1227707982694,"upper_bound":3449.503908105548},"point_estimate":3029.8938602331896,"standard_error":220.79637558689734}}