{"Mean":{"confidence_interval":{"confidence_level":0.95,"lower_bound":6384.257384835813,"upper_bound":6385.078552639064},"point_estimate":6384.633637559947,"standard_error":0.20992629547401256},"Median":{"confidence_interval":{"confidence_level":0.95,"lower_bound":6384.066812139861,"upper_bound":6384.358376690947},"point_estimate":6384.181569047223,"standard_error":0.07697769843433541},"MedianAbsDev":{"confidence_interval":{"confidence_level":0.95,"lower_bound":0.45287827269722764,"upper_bound":0.8018034533488383},"point_estimate":0.5786416384726822,"standard_error":0.09493866266305241},"Slope":{"confidence_interval":{"confidence_level":0.95,"lower_bound":6384.247905007451,"upper_bound":6384.505501669438},"point_estimate":6384.3735136454425,"standard_error":0.06567685581028512},"StdDev":{"confidence_interval":{"confidence_level":0.95,"lower_bound":1.017030546100592,"upper_bound":2.9409374582402386},"point_estimate":2.110303287266672,"standard_error":0.48139963205255265}}