{"Mean":{"confidence_interval":{"confidence_level":0.95,"lower_bound":6404.259953203805,"upper_bound":6405.672729690243},"point_estimate":6404.866084764309,"standard_error":0.3654588902682784},"Median":{"confidence_interval":{"confidence_level":0.95,"lower_bound":6403.96368884087,"upper_bound":6404.227511241446},"point_estimate":6404.118429848426,"standard_error":0.06359509583578593},"MedianAbsDev":{"confidence_interval":{"confidence_level":0.95,"lower_bound":0.3831567942536288,"upper_bound":0.6641372694238328},"point_estimate":0.5511056746339957,"standard_error":0.07661921513470421},"Slope":{"confidence_interval":{"confidence_level":0.95,"lower_bound":6404.101151654959,"upper_bound":6406.318383558029},"point_estimate":6404.834363767239,"standard_error":0.6470333520863989},"StdDev":{"confidence_interval":{"confidence_level":0.95,"lower_bound":1.4645283113599012,"upper_bound":5.67532825353494},"point_estimate":3.68739783567785,"standard_error":1.1913477514255626}}