{"Mean":{"confidence_interval":{"confidence_level":0.95,"lower_bound":9207766.628072504,"upper_bound":9226037.791653557},"point_estimate":9215177.780958895,"standard_error":4796.557395226287},"Median":{"confidence_interval":{"confidence_level":0.95,"lower_bound":9206840.929942127,"upper_bound":9209461.785454545},"point_estimate":9207969.362413794,"standard_error":685.0787625449681},"MedianAbsDev":{"confidence_interval":{"confidence_level":0.95,"lower_bound":5062.5202640000925,"upper_bound":8732.443646103788},"point_estimate":6381.308788159958,"standard_error":954.2477868082484},"Slope":{"confidence_interval":{"confidence_level":0.95,"lower_bound":9206440.911769241,"upper_bound":9221026.72272747},"point_estimate":9212035.527607506,"standard_error":3862.3711397673146},"StdDev":{"confidence_interval":{"confidence_level":0.95,"lower_bound":9441.643949775236,"upper_bound":77611.35868622366},"point_estimate":48182.44026421664,"standard_error":18996.375759142826}}