{"Mean":{"confidence_interval":{"confidence_level":0.95,"lower_bound":16563.13032884688,"upper_bound":16564.556556777083},"point_estimate":16563.895258242184,"standard_error":0.36334324113378436},"Median":{"confidence_interval":{"confidence_level":0.95,"lower_bound":16563.897407407407,"upper_bound":16564.38894557823},"point_estimate":16564.2043463327,"standard_error":0.10934761727529589},"MedianAbsDev":{"confidence_interval":{"confidence_level":0.95,"lower_bound":0.8801641136462347,"upper_bound":1.4712342143516688},"point_estimate":1.1494371473107499,"standard_error":0.1560350592761843},"Slope":{"confidence_interval":{"confidence_level":0.95,"lower_bound":16564.04756226349,"upper_bound":16564.489172118203},"point_estimate":16564.267513373725,"standard_error":0.11261297119993494},"StdDev":{"confidence_interval":{"confidence_level":0.95,"lower_bound":1.7281764247838356,"upper_bound":5.160943442034399},"point_estimate":3.655569729530136,"standard_error":0.8601267836895374}}