{"Mean":{"confidence_interval":{"confidence_level":0.95,"lower_bound":860756.1570475337,"upper_bound":861851.3458064188},"point_estimate":861189.5515761205,"standard_error":289.3231041301079},"Median":{"confidence_interval":{"confidence_level":0.95,"lower_bound":860657.04,"upper_bound":860828.4207856598},"point_estimate":860774.3527317641,"standard_error":48.63251650347683},"MedianAbsDev":{"confidence_interval":{"confidence_level":0.95,"lower_bound":292.3794408539055,"upper_bound":556.3963005696853},"point_estimate":397.8098644523626,"standard_error":72.24346874204039},"Slope":{"confidence_interval":{"confidence_level":0.95,"lower_bound":860721.8318001687,"upper_bound":860916.9318303819},"point_estimate":860816.3174094872,"standard_error":49.875270270747514},"StdDev":{"confidence_interval":{"confidence_level":0.95,"lower_bound":731.4331126577946,"upper_bound":4756.777867141589},"point_estimate":2903.6241368913556,"standard_error":1240.0723082047423}}