{"Mean":{"confidence_interval":{"confidence_level":0.95,"lower_bound":586776.5413985418,"upper_bound":587479.596639869},"point_estimate":587085.7108345826,"standard_error":180.16044251949887},"Median":{"confidence_interval":{"confidence_level":0.95,"lower_bound":586548.8333333334,"upper_bound":586784.7419533851},"point_estimate":586675.9551282051,"standard_error":61.38772784341805},"MedianAbsDev":{"confidence_interval":{"confidence_level":0.95,"lower_bound":411.30829703028286,"upper_bound":772.4204232379738},"point_estimate":600.461973110329,"standard_error":101.67680257341725},"Slope":{"confidence_interval":{"confidence_level":0.95,"lower_bound":586612.8882580497,"upper_bound":586881.5678518851},"point_estimate":586739.9362139796,"standard_error":68.46669043120048},"StdDev":{"confidence_interval":{"confidence_level":0.95,"lower_bound":815.6553819120963,"upper_bound":2711.583226541145},"point_estimate":1809.2465394549693,"standard_error":504.39341261600185}}