{"Mean":{"confidence_interval":{"confidence_level":0.95,"lower_bound":944.5246194183037,"upper_bound":949.6923216082221},"point_estimate":946.3025161287802,"standard_error":1.6170745799784059},"Median":{"confidence_interval":{"confidence_level":0.95,"lower_bound":944.3829687358709,"upper_bound":944.4923298832427},"point_estimate":944.4240373390803,"standard_error":0.029535893382809795},"MedianAbsDev":{"confidence_interval":{"confidence_level":0.95,"lower_bound":0.20699299702113602,"upper_bound":0.3357093712061215},"point_estimate":0.2534505992740136,"standard_error":0.03201455089265954},"Slope":{"confidence_interval":{"confidence_level":0.95,"lower_bound":944.4327742516615,"upper_bound":944.7437915867523},"point_estimate":944.5583414144348,"standard_error":0.081490720804756},"StdDev":{"confidence_interval":{"confidence_level":0.95,"lower_bound":0.6499503763001917,"upper_bound":27.958596924020153},"point_estimate":16.323398772777193,"standard_error":9.750685044132878}}