{"Mean":{"confidence_interval":{"confidence_level":0.95,"lower_bound":3126309.200162537,"upper_bound":3135942.7060460895},"point_estimate":3130998.2312456816,"standard_error":2455.1797879679357},"Median":{"confidence_interval":{"confidence_level":0.95,"lower_bound":3124706.1777777774,"upper_bound":3135520.8757267445},"point_estimate":3131388.7629011553,"standard_error":3270.6755918180525},"MedianAbsDev":{"confidence_interval":{"confidence_level":0.95,"lower_bound":14969.661853498825,"upper_bound":25781.73396326041},"point_estimate":19808.736181343556,"standard_error":2802.2230047237945},"Slope":{"confidence_interval":{"confidence_level":0.95,"lower_bound":3128388.9255632376,"upper_bound":3136839.670989481},"point_estimate":3132590.1869218266,"standard_error":2159.036291507691},"StdDev":{"confidence_interval":{"confidence_level":0.95,"lower_bound":18898.207425643133,"upper_bound":31324.161764545122},"point_estimate":24680.094967538866,"standard_error":3319.274085999263}}