{"Mean":{"confidence_interval":{"confidence_level":0.95,"lower_bound":296958.4943679664,"upper_bound":297254.80020477937},"point_estimate":297090.797777442,"standard_error":76.08273742534357},"Median":{"confidence_interval":{"confidence_level":0.95,"lower_bound":296868.0925925926,"upper_bound":296982.865},"point_estimate":296921.0284032091,"standard_error":28.640979385309585},"MedianAbsDev":{"confidence_interval":{"confidence_level":0.95,"lower_bound":172.16505726760533,"upper_bound":313.4982486004394},"point_estimate":255.24175895100873,"standard_error":37.82002337594565},"Slope":{"confidence_interval":{"confidence_level":0.95,"lower_bound":296885.458619472,"upper_bound":296992.5668232282},"point_estimate":296935.9166839072,"standard_error":27.410260521795383},"StdDev":{"confidence_interval":{"confidence_level":0.95,"lower_bound":344.9358959381829,"upper_bound":1076.0025598688053},"point_estimate":761.0702824267938,"standard_error":183.3535400562041}}