{"Mean":{"confidence_interval":{"confidence_level":0.95,"lower_bound":7613.540577614796,"upper_bound":7620.459496147308},"point_estimate":7616.668800611951,"standard_error":1.7808015549427445},"Median":{"confidence_interval":{"confidence_level":0.95,"lower_bound":7611.818104946055,"upper_bound":7613.680745489079},"point_estimate":7612.844784637877,"standard_error":0.5485990204425205},"MedianAbsDev":{"confidence_interval":{"confidence_level":0.95,"lower_bound":3.3251045140287645,"upper_bound":6.878093095331434},"point_estimate":5.311837000045567,"standard_error":0.9216231275477204},"Slope":{"confidence_interval":{"confidence_level":0.95,"lower_bound":7610.647994060417,"upper_bound":7612.83110734472},"point_estimate":7611.742461151971,"standard_error":0.5568075487488718},"StdDev":{"confidence_interval":{"confidence_level":0.95,"lower_bound":8.756272971435171,"upper_bound":24.671693321503344},"point_estimate":17.869446607868234,"standard_error":3.953554833679739}}