{"Mean":{"confidence_interval":{"confidence_level":0.95,"lower_bound":15810.495206887335,"upper_bound":15818.446453703616},"point_estimate":15814.047965042508,"standard_error":2.0523224833741174},"Median":{"confidence_interval":{"confidence_level":0.95,"lower_bound":15807.305171530978,"upper_bound":15811.658817373103},"point_estimate":15808.521048507995,"standard_error":1.2210710163944978},"MedianAbsDev":{"confidence_interval":{"confidence_level":0.95,"lower_bound":5.143219397936495,"upper_bound":8.293146519433213},"point_estimate":6.558235597852519,"standard_error":0.7735517447299846},"Slope":{"confidence_interval":{"confidence_level":0.95,"lower_bound":15807.923133289516,"upper_bound":15813.421914540108},"point_estimate":15810.325339122399,"standard_error":1.419710527601305},"StdDev":{"confidence_interval":{"confidence_level":0.95,"lower_bound":9.57433417910856,"upper_bound":29.775000017281574},"point_estimate":20.564060527427753,"standard_error":5.2598877739711485}}