{"Mean":{"confidence_interval":{"confidence_level":0.95,"lower_bound":15337.653718057978,"upper_bound":15360.354950660801},"point_estimate":15345.825731003515,"standard_error":6.604430948797036},"Median":{"confidence_interval":{"confidence_level":0.95,"lower_bound":15335.571237458194,"upper_bound":15336.971019677996},"point_estimate":15336.516483516483,"standard_error":0.36644004410739356},"MedianAbsDev":{"confidence_interval":{"confidence_level":0.95,"lower_bound":2.401239612677025,"upper_bound":4.8204282660682285},"point_estimate":3.580940551809882,"standard_error":0.6282449438369501},"Slope":{"confidence_interval":{"confidence_level":0.95,"lower_bound":15335.386350765597,"upper_bound":15337.4928635237},"point_estimate":15336.334643825807,"standard_error":0.5413794666913796},"StdDev":{"confidence_interval":{"confidence_level":0.95,"lower_bound":7.246539975413092,"upper_bound":112.64860528338247},"point_estimate":66.28993629344795,"standard_error":36.31454097461903}}