{"Mean":{"confidence_interval":{"confidence_level":0.95,"lower_bound":251423.96591493135,"upper_bound":251479.2985464966},"point_estimate":251450.5897873941,"standard_error":14.118583979140684},"Median":{"confidence_interval":{"confidence_level":0.95,"lower_bound":251376.70601851854,"upper_bound":251421.80952380953},"point_estimate":251392.63068181818,"standard_error":12.05812173137182},"MedianAbsDev":{"confidence_interval":{"confidence_level":0.95,"lower_bound":59.447146530815175,"upper_bound":134.60278512746763},"point_estimate":80.63744533073061,"standard_error":19.109114103742442},"Slope":{"confidence_interval":{"confidence_level":0.95,"lower_bound":251433.42608105237,"upper_bound":251496.11094209374},"point_estimate":251465.61830796514,"standard_error":15.995880476016243},"StdDev":{"confidence_interval":{"confidence_level":0.95,"lower_bound":112.0981407112254,"upper_bound":170.966158407549},"point_estimate":142.11191511510938,"standard_error":15.081823756633309}}