{"Mean":{"confidence_interval":{"confidence_level":0.95,"lower_bound":354490.65893530386,"upper_bound":354640.69449162926},"point_estimate":354558.38398885727,"standard_error":38.41054550402828},"Median":{"confidence_interval":{"confidence_level":0.95,"lower_bound":354448.59285714285,"upper_bound":354536.88088330114},"point_estimate":354489.54038242006,"standard_error":21.647107789452026},"MedianAbsDev":{"confidence_interval":{"confidence_level":0.95,"lower_bound":115.6756785147621,"upper_bound":198.91932866451768},"point_estimate":142.39815394703942,"standard_error":21.73972998926621},"Slope":{"confidence_interval":{"confidence_level":0.95,"lower_bound":354456.3736252623,"upper_bound":354520.1060297122},"point_estimate":354487.51098960644,"standard_error":16.250906140604727},"StdDev":{"confidence_interval":{"confidence_level":0.95,"lower_bound":213.71535333376755,"upper_bound":559.9760516227087},"point_estimate":386.6686692816713,"standard_error":95.54948755620741}}