{"Mean":{"confidence_interval":{"confidence_level":0.95,"lower_bound":1849.3314821409022,"upper_bound":1849.7239527674894},"point_estimate":1849.504575853041,"standard_error":0.1007973562194326},"Median":{"confidence_interval":{"confidence_level":0.95,"lower_bound":1849.19789445629,"upper_bound":1849.298773987207},"point_estimate":1849.2467050647924,"standard_error":0.026394888644251456},"MedianAbsDev":{"confidence_interval":{"confidence_level":0.95,"lower_bound":0.1533071200316451,"upper_bound":0.31724839522049625},"point_estimate":0.20322060597294664,"standard_error":0.04442258681710214},"Slope":{"confidence_interval":{"confidence_level":0.95,"lower_bound":1849.2099028926737,"upper_bound":1849.9352249080753},"point_estimate":1849.470388959591,"standard_error":0.2029391317640843},"StdDev":{"confidence_interval":{"confidence_level":0.95,"lower_bound":0.4685807977681396,"upper_bound":1.492673524505163},"point_estimate":1.0113509846929574,"standard_error":0.27158403163133277}}