{"Mean":{"confidence_interval":{"confidence_level":0.95,"lower_bound":267750.2577553464,"upper_bound":269661.21012278984},"point_estimate":268627.0661997475,"standard_error":489.5268847811025},"Median":{"confidence_interval":{"confidence_level":0.95,"lower_bound":266652.3394167146,"upper_bound":267512.5031887755},"point_estimate":266896.6413511188,"standard_error":241.4338169129788},"MedianAbsDev":{"confidence_interval":{"confidence_level":0.95,"lower_bound":1315.6943401553845,"upper_bound":2593.564902084199},"point_estimate":1895.6403859226182,"standard_error":330.87639477277366},"Slope":{"confidence_interval":{"confidence_level":0.95,"lower_bound":266702.78141289443,"upper_bound":268073.9872298177},"point_estimate":267315.9448640461,"standard_error":352.0605269990129},"StdDev":{"confidence_interval":{"confidence_level":0.95,"lower_bound":3080.9754710908396,"upper_bound":6737.217530510839},"point_estimate":4909.161566381837,"standard_error":964.0375061199286}}