{"Mean":{"confidence_interval":{"confidence_level":0.95,"lower_bound":266595.8732472482,"upper_bound":268411.71312958584},"point_estimate":267431.63049886486,"standard_error":466.19689338257405},"Median":{"confidence_interval":{"confidence_level":0.95,"lower_bound":265713.55,"upper_bound":266303.1346153846},"point_estimate":266040.59659090906,"standard_error":141.2141112713422},"MedianAbsDev":{"confidence_interval":{"confidence_level":0.95,"lower_bound":892.1312909146171,"upper_bound":1584.0143504496061},"point_estimate":1135.526041396262,"standard_error":186.33667438246837},"Slope":{"confidence_interval":{"confidence_level":0.95,"lower_bound":265704.89141568606,"upper_bound":266556.79313130426},"point_estimate":266113.43569528597,"standard_error":217.88876667183294},"StdDev":{"confidence_interval":{"confidence_level":0.95,"lower_bound":2832.348373650041,"upper_bound":6195.482570143127},"point_estimate":4683.243703155951,"standard_error":859.2064349778767}}