{"Mean":{"confidence_interval":{"confidence_level":0.95,"lower_bound":24856.11424734784,"upper_bound":24924.24926342651},"point_estimate":24888.415001244124,"standard_error":17.434287276291936},"Median":{"confidence_interval":{"confidence_level":0.95,"lower_bound":24812.166789215684,"upper_bound":24878.17642263427},"point_estimate":24845.31443452381,"standard_error":18.72379338315545},"MedianAbsDev":{"confidence_interval":{"confidence_level":0.95,"lower_bound":98.54680768226346,"upper_bound":165.9449962016111},"point_estimate":137.4007240795897,"standard_error":17.711218829326416},"Slope":{"confidence_interval":{"confidence_level":0.95,"lower_bound":24851.090424063423,"upper_bound":24907.61234488934},"point_estimate":24878.25215183981,"standard_error":14.409202868560667},"StdDev":{"confidence_interval":{"confidence_level":0.95,"lower_bound":129.27330258719599,"upper_bound":217.43318100901837},"point_estimate":176.07069580960965,"standard_error":22.625289885532247}}