{"Mean":{"confidence_interval":{"confidence_level":0.95,"lower_bound":869735.6623730013,"upper_bound":870863.602125729},"point_estimate":870176.7801634977,"standard_error":296.9017255653273},"Median":{"confidence_interval":{"confidence_level":0.95,"lower_bound":869717.1206896552,"upper_bound":869937.9701492537},"point_estimate":869775.6051136364,"standard_error":59.88888696938403},"MedianAbsDev":{"confidence_interval":{"confidence_level":0.95,"lower_bound":328.78038080707535,"upper_bound":579.4497489084313},"point_estimate":401.22561428032753,"standard_error":66.77612714156281},"Slope":{"confidence_interval":{"confidence_level":0.95,"lower_bound":869724.1742156046,"upper_bound":869930.7431301133},"point_estimate":869824.0695404167,"standard_error":52.7444831272529},"StdDev":{"confidence_interval":{"confidence_level":0.95,"lower_bound":689.9972046376013,"upper_bound":4916.791852438168},"point_estimate":2984.984222925259,"standard_error":1299.4891938966325}}