{"Mean":{"confidence_interval":{"confidence_level":0.95,"lower_bound":7415.955815714006,"upper_bound":7424.325850254732},"point_estimate":7419.962494823238,"standard_error":2.132307728426386},"Median":{"confidence_interval":{"confidence_level":0.95,"lower_bound":7407.820487186707,"upper_bound":7410.791603452518},"point_estimate":7409.264084070986,"standard_error":0.7737277591609577},"MedianAbsDev":{"confidence_interval":{"confidence_level":0.95,"lower_bound":3.497277217333733,"upper_bound":8.620979358782778},"point_estimate":5.421711097775445,"standard_error":1.338903855540652},"Slope":{"confidence_interval":{"confidence_level":0.95,"lower_bound":7416.50352724866,"upper_bound":7424.787587828385},"point_estimate":7420.593205106432,"standard_error":2.1165116444118595},"StdDev":{"confidence_interval":{"confidence_level":0.95,"lower_bound":16.672202716724154,"upper_bound":25.997028208742417},"point_estimate":21.535403278201745,"standard_error":2.3868064099715274}}