{"Mean":{"confidence_interval":{"confidence_level":0.95,"lower_bound":16557.175925496627,"upper_bound":16558.879133796938},"point_estimate":16558.010018294197,"standard_error":0.43255623937376747},"Median":{"confidence_interval":{"confidence_level":0.95,"lower_bound":16557.35571128495,"upper_bound":16558.408221544716},"point_estimate":16557.86973248106,"standard_error":0.2818464653118325},"MedianAbsDev":{"confidence_interval":{"confidence_level":0.95,"lower_bound":1.7744554604779907,"upper_bound":2.982821252550237},"point_estimate":2.6048380879744224,"standard_error":0.3199183526050427},"Slope":{"confidence_interval":{"confidence_level":0.95,"lower_bound":16556.571423196194,"upper_bound":16558.53069814454},"point_estimate":16557.615073149107,"standard_error":0.4990960698921615},"StdDev":{"confidence_interval":{"confidence_level":0.95,"lower_bound":2.8210002176279727,"upper_bound":5.8278790516764305},"point_estimate":4.3524564398208,"standard_error":0.7799400355103415}}