{"Mean":{"confidence_interval":{"confidence_level":0.95,"lower_bound":22954.932125089963,"upper_bound":22996.49672641539},"point_estimate":22970.891692189078,"standard_error":11.134351835646605},"Median":{"confidence_interval":{"confidence_level":0.95,"lower_bound":22951.337209302324,"upper_bound":22958.3143578038},"point_estimate":22955.24542200601,"standard_error":1.8004908769548817},"MedianAbsDev":{"confidence_interval":{"confidence_level":0.95,"lower_bound":11.773479490500957,"upper_bound":19.466942541924467},"point_estimate":15.380134881299256,"standard_error":2.011268963127372},"Slope":{"confidence_interval":{"confidence_level":0.95,"lower_bound":22951.73289256803,"upper_bound":22956.583463709554},"point_estimate":22954.13026843677,"standard_error":1.2393659042943788},"StdDev":{"confidence_interval":{"confidence_level":0.95,"lower_bound":24.4920734173237,"upper_bound":185.13216750717615},"point_estimate":111.62895361157393,"standard_error":51.227975301492314}}