{"Mean":{"confidence_interval":{"confidence_level":0.95,"lower_bound":566043.2035858502,"upper_bound":596862.8869023242},"point_estimate":579863.5910424043,"standard_error":7876.658612639957},"Median":{"confidence_interval":{"confidence_level":0.95,"lower_bound":547573.1095890411,"upper_bound":562074.7702702703},"point_estimate":554570.7002325582,"standard_error":3798.236426379256},"MedianAbsDev":{"confidence_interval":{"confidence_level":0.95,"lower_bound":21040.092521015744,"upper_bound":44878.27597692298},"point_estimate":31992.304599954503,"standard_error":6535.622331040406},"Slope":{"confidence_interval":{"confidence_level":0.95,"lower_bound":541521.234892031,"upper_bound":550722.1833640544},"point_estimate":545722.0631298951,"standard_error":2342.052419577711},"StdDev":{"confidence_interval":{"confidence_level":0.95,"lower_bound":45550.85738010564,"upper_bound":115115.10666984042},"point_estimate":79479.33239261332,"standard_error":20078.241773000176}}