{"Mean":{"confidence_interval":{"confidence_level":0.95,"lower_bound":590768.682419672,"upper_bound":591778.9644170193},"point_estimate":591146.5552341016,"standard_error":276.6804010181349},"Median":{"confidence_interval":{"confidence_level":0.95,"lower_bound":590672.9186456996,"upper_bound":590866.6702127659},"point_estimate":590779.4752859477,"standard_error":49.736679135324664},"MedianAbsDev":{"confidence_interval":{"confidence_level":0.95,"lower_bound":267.97112024256984,"upper_bound":461.63298399187624},"point_estimate":359.0568852921423,"standard_error":51.045086019626275},"Slope":{"confidence_interval":{"confidence_level":0.95,"lower_bound":590695.6418108876,"upper_bound":590840.2898707745},"point_estimate":590765.6308172011,"standard_error":36.88082297966407},"StdDev":{"confidence_interval":{"confidence_level":0.95,"lower_bound":462.7729365504971,"upper_bound":4669.45451255718},"point_estimate":2779.441689512711,"standard_error":1375.457344433384}}