{"Mean":{"confidence_interval":{"confidence_level":0.95,"lower_bound":2185.405723764084,"upper_bound":2187.847774190058},"point_estimate":2186.491469582987,"standard_error":0.6264141971179946},"Median":{"confidence_interval":{"confidence_level":0.95,"lower_bound":2185.2010922787194,"upper_bound":2185.6550537634407},"point_estimate":2185.3885581356003,"standard_error":0.12537233904082004},"MedianAbsDev":{"confidence_interval":{"confidence_level":0.95,"lower_bound":0.9905008136389764,"upper_bound":1.8642401761959382},"point_estimate":1.3647411421968005,"standard_error":0.20248460830430057},"Slope":{"confidence_interval":{"confidence_level":0.95,"lower_bound":2185.049109594981,"upper_bound":2185.4753153096526},"point_estimate":2185.260288294501,"standard_error":0.10893731742008697},"StdDev":{"confidence_interval":{"confidence_level":0.95,"lower_bound":2.5545157999657717,"upper_bound":8.923014706323286},"point_estimate":6.280533957932075,"standard_error":1.574470680396707}}