{"Mean":{"confidence_interval":{"confidence_level":0.95,"lower_bound":2327017.186214009,"upper_bound":2329845.9013387384},"point_estimate":2328219.992153192,"standard_error":733.5415955734317},"Median":{"confidence_interval":{"confidence_level":0.95,"lower_bound":2326248.3664772725,"upper_bound":2326648.770491803},"point_estimate":2326384.857063404,"standard_error":114.96278266937657},"MedianAbsDev":{"confidence_interval":{"confidence_level":0.95,"lower_bound":725.0942469356295,"upper_bound":1710.612392522854},"point_estimate":1007.6244131397982,"standard_error":242.06527012069435},"Slope":{"confidence_interval":{"confidence_level":0.95,"lower_bound":2326527.070040379,"upper_bound":2328850.393849983},"point_estimate":2327565.6701876754,"standard_error":597.8409198010689},"StdDev":{"confidence_interval":{"confidence_level":0.95,"lower_bound":2527.012549393277,"upper_bound":11525.23361184717},"point_estimate":7371.377043874566,"standard_error":2519.7823834981277}}