{"Mean":{"confidence_interval":{"confidence_level":0.95,"lower_bound":1555916.1835578596,"upper_bound":1562101.521457334},"point_estimate":1558651.9095215679,"standard_error":1590.8420597243658},"Median":{"confidence_interval":{"confidence_level":0.95,"lower_bound":1553766.4382022473,"upper_bound":1557991.41987442},"point_estimate":1555779.8147577997,"standard_error":1100.1632916800245},"MedianAbsDev":{"confidence_interval":{"confidence_level":0.95,"lower_bound":6095.643074780813,"upper_bound":9864.661283807232},"point_estimate":7921.552721160282,"standard_error":940.3260182345475},"Slope":{"confidence_interval":{"confidence_level":0.95,"lower_bound":1554598.2746011962,"upper_bound":1557807.4346488444},"point_estimate":1556149.3150081276,"standard_error":816.852291453617},"StdDev":{"confidence_interval":{"confidence_level":0.95,"lower_bound":7297.019720639592,"upper_bound":23086.06437572466},"point_estimate":15931.85366046951,"standard_error":4275.795893374758}}