{"Mean":{"confidence_interval":{"confidence_level":0.95,"lower_bound":79802.61463765816,"upper_bound":79924.10969473097},"point_estimate":79854.27999849457,"standard_error":31.32946000420245},"Median":{"confidence_interval":{"confidence_level":0.95,"lower_bound":79778.96626180837,"upper_bound":79804.22307692308},"point_estimate":79791.26535983346,"standard_error":6.781293819668843},"MedianAbsDev":{"confidence_interval":{"confidence_level":0.95,"lower_bound":34.87712558831424,"upper_bound":63.50500474347174},"point_estimate":44.931173145211716,"standard_error":7.398874578299931},"Slope":{"confidence_interval":{"confidence_level":0.95,"lower_bound":79781.0516836347,"upper_bound":79803.84847537593},"point_estimate":79791.46792397495,"standard_error":5.841485731571798},"StdDev":{"confidence_interval":{"confidence_level":0.95,"lower_bound":81.83955031495402,"upper_bound":485.3107108888273},"point_estimate":314.76158535932996,"standard_error":101.85662868499512}}