{"Mean":{"confidence_interval":{"confidence_level":0.95,"lower_bound":152100.3261980316,"upper_bound":152251.1023194265},"point_estimate":152162.26869284862,"standard_error":39.23607946866254},"Median":{"confidence_interval":{"confidence_level":0.95,"lower_bound":152077.63398109243,"upper_bound":152111.2180451128},"point_estimate":152092.5280612245,"standard_error":10.759408029685712},"MedianAbsDev":{"confidence_interval":{"confidence_level":0.95,"lower_bound":63.582723621309974,"upper_bound":109.09906056311476},"point_estimate":81.57653830914334,"standard_error":11.646983247170914},"Slope":{"confidence_interval":{"confidence_level":0.95,"lower_bound":152071.17981867888,"upper_bound":152113.96858153725},"point_estimate":152090.82255905762,"standard_error":10.931637845736311},"StdDev":{"confidence_interval":{"confidence_level":0.95,"lower_bound":136.1036471475752,"upper_bound":629.838144942162},"point_estimate":394.08728151549593,"standard_error":150.46081570245306}}