{"Mean":{"confidence_interval":{"confidence_level":0.95,"lower_bound":560060.9122786053,"upper_bound":582615.7030811982},"point_estimate":570747.8158012774,"standard_error":5773.379105840676},"Median":{"confidence_interval":{"confidence_level":0.95,"lower_bound":545769.8125,"upper_bound":557049.8030092593},"point_estimate":549629.3544444444,"standard_error":2850.058369153291},"MedianAbsDev":{"confidence_interval":{"confidence_level":0.95,"lower_bound":18178.1540055976,"upper_bound":33351.5351964892},"point_estimate":25264.646438068594,"standard_error":3767.7581201864205},"Slope":{"confidence_interval":{"confidence_level":0.95,"lower_bound":539300.8857509746,"upper_bound":546469.8451601609},"point_estimate":542662.9582665878,"standard_error":1823.110953887566},"StdDev":{"confidence_interval":{"confidence_level":0.95,"lower_bound":42955.27305056805,"upper_bound":70907.33096820799},"point_estimate":58112.78654475616,"standard_error":7125.162909675041}}