{"Mean":{"confidence_interval":{"confidence_level":0.95,"lower_bound":581.015895110043,"upper_bound":581.1982235430079},"point_estimate":581.0945972846407,"standard_error":0.04703496222772332},"Median":{"confidence_interval":{"confidence_level":0.95,"lower_bound":581.0127272727273,"upper_bound":581.0387081735469},"point_estimate":581.021620396868,"standard_error":0.006905054241955098},"MedianAbsDev":{"confidence_interval":{"confidence_level":0.95,"lower_bound":0.04754374753798202,"upper_bound":0.08268932250268475},"point_estimate":0.06384629752597383,"standard_error":0.00847098207555081},"Slope":{"confidence_interval":{"confidence_level":0.95,"lower_bound":581.0130440998781,"upper_bound":581.23978914243},"point_estimate":581.0914895237237,"standard_error":0.06513903077724005},"StdDev":{"confidence_interval":{"confidence_level":0.95,"lower_bound":0.1340808172333817,"upper_bound":0.725500819956044},"point_estimate":0.47425940941489303,"standard_error":0.150504967163402}}