{"Mean":{"confidence_interval":{"confidence_level":0.95,"lower_bound":569.8086699670811,"upper_bound":569.9102314262673},"point_estimate":569.8496709554363,"standard_error":0.02668069349573306},"Median":{"confidence_interval":{"confidence_level":0.95,"lower_bound":569.8001339028262,"upper_bound":569.8229766014576},"point_estimate":569.81126637076,"standard_error":0.00626894784516218},"MedianAbsDev":{"confidence_interval":{"confidence_level":0.95,"lower_bound":0.03206157217390632,"upper_bound":0.05664498882724237},"point_estimate":0.040400679818490916,"standard_error":0.006245132312225276},"Slope":{"confidence_interval":{"confidence_level":0.95,"lower_bound":569.7935638779388,"upper_bound":570.0061507693712},"point_estimate":569.8640813274602,"standard_error":0.0617155299955896},"StdDev":{"confidence_interval":{"confidence_level":0.95,"lower_bound":0.06911454698204302,"upper_bound":0.4360160073063556},"point_estimate":0.2686446027756791,"standard_error":0.10916645065805329}}