{"Mean":{"confidence_interval":{"confidence_level":0.95,"lower_bound":12760.168907165853,"upper_bound":12773.906592148409},"point_estimate":12766.626786754181,"standard_error":3.5105545295883287},"Median":{"confidence_interval":{"confidence_level":0.95,"lower_bound":12749.706751054853,"upper_bound":12750.900237258096},"point_estimate":12749.988777033122,"standard_error":0.29127238110567505},"MedianAbsDev":{"confidence_interval":{"confidence_level":0.95,"lower_bound":1.869740511406683,"upper_bound":4.398543327961674},"point_estimate":2.9116643701763314,"standard_error":0.618328330308504},"Slope":{"confidence_interval":{"confidence_level":0.95,"lower_bound":12762.659807372793,"upper_bound":12775.438243981765},"point_estimate":12768.958761675249,"standard_error":3.2589707178358767},"StdDev":{"confidence_interval":{"confidence_level":0.95,"lower_bound":24.314446430279677,"upper_bound":45.53894786799211},"point_estimate":35.14893922139662,"standard_error":5.4844533851887505}}