{"Mean":{"confidence_interval":{"confidence_level":0.95,"lower_bound":833.1228377387041,"upper_bound":833.461356499104},"point_estimate":833.2823091703945,"standard_error":0.0864187794979189},"Median":{"confidence_interval":{"confidence_level":0.95,"lower_bound":832.9052458743816,"upper_bound":833.2595621245132},"point_estimate":833.1941946391352,"standard_error":0.08741400577472064},"MedianAbsDev":{"confidence_interval":{"confidence_level":0.95,"lower_bound":0.4701243009822829,"upper_bound":0.778356783347487},"point_estimate":0.6852073285037552,"standard_error":0.08025824048789511},"Slope":{"confidence_interval":{"confidence_level":0.95,"lower_bound":833.1294070128303,"upper_bound":833.2950345158808},"point_estimate":833.2126114551754,"standard_error":0.04225918385050782},"StdDev":{"confidence_interval":{"confidence_level":0.95,"lower_bound":0.5934710114647063,"upper_bound":1.1130024129117928},"point_estimate":0.8685343488730105,"standard_error":0.1329452043743377}}