{"Mean":{"confidence_interval":{"confidence_level":0.95,"lower_bound":6042.06992965663,"upper_bound":6049.423689468628},"point_estimate":6045.266910359354,"standard_error":1.896011681724652},"Median":{"confidence_interval":{"confidence_level":0.95,"lower_bound":6040.786102731691,"upper_bound":6044.490018387181},"point_estimate":6042.437830687831,"standard_error":0.8156227189281905},"MedianAbsDev":{"confidence_interval":{"confidence_level":0.95,"lower_bound":4.395064936827514,"upper_bound":7.755847933794795},"point_estimate":6.137862115385496,"standard_error":0.8694060797334562},"Slope":{"confidence_interval":{"confidence_level":0.95,"lower_bound":6041.405950070888,"upper_bound":6043.8445727782755},"point_estimate":6042.626937534549,"standard_error":0.6229855992003239},"StdDev":{"confidence_interval":{"confidence_level":0.95,"lower_bound":6.411358235602294,"upper_bound":28.25900147121723},"point_estimate":19.048469690305055,"standard_error":5.492452564401703}}