{"Mean":{"confidence_interval":{"confidence_level":0.95,"lower_bound":1338492.1512565832,"upper_bound":1366459.5291398156},"point_estimate":1351038.1504023033,"standard_error":7193.783006855367},"Median":{"confidence_interval":{"confidence_level":0.95,"lower_bound":1322832.2444444445,"upper_bound":1331473.6743589744},"point_estimate":1326837.845667299,"standard_error":2346.5536290607447},"MedianAbsDev":{"confidence_interval":{"confidence_level":0.95,"lower_bound":9728.895224424237,"upper_bound":21094.91856911095},"point_estimate":14561.8542955848,"standard_error":3081.758940995678},"Slope":{"confidence_interval":{"confidence_level":0.95,"lower_bound":1326209.3272141614,"upper_bound":1333983.19668629},"point_estimate":1329829.1533116596,"standard_error":1983.5585401756205},"StdDev":{"confidence_interval":{"confidence_level":0.95,"lower_bound":35023.99762463865,"upper_bound":101317.40675549296},"point_estimate":72025.74265417423,"standard_error":16894.171352508187}}