{"Mean":{"confidence_interval":{"confidence_level":0.95,"lower_bound":150316.91600862183,"upper_bound":150426.59135624368},"point_estimate":150361.80679190287,"standard_error":28.62915071983651},"Median":{"confidence_interval":{"confidence_level":0.95,"lower_bound":150308.25490196078,"upper_bound":150333.62606292518},"point_estimate":150321.27026796382,"standard_error":6.905292334634842},"MedianAbsDev":{"confidence_interval":{"confidence_level":0.95,"lower_bound":52.51635573033169,"upper_bound":83.36368843608972},"point_estimate":71.93909384227311,"standard_error":7.90272986929796},"Slope":{"confidence_interval":{"confidence_level":0.95,"lower_bound":150304.22698143782,"upper_bound":150331.18891470358},"point_estimate":150317.75526652453,"standard_error":6.866949455433041},"StdDev":{"confidence_interval":{"confidence_level":0.95,"lower_bound":98.05518344831638,"upper_bound":463.95983778776855},"point_estimate":288.74307609815776,"standard_error":113.44210419828796}}