{"Mean":{"confidence_interval":{"confidence_level":0.95,"lower_bound":9233.257925778822,"upper_bound":9241.418654887304},"point_estimate":9236.7864121623,"standard_error":2.100449695907892},"Median":{"confidence_interval":{"confidence_level":0.95,"lower_bound":9231.120821756336,"upper_bound":9233.339646464647},"point_estimate":9231.913993328824,"standard_error":0.5401937516484823},"MedianAbsDev":{"confidence_interval":{"confidence_level":0.95,"lower_bound":2.890154942429977,"upper_bound":5.058304899335454},"point_estimate":3.7893569680115475,"standard_error":0.5503954730680259},"Slope":{"confidence_interval":{"confidence_level":0.95,"lower_bound":9231.9732492147,"upper_bound":9234.3317197393},"point_estimate":9233.052363600707,"standard_error":0.6041414593486267},"StdDev":{"confidence_interval":{"confidence_level":0.95,"lower_bound":6.715300900305223,"upper_bound":31.732325898163698},"point_estimate":21.128556338615745,"standard_error":6.525329604245443}}