{"Mean":{"confidence_interval":{"confidence_level":0.95,"lower_bound":9306.378262385508,"upper_bound":9322.11515125106},"point_estimate":9312.630918907524,"standard_error":4.173052243604888},"Median":{"confidence_interval":{"confidence_level":0.95,"lower_bound":9304.156603773585,"upper_bound":9305.169639794169},"point_estimate":9304.587358490566,"standard_error":0.24172207168326929},"MedianAbsDev":{"confidence_interval":{"confidence_level":0.95,"lower_bound":1.7316755368091228,"upper_bound":2.932878556738894},"point_estimate":2.3434445471045637,"standard_error":0.28663419515227817},"Slope":{"confidence_interval":{"confidence_level":0.95,"lower_bound":9304.422797270005,"upper_bound":9306.370159160264},"point_estimate":9305.269128205415,"standard_error":0.49981549690664073},"StdDev":{"confidence_interval":{"confidence_level":0.95,"lower_bound":8.697575957624004,"upper_bound":68.8322029171544},"point_estimate":42.08255835269581,"standard_error":17.998670779459257}}