{"Mean":{"confidence_interval":{"confidence_level":0.95,"lower_bound":1767.0333467017774,"upper_bound":1767.2287061057295},"point_estimate":1767.1277605617736,"standard_error":0.04994600340793604},"Median":{"confidence_interval":{"confidence_level":0.95,"lower_bound":1767.025695762176,"upper_bound":1767.213982296079},"point_estimate":1767.1380617590294,"standard_error":0.05447771205462805},"MedianAbsDev":{"confidence_interval":{"confidence_level":0.95,"lower_bound":0.24298594781958915,"upper_bound":0.3930683397958573},"point_estimate":0.29664961634914505,"standard_error":0.03821674344861408},"Slope":{"confidence_interval":{"confidence_level":0.95,"lower_bound":1767.119734236134,"upper_bound":1767.2401244992432},"point_estimate":1767.1802101067112,"standard_error":0.030758390302234685},"StdDev":{"confidence_interval":{"confidence_level":0.95,"lower_bound":0.35927942122290263,"upper_bound":0.6446840247754991},"point_estimate":0.5013643250186737,"standard_error":0.07384076355593744}}