{"Mean":{"confidence_interval":{"confidence_level":0.95,"lower_bound":3250547.5942679173,"upper_bound":3250916.85219204},"point_estimate":3250705.9047832936,"standard_error":95.19574509403836},"Median":{"confidence_interval":{"confidence_level":0.95,"lower_bound":3250471.230357143,"upper_bound":3250585.6252834466},"point_estimate":3250516.8573552426,"standard_error":29.33809898913385},"MedianAbsDev":{"confidence_interval":{"confidence_level":0.95,"lower_bound":169.7562695791633,"upper_bound":307.728927990107},"point_estimate":243.4162678637968,"standard_error":35.57108223230246},"Slope":{"confidence_interval":{"confidence_level":0.95,"lower_bound":3250498.3332839175,"upper_bound":3250814.594983843},"point_estimate":3250616.2167814393,"standard_error":84.60940496069621},"StdDev":{"confidence_interval":{"confidence_level":0.95,"lower_bound":309.72669977849546,"upper_bound":1425.4092168233733},"point_estimate":954.7098475058209,"standard_error":296.55768703907216}}