{"Mean":{"confidence_interval":{"confidence_level":0.95,"lower_bound":146772.07218563466,"upper_bound":147553.56226230972},"point_estimate":147132.85317249765,"standard_error":199.89975408200056},"Median":{"confidence_interval":{"confidence_level":0.95,"lower_bound":146223.08571428573,"upper_bound":146708.2380952381},"point_estimate":146445.2539125592,"standard_error":110.144017954906},"MedianAbsDev":{"confidence_interval":{"confidence_level":0.95,"lower_bound":602.6105028294128,"upper_bound":1136.232871868292},"point_estimate":869.8466565083374,"standard_error":140.34527667138286},"Slope":{"confidence_interval":{"confidence_level":0.95,"lower_bound":146328.86703007546,"upper_bound":146806.99934841943},"point_estimate":146559.59797378033,"standard_error":122.45205917743169},"StdDev":{"confidence_interval":{"confidence_level":0.95,"lower_bound":1297.1747344945045,"upper_bound":2669.6798607607757},"point_estimate":2009.5484692862678,"standard_error":354.1287446807806}}