{"Mean":{"confidence_interval":{"confidence_level":0.95,"lower_bound":575540.0148423457,"upper_bound":575781.4445696676},"point_estimate":575656.1271873921,"standard_error":61.81229074844376},"Median":{"confidence_interval":{"confidence_level":0.95,"lower_bound":575521.9927960928,"upper_bound":575683.7920649144},"point_estimate":575595.5245894555,"standard_error":46.21389671194561},"MedianAbsDev":{"confidence_interval":{"confidence_level":0.95,"lower_bound":283.83513142465455,"upper_bound":469.8726726902918},"point_estimate":348.65528585561725,"standard_error":45.9956994078993},"Slope":{"confidence_interval":{"confidence_level":0.95,"lower_bound":575439.3232907604,"upper_bound":575573.661483001},"point_estimate":575505.959385252,"standard_error":34.27960480080632},"StdDev":{"confidence_interval":{"confidence_level":0.95,"lower_bound":442.3532357714243,"upper_bound":783.1431569633836},"point_estimate":620.9870156779746,"standard_error":87.29462894715995}}