{"Mean":{"confidence_interval":{"confidence_level":0.95,"lower_bound":575033.4156205464,"upper_bound":575905.1837576419},"point_estimate":575359.4584079384,"standard_error":239.83938066818976},"Median":{"confidence_interval":{"confidence_level":0.95,"lower_bound":574953.4327651516,"upper_bound":575103.8373842593},"point_estimate":575027.4202961673,"standard_error":37.70778792593158},"MedianAbsDev":{"confidence_interval":{"confidence_level":0.95,"lower_bound":207.23457335001441,"upper_bound":350.8376278904443},"point_estimate":289.7122107985482,"standard_error":36.80642148925897},"Slope":{"confidence_interval":{"confidence_level":0.95,"lower_bound":574979.4165701104,"upper_bound":575167.6833904163},"point_estimate":575062.1721560514,"standard_error":48.33647342818526},"StdDev":{"confidence_interval":{"confidence_level":0.95,"lower_bound":410.2536745635872,"upper_bound":4048.0158500026732},"point_estimate":2408.4713048130566,"standard_error":1202.2721677138932}}