{"Mean":{"confidence_interval":{"confidence_level":0.95,"lower_bound":15871.814868266432,"upper_bound":15883.35598000881},"point_estimate":15876.810789496081,"standard_error":2.967754482345797},"Median":{"confidence_interval":{"confidence_level":0.95,"lower_bound":15869.1944971537,"upper_bound":15872.124609781478},"point_estimate":15870.409329633716,"standard_error":0.8406019930870471},"MedianAbsDev":{"confidence_interval":{"confidence_level":0.95,"lower_bound":4.7823854741936795,"upper_bound":8.101878123539159},"point_estimate":6.10011424455176,"standard_error":0.8630491385735665},"Slope":{"confidence_interval":{"confidence_level":0.95,"lower_bound":15868.83896235109,"upper_bound":15870.988140589592},"point_estimate":15869.885156189668,"standard_error":0.5469123443776288},"StdDev":{"confidence_interval":{"confidence_level":0.95,"lower_bound":9.932074993924541,"upper_bound":44.54920591659092},"point_estimate":29.75936259468337,"standard_error":8.805491206800907}}