{"Mean":{"confidence_interval":{"confidence_level":0.95,"lower_bound":193755.13831071963,"upper_bound":195062.20867948845},"point_estimate":194345.40617686592,"standard_error":335.43259088617884},"Median":{"confidence_interval":{"confidence_level":0.95,"lower_bound":193135.140726626,"upper_bound":193296.42924051615},"point_estimate":193203.89576310862,"standard_error":45.826167890022916},"MedianAbsDev":{"confidence_interval":{"confidence_level":0.95,"lower_bound":241.43542325953896,"upper_bound":472.7508427134247},"point_estimate":346.53991631391153,"standard_error":59.92991996059636},"Slope":{"confidence_interval":{"confidence_level":0.95,"lower_bound":193556.7478558869,"upper_bound":194682.56643327393},"point_estimate":194075.8689035023,"standard_error":288.9782215212629},"StdDev":{"confidence_interval":{"confidence_level":0.95,"lower_bound":1848.5738782331425,"upper_bound":4801.007330521365},"point_estimate":3384.213750406795,"standard_error":776.9654916822384}}