{"Mean":{"confidence_interval":{"confidence_level":0.95,"lower_bound":26435498.683452472,"upper_bound":26445503.28011436},"point_estimate":26440616.59728444,"standard_error":2538.9136301783637},"Median":{"confidence_interval":{"confidence_level":0.95,"lower_bound":26437169.70104167,"upper_bound":26444595.944444444},"point_estimate":26440011.245543674,"standard_error":1797.139328356477},"MedianAbsDev":{"confidence_interval":{"confidence_level":0.95,"lower_bound":11781.646379059946,"upper_bound":18449.013414473215},"point_estimate":15983.402027537306,"standard_error":1667.6608553504518},"Slope":{"confidence_interval":{"confidence_level":0.95,"lower_bound":26437221.3685554,"upper_bound":26442576.235768277},"point_estimate":26439863.991204374,"standard_error":1368.6702827469176},"StdDev":{"confidence_interval":{"confidence_level":0.95,"lower_bound":14121.05202564253,"upper_bound":35995.12065198764},"point_estimate":25528.691581813026,"standard_error":5672.515406855989}}