{"Mean":{"confidence_interval":{"confidence_level":0.95,"lower_bound":27077380.633105513,"upper_bound":27403764.52148298},"point_estimate":27240578.257736944,"standard_error":82334.21497568878},"Median":{"confidence_interval":{"confidence_level":0.95,"lower_bound":26459268.47826087,"upper_bound":28066644.964285713},"point_estimate":26514122.815789476,"standard_error":714091.9907709158},"MedianAbsDev":{"confidence_interval":{"confidence_level":0.95,"lower_bound":49086.30997769958,"upper_bound":1223220.0549065992},"point_estimate":140310.68637126056,"standard_error":291788.5314530414},"Slope":{"confidence_interval":{"confidence_level":0.95,"lower_bound":27751445.32043027,"upper_bound":27944665.268682703},"point_estimate":27862009.73325846,"standard_error":49367.8852469351},"StdDev":{"confidence_interval":{"confidence_level":0.95,"lower_bound":802838.7912630262,"upper_bound":831076.9887744721},"point_estimate":826728.7065435669,"standard_error":7300.728592670603}}