{"Mean":{"confidence_interval":{"confidence_level":0.95,"lower_bound":2095.896853429853,"upper_bound":2099.915853824995},"point_estimate":2097.406639159619,"standard_error":1.1041151823630375},"Median":{"confidence_interval":{"confidence_level":0.95,"lower_bound":2095.787311102785,"upper_bound":2096.4010464058233},"point_estimate":2096.0750138833864,"standard_error":0.18599982648756125},"MedianAbsDev":{"confidence_interval":{"confidence_level":0.95,"lower_bound":1.0958189074690987,"upper_bound":2.0114779048411813},"point_estimate":1.5845828979136587,"standard_error":0.2366063017261079},"Slope":{"confidence_interval":{"confidence_level":0.95,"lower_bound":2095.858449984649,"upper_bound":2096.582010253992},"point_estimate":2096.1957083787092,"standard_error":0.18499788307991782},"StdDev":{"confidence_interval":{"confidence_level":0.95,"lower_bound":2.2013944860910137,"upper_bound":18.663895664174703},"point_estimate":11.125332197992249,"standard_error":5.513431740646833}}