{"Mean":{"confidence_interval":{"confidence_level":0.95,"lower_bound":1927.2545956593274,"upper_bound":1928.95498581054},"point_estimate":1928.020369893648,"standard_error":0.4357334975729044},"Median":{"confidence_interval":{"confidence_level":0.95,"lower_bound":1926.9539706829896,"upper_bound":1927.4416341145834},"point_estimate":1927.1471897793008,"standard_error":0.1369283404962989},"MedianAbsDev":{"confidence_interval":{"confidence_level":0.95,"lower_bound":0.9948968925169323,"upper_bound":2.059179004908585},"point_estimate":1.4124053644083554,"standard_error":0.2773177319861031},"Slope":{"confidence_interval":{"confidence_level":0.95,"lower_bound":1927.279022582381,"upper_bound":1928.1226876936364},"point_estimate":1927.6850688890017,"standard_error":0.2153342734510784},"StdDev":{"confidence_interval":{"confidence_level":0.95,"lower_bound":2.471381223005481,"upper_bound":6.378506236739334},"point_estimate":4.378736648035259,"standard_error":1.1131580524365714}}