{"Mean":{"confidence_interval":{"confidence_level":0.95,"lower_bound":287119.9391424448,"upper_bound":287265.9931895155},"point_estimate":287185.12447978655,"standard_error":37.421120308606206},"Median":{"confidence_interval":{"confidence_level":0.95,"lower_bound":287092.2795995671,"upper_bound":287145.5286458333},"point_estimate":287115.8183760684,"standard_error":15.061884002687012},"MedianAbsDev":{"confidence_interval":{"confidence_level":0.95,"lower_bound":91.96782987045323,"upper_bound":154.9725925729706},"point_estimate":121.5018149800317,"standard_error":17.245445244860264},"Slope":{"confidence_interval":{"confidence_level":0.95,"lower_bound":287091.3566562308,"upper_bound":287184.9810172479},"point_estimate":287132.96340697503,"standard_error":24.06548804775764},"StdDev":{"confidence_interval":{"confidence_level":0.95,"lower_bound":164.5624533420045,"upper_bound":541.3220133098214},"point_estimate":375.480746698352,"standard_error":97.33551178426973}}