{"Mean":{"confidence_interval":{"confidence_level":0.95,"lower_bound":79882.40283083223,"upper_bound":79967.33110704957},"point_estimate":79921.6902897364,"standard_error":21.745930169913848},"Median":{"confidence_interval":{"confidence_level":0.95,"lower_bound":79840.42600317209,"upper_bound":79877.02108448927},"point_estimate":79858.83624554609,"standard_error":8.610903484502412},"MedianAbsDev":{"confidence_interval":{"confidence_level":0.95,"lower_bound":51.95857815056619,"upper_bound":95.74635882142174},"point_estimate":72.31951602376093,"standard_error":11.72668962572937},"Slope":{"confidence_interval":{"confidence_level":0.95,"lower_bound":79866.02387578004,"upper_bound":79902.83178615752},"point_estimate":79884.01704334383,"standard_error":9.412339782396899},"StdDev":{"confidence_interval":{"confidence_level":0.95,"lower_bound":135.7304103242479,"upper_bound":289.6515503411011},"point_estimate":219.80716121459568,"standard_error":39.13076733341838}}