{"Mean":{"confidence_interval":{"confidence_level":0.95,"lower_bound":1749.8887789826929,"upper_bound":1752.4942308727916},"point_estimate":1750.8560898126175,"standard_error":0.722264052146518},"Median":{"confidence_interval":{"confidence_level":0.95,"lower_bound":1749.5667118110086,"upper_bound":1750.0063130697606},"point_estimate":1749.7397333152676,"standard_error":0.11138104726765188},"MedianAbsDev":{"confidence_interval":{"confidence_level":0.95,"lower_bound":0.47560878706673765,"upper_bound":0.881960481967806},"point_estimate":0.6341726097024265,"standard_error":0.09839425869818015},"Slope":{"confidence_interval":{"confidence_level":0.95,"lower_bound":1749.6077775362905,"upper_bound":1749.8503321200906},"point_estimate":1749.724045133201,"standard_error":0.061849966514679756},"StdDev":{"confidence_interval":{"confidence_level":0.95,"lower_bound":0.9955946207368498,"upper_bound":12.222341618219557},"point_estimate":7.2623987897004305,"standard_error":3.653029805248475}}