{"Mean":{"confidence_interval":{"confidence_level":0.95,"lower_bound":13947448.977919733,"upper_bound":13957467.72171223},"point_estimate":13951822.871802721,"standard_error":2573.802050488494},"Median":{"confidence_interval":{"confidence_level":0.95,"lower_bound":13944837.949891068,"upper_bound":13947809.288888888},"point_estimate":13946215.302945204,"standard_error":765.5079473986683},"MedianAbsDev":{"confidence_interval":{"confidence_level":0.95,"lower_bound":5084.191545571749,"upper_bound":9447.41224022927},"point_estimate":6759.1072593121735,"standard_error":1115.4402796883742},"Slope":{"confidence_interval":{"confidence_level":0.95,"lower_bound":13943618.886322634,"upper_bound":13946005.293876586},"point_estimate":13944809.95925521,"standard_error":608.0100949617747},"StdDev":{"confidence_interval":{"confidence_level":0.95,"lower_bound":9875.745334751236,"upper_bound":38235.922984419616},"point_estimate":25822.663554251903,"standard_error":7445.931949801621}}