{"Mean":{"confidence_interval":{"confidence_level":0.95,"lower_bound":10091.627982434195,"upper_bound":10099.352747483308},"point_estimate":10094.929341353109,"standard_error":2.0013932922170583},"Median":{"confidence_interval":{"confidence_level":0.95,"lower_bound":10089.210168277838,"upper_bound":10092.189819109462},"point_estimate":10090.632955802115,"standard_error":0.7582410615224402},"MedianAbsDev":{"confidence_interval":{"confidence_level":0.95,"lower_bound":2.895176275129501,"upper_bound":5.3224082192575946},"point_estimate":3.983568071184953,"standard_error":0.6133835209467443},"Slope":{"confidence_interval":{"confidence_level":0.95,"lower_bound":10089.877155833316,"upper_bound":10091.524683217543},"point_estimate":10090.674444106,"standard_error":0.421534678587281},"StdDev":{"confidence_interval":{"confidence_level":0.95,"lower_bound":6.1529429128484,"upper_bound":31.568544761328585},"point_estimate":20.277423162636588,"standard_error":6.8456394781536405}}