{"Mean":{"confidence_interval":{"confidence_level":0.95,"lower_bound":224540.1663119251,"upper_bound":224965.24209526827},"point_estimate":224716.03281877562,"standard_error":111.06090186697672},"Median":{"confidence_interval":{"confidence_level":0.95,"lower_bound":224444.39545454545,"upper_bound":224520.23697705803},"point_estimate":224472.96792682927,"standard_error":21.172923175968098},"MedianAbsDev":{"confidence_interval":{"confidence_level":0.95,"lower_bound":104.71081139726041,"upper_bound":207.8012139123145},"point_estimate":130.0178478160345,"standard_error":27.20175438224993},"Slope":{"confidence_interval":{"confidence_level":0.95,"lower_bound":224466.81481488867,"upper_bound":224543.92392181078},"point_estimate":224502.6886549431,"standard_error":19.675644087752673},"StdDev":{"confidence_interval":{"confidence_level":0.95,"lower_bound":333.6669503027457,"upper_bound":1779.5825858385133},"point_estimate":1116.7677040822286,"standard_error":413.5094722099031}}