{"Mean":{"confidence_interval":{"confidence_level":0.95,"lower_bound":29456.700594305017,"upper_bound":29468.06705742962},"point_estimate":29462.175931294452,"standard_error":2.898398486391638},"Median":{"confidence_interval":{"confidence_level":0.95,"lower_bound":29447.098781376775,"upper_bound":29460.120044122952},"point_estimate":29452.458882525614,"standard_error":3.194898265099928},"MedianAbsDev":{"confidence_interval":{"confidence_level":0.95,"lower_bound":14.440298629658729,"upper_bound":30.870118951319085},"point_estimate":22.93482174077672,"standard_error":4.209868181018019},"Slope":{"confidence_interval":{"confidence_level":0.95,"lower_bound":29446.590237798642,"upper_bound":29454.301464815333},"point_estimate":29450.210540251566,"standard_error":1.968400556138769},"StdDev":{"confidence_interval":{"confidence_level":0.95,"lower_bound":23.427069266960476,"upper_bound":35.38349254934425},"point_estimate":29.226911923466318,"standard_error":3.1088693098066607}}