{"Mean":{"confidence_interval":{"confidence_level":0.95,"lower_bound":1838.8890501491703,"upper_bound":1840.5833844867127},"point_estimate":1839.6142967983335,"standard_error":0.43754290769131504},"Median":{"confidence_interval":{"confidence_level":0.95,"lower_bound":1838.5426487348986,"upper_bound":1838.7753106706377},"point_estimate":1838.6183066681026,"standard_error":0.05411620707958231},"MedianAbsDev":{"confidence_interval":{"confidence_level":0.95,"lower_bound":0.41523813065820603,"upper_bound":0.775924232130967},"point_estimate":0.5859276790740732,"standard_error":0.0858680307454704},"Slope":{"confidence_interval":{"confidence_level":0.95,"lower_bound":1838.6079644057775,"upper_bound":1838.8836893027399},"point_estimate":1838.738454975976,"standard_error":0.07040482776860893},"StdDev":{"confidence_interval":{"confidence_level":0.95,"lower_bound":1.2632188764454906,"upper_bound":6.782534238890668},"point_estimate":4.38860992226567,"standard_error":1.405095863671877}}